location,severity_rating5_4,severity_rating5_5,intersection_N,intersection_Y,alcohol_involved_N,alcohol_involved_Y,hazmat_involved_N,hazmat_involved_Y,hs_collision_type_1,hs_collision_type_2,hs_collision_type_3,hs_collision_type_4,hs_collision_type_5,hs_collision_type_6,hs_collision_type_7,hs_collision_type_8,hs_collision_type_9,crash_type_1.0,crash_type_2.0,crash_type_3.0,crash_type_4.0,crash_type_5.0,crash_type_6.0,crash_type_7.0,crash_type_8.0,crash_type_9.0,crash_type_10.0,crash_type_11.0,crash_type_12.0,crash_type_13.0,crash_type_14.0,crash_type_15.0,crash_type_16.0,crash_type_99.0,road_sys_code_0,road_sys_code_1,road_sys_code_2,road_sys_code_3,road_sys_code_4,road_sys_code_5,road_sys_code_6,road_sys_code_7,road_sys_code_8,road_sys_code_9,road_sys_code_10,road_horiz_align_code_0.0,road_horiz_align_code_1.0,road_horiz_align_code_2.0,road_horiz_align_code_3.0,road_grade_code_0.0,road_grade_code_4.0,road_grade_code_5.0,road_grade_code_6.0,road_grade_code_7.0,road_grade_code_8.0,road_surf_code_0.0,road_surf_code_1.0,road_surf_code_2.0,road_surf_code_3.0,road_surf_code_5.0,road_surf_code_99.0,surf_cond_code_0.0,surf_cond_code_1.0,surf_cond_code_2.0,surf_cond_code_3.0,surf_cond_code_4.0,surf_cond_code_5.0,surf_cond_code_6.0,surf_cond_code_7.0,surf_cond_code_9.0,surf_cond_code_99.0,light_cond_code_0.0,light_cond_code_1.0,light_cond_code_2.0,light_cond_code_3.0,light_cond_code_4.0,light_cond_code_5.0,light_cond_code_6.0,light_cond_code_7.0,environ_cond_code_0.0,environ_cond_code_1.0,environ_cond_code_2.0,environ_cond_code_3.0,environ_cond_code_4.0,environ_cond_code_5.0,environ_cond_code_6.0,environ_cond_code_7.0,environ_cond_code_8.0,environ_cond_code_9.0,environ_cond_code_10.0,environ_cond_code_99.0,road_median_code_0.0,road_median_code_1.0,road_median_code_2.0,road_median_code_3.0,road_median_code_4.0,road_median_code_5.0,road_median_code_99.0,temp_traffic_zone_0.0,temp_traffic_zone_1.0,temp_traffic_zone_2.0,temp_traffic_zone_3.0,temp_traffic_zone_4.0,temp_traffic_zone_5.0,posted_speed_0.0,posted_speed_2.0,posted_speed_3.0,posted_speed_4.0,posted_speed_5.0,posted_speed_10.0,posted_speed_15.0,posted_speed_20.0,posted_speed_25.0,posted_speed_26.0,posted_speed_28.0,posted_speed_30.0,posted_speed_35.0,posted_speed_36.0,posted_speed_40.0,posted_speed_45.0,posted_speed_47.0,posted_speed_50.0,posted_speed_55.0,posted_speed_56.0,posted_speed_60.0,posted_speed_65.0,first_harmful_event_0.0,first_harmful_event_1.0,first_harmful_event_2.0,first_harmful_event_3.0,first_harmful_event_5.0,first_harmful_event_6.0,first_harmful_event_7.0,first_harmful_event_9.0,first_harmful_event_11.0,first_harmful_event_12.0,first_harmful_event_13.0,first_harmful_event_14.0,first_harmful_event_19.0,first_harmful_event_21.0,first_harmful_event_22.0,first_harmful_event_23.0,first_harmful_event_24.0,first_harmful_event_26.0,first_harmful_event_27.0,first_harmful_event_28.0,first_harmful_event_29.0,first_harmful_event_30.0,first_harmful_event_39.0,first_harmful_event_41.0,first_harmful_event_42.0,first_harmful_event_43.0,first_harmful_event_44.0,first_harmful_event_45.0,first_harmful_event_46.0,first_harmful_event_47.0,first_harmful_event_48.0,first_harmful_event_49.0,first_harmful_event_50.0,first_harmful_event_51.0,first_harmful_event_52.0,first_harmful_event_53.0,first_harmful_event_54.0,first_harmful_event_55.0,first_harmful_event_56.0,first_harmful_event_57.0,first_harmful_event_58.0,first_harmful_event_59.0,first_harmful_event_60.0,first_harmful_event_61.0,first_harmful_event_62.0,first_harmful_event_69.0,first_harmful_event_99.0,flg_cell_in_use_N,flg_cell_in_use_Y
ATLANTIC-LONGPORT BORO,0.0078125,0.0,0.008928571428571428,0.0,0.0058823529411764705,0.0,0.0,0.0,0.015151515151515152,0.0,0.0,0.0,0.0,0.0,0.0,0.0,0.0,0.0,0.0,0.0,0.0,0.0,0.0,0.0,0.0,0.0,0.0,0.0,0.0,0.014925373134328358,0.0,0.0,0.0,0.0,0.0,0.0,0.0,0.0,0.0,0.0,0.0,0.009900990099009901,0.0,0.0,0.0,0.0,0.006060606060606061,0.0,0.0,0.0,0.006493506493506494,0.0,0.0,0.0,0.0,0.0,0.0,0.00558659217877095,0.0,0.0,0.0,0.0,0.006097560975609756,0.0,0.0,0.0,0.0,0.0,0.0,0.0,0.0,0.0,0.011363636363636364,0.0,0.0,0.0,0.0,0.0,0.0,0.0,0.006134969325153374,0.0,0.0,0.0,0.0,0.0,0.0,0.0,0.0,0.0,0.0,0.0,0.0,0.0,0.0,0.0,0.011494252873563218,0.0,0.0,0.0055248618784530384,0.0,0.0,0.0,0.0,0.0,0.0,0.0,0.0,0.0,0.0,0.0,0.0,0.0072992700729927005,0.0,0.0,0.0,0.0,0.0,0.0,0.0,0.0,0.0,0.0,0.0,0.0,0.0,0.0,0.0,0.0,0.0,0.0,0.0,0.0,0.0,0.0,0.0,0.0,0.0,0.0,0.0,0.015873015873015872,0.0,0.0,0.0,0.0,0.0,0.0,0.0,0.0,0.0,0.0,0.0,0.0,0.0,0.0,0.0,0.0,0.0,0.0,0.0,0.0,0.0,0.0,0.0,0.0,0.0,0.0,0.0,0.0,0.0,0.0,0.0,0.0,0.0,0.0
ATLANTIC-MARGATE CITY,0.015625,0.0,0.017857142857142856,0.0,0.011764705882352941,0.0,0.0053475935828877,0.0,0.0,0.031746031746031744,0.0,0.0,0.0,0.0,0.0,0.0,0.0,0.0,0.0,0.0,0.0,0.0,0.13333333333333333,0.0,0.0,0.0,0.0,0.0,0.0,0.0,0.0,0.0,0.0,0.0,0.0,0.0,0.0,0.0,0.0,0.0,0.0,0.019801980198019802,0.0,0.0,0.0,0.0,0.012121212121212121,0.0,0.0,0.0,0.012987012987012988,0.0,0.0,0.0,0.0,0.0,0.0,0.0111731843575419,0.0,0.0,0.0,0.0,0.006097560975609756,0.043478260869565216,0.0,0.0,0.0,0.0,0.0,0.0,0.0,0.0,0.022727272727272728,0.0,0.0,0.0,0.0,0.0,0.0,0.0,0.006134969325153374,0.0625,0.0,0.0,0.0,0.0,0.0,0.0,0.0,0.0,0.0,0.0,0.0,0.0,0.0,0.0,0.022988505747126436,0.0,0.0,0.011049723756906077,0.0,0.0,0.0,0.0,0.0,0.0,0.0,0.0,0.0,0.0,0.0,0.0,0.014598540145985401,0.0,0.0,0.0,0.0,0.0,0.0,0.0,0.0,0.0,0.0,0.0,0.0,0.0,0.0,0.0,0.0,0.0,0.0,0.0,0.0,0.0,0.0,0.0,0.0,0.0,0.0,0.0,0.0,0.0,0.0,0.014084507042253521,0.0,0.125,0.0,0.0,0.0,0.0,0.0,0.0,0.0,0.0,0.0,0.0,0.0,0.0,0.0,0.0,0.0,0.0,0.0,0.0,0.0,0.0,0.0,0.0,0.0,0.0,0.0,0.0,0.0,0.005405405405405406,0.0
ATLANTIC-MULLICA TWP,0.046875,0.15,0.08928571428571427,0.06578947368421052,0.08235294117647059,0.045454545454545456,0.07486631016042782,0.0,0.015151515151515152,0.047619047619047616,0.1111111111111111,0.24324324324324326,0.0,0.0,0.03225806451612903,0.0,0.0,0.0,0.14285714285714285,0.16666666666666666,0.0,0.0,0.0,0.0,0.0,0.0,0.1111111111111111,0.16666666666666666,0.0,0.014925373134328358,0.0,0.0,0.0,0.2,0.0,0.0,0.08695652173913043,0.0,0.0,0.12962962962962962,0.0,0.019801980198019802,1.0,0.25,0.0,0.1111111111111111,0.07272727272727272,0.2,0.0,0.05,0.09090909090909091,0.0,0.0,0.0,0.0,0.0,0.0,0.0782122905027933,0.5,0.0,0.0,1.0,0.06097560975609756,0.13043478260869565,0.3333333333333333,0.0,0.0,0.0,0.0,0.0,0.0,0.0,0.10227272727272728,0.2,0.25,0.0,0.125,0.0,0.07142857142857142,0.0,0.0736196319018405,0.0,0.5,0.0,0.11764705882352941,0.0,0.0,0.0,0.0,0.0,0.0,0.0,0.0,0.0,0.0625,0.08771929824561403,0.10344827586206896,0.0,0.0,0.08287292817679558,0.0,0.0,0.0,0.0,0.0,0.0,0.0,0.0,0.0,0.0,0.3333333333333333,0.0,0.0,0.0,0.0,0.0,0.0,0.0,0.03571428571428571,0.2962962962962963,0.0,0.0851063829787234,0.041666666666666664,0.0,0.0,0.0,0.0,0.0,0.0,0.0,0.3333333333333333,0.0,0.1111111111111111,0.0,0.5,0.0,0.0,0.0,1.0,0.0,0.015873015873015872,0.0,0.0,0.07042253521126761,0.0,0.0,0.0,0.0,0.0,0.0,0.0,0.0,0.0,0.0,0.25,0.0,0.0,0.0,0.0,0.0,0.0,0.0,0.0,0.0,0.0,0.0,0.5,0.0,0.16666666666666666,0.0,0.0,0.0,0.0,0.07567567567567568,0.0
ATLANTIC-NORTHFIELD CITY,0.0234375,0.016666666666666666,0.017857142857142856,0.02631578947368421,0.023529411764705882,0.0,0.0160427807486631,0.0,0.015151515151515152,0.031746031746031744,0.0,0.0,0.14285714285714285,0.0,0.0,0.0,0.0,0.11764705882352941,0.0,0.0,0.0,0.0,0.0,0.0,0.0,0.0,0.0,0.0,0.0,0.014925373134328358,0.125,0.0,0.0,0.0,0.0,0.0,0.021739130434782608,0.0,0.0,0.05555555555555555,0.0,0.0,0.0,0.0,0.0,0.0,0.024242424242424242,0.0,0.0,0.0,0.025974025974025976,0.0,0.0,0.0,0.0,0.0,0.0,0.0223463687150838,0.0,0.0,0.0,0.0,0.024390243902439025,0.0,0.0,0.0,0.0,0.0,0.0,0.0,0.0,0.0,0.03409090909090909,0.0,0.0,0.125,0.0,0.0,0.0,0.0,0.024539877300613498,0.0,0.0,0.0,0.0,0.0,0.0,0.0,0.0,0.0,0.0,0.0,0.0,0.05,0.0,0.0,0.034482758620689655,0.0,0.0,0.022099447513812154,0.0,0.0,0.0,0.0,0.0,0.0,0.0,0.0,0.0,0.0,0.0,0.0,0.0,0.0,0.0,0.0,0.18181818181818182,0.0,0.0,0.0,0.0,0.0,0.0,0.0,0.0,0.0,0.0,0.0,0.0,0.0,0.0,0.0,0.0,0.0,0.0,0.0,0.0,0.0,0.0,0.16666666666666666,0.015873015873015872,0.0,0.0,0.028169014084507043,0.0,0.0,0.0,0.0,0.0,0.0,0.0,0.0,0.0,0.0,0.0,0.0,0.0,0.0,0.0,0.0,0.0,0.0,0.0,0.0,0.0,0.0,0.0,0.0,0.0,0.0,0.0,0.0,0.0,0.016216216216216217,0.0
ATLANTIC-PLEASANTVILLE CITY,0.0703125,0.18333333333333332,0.11607142857142856,0.09210526315789473,0.08235294117647059,0.2727272727272727,0.10160427807486631,0.0,0.10606060606060606,0.031746031746031744,0.0,0.05405405405405406,1.0,0.0,0.06451612903225806,0.0,0.0,0.058823529411764705,0.0,0.041666666666666664,0.06666666666666667,0.0,0.0,0.0,0.0,0.0,0.0,0.08333333333333333,0.0,0.1044776119402985,0.875,0.0,0.0,0.0,0.0,0.0,0.15217391304347827,0.06896551724137931,0.0,0.12962962962962962,0.0,0.039603960396039604,0.0,0.0,0.0,0.0,0.12121212121212122,0.0,0.0,0.05,0.12337662337662339,0.0,0.0,0.0,0.0,0.0,0.0,0.111731843575419,0.0,0.0,0.0,0.0,0.09146341463414634,0.21739130434782608,0.0,0.0,0.0,0.0,0.0,0.0,0.0,0.0,0.05681818181818182,0.2,0.75,0.0,0.0625,0.11940298507462686,0.07142857142857142,0.0,0.09202453987730061,0.1875,0.0,0.0,0.11764705882352941,0.0,0.0,0.0,0.0,0.0,0.0,0.0,0.05,0.2,0.0,0.03508771929824561,0.13793103448275862,0.0,0.0,0.10497237569060773,0.3333333333333333,0.0,0.0,0.0,0.0,0.0,0.0,0.0,0.0,0.0,0.0,0.0,0.051094890510948905,0.0,0.0,0.125,0.2272727272727273,0.0,0.17857142857142855,0.0,0.0,0.0,0.0,0.0,0.0,0.1,0.0,0.0,0.0,0.0,0.0,0.2222222222222222,0.0,0.0,0.0,0.0,0.0,0.0,0.0,1.0,0.1111111111111111,0.0,0.0,0.056338028169014086,0.0,0.0,0.0,0.0,0.0,0.0,0.0,0.0,0.0,0.0,0.0,0.0,0.0,0.0,0.0,0.0,0.0,0.0,0.5,0.0,0.0,0.0,0.0,0.0,0.0,0.0,0.0,0.0,0.0,0.10270270270270271,0.0
ATLANTIC-PORT REPUBLIC CITY,0.0234375,0.03333333333333333,0.04464285714285714,0.0,0.01764705882352941,0.09090909090909091,0.0213903743315508,0.0,0.0,0.0,0.0,0.10810810810810811,0.0,0.0,0.03225806451612903,0.0,0.0,0.0,0.0,0.0,0.0,0.0,0.0,0.0,0.0,0.0,0.0,0.1388888888888889,0.0,0.0,0.0,0.0,0.0,0.0,0.0,0.0,0.0,0.1724137931034483,0.0,0.0,0.0,0.0,0.0,0.0,0.0,0.1111111111111111,0.012121212121212121,0.2,0.0,0.05,0.025974025974025976,0.0,0.0,0.0,0.0,0.0,0.0,0.02793296089385475,0.0,0.0,0.0,0.0,0.024390243902439025,0.043478260869565216,0.0,0.0,0.0,0.0,0.0,0.0,0.0,0.0,0.022727272727272728,0.0,0.0,0.0,0.125,0.014925373134328358,0.0,0.0,0.03067484662576687,0.0,0.0,0.0,0.0,0.0,0.0,0.0,0.0,0.0,0.0,0.0,0.07500000000000001,0.0,0.125,0.0,0.0,0.0,0.0,0.016574585635359115,0.6666666666666666,0.0,0.0,0.0,0.0,0.0,0.0,0.0,0.0,0.0,0.0,0.0,0.0,0.0,0.0,0.0,0.0,0.0,0.0,0.07407407407407407,0.0,0.0,0.0,0.0,0.0,0.15000000000000002,0.0,0.0,0.0,0.0,0.3333333333333333,0.0,0.0,0.0,0.0,0.0,0.0,0.0,0.0,0.0,0.0,0.0,0.0,0.0,0.0,0.0,0.0,0.0,0.0,0.0,0.0,0.0,0.0,0.0,0.25,0.0,0.0,0.0,0.0,0.0,0.0,0.0,0.0,0.0,0.0,0.0,0.0,0.0,0.16666666666666666,0.0,0.0,0.0,0.0,0.021621621621621623,0.0
ATLANTIC-SOMERS POINT CITY,0.03125,0.016666666666666666,0.026785714285714284,0.02631578947368421,0.023529411764705882,0.045454545454545456,0.0213903743315508,0.0,0.06060606060606061,0.0,0.0,0.0,0.0,0.0,0.03225806451612903,0.0,0.0,0.0,0.0,0.0,0.0,0.0,0.06666666666666667,0.0,0.0,0.0,0.0,0.0,0.0,0.05970149253731343,0.0,0.0,0.0,0.0,0.0,0.0,0.043478260869565216,0.0,0.0,0.037037037037037035,0.0,0.009900990099009901,0.0,0.0,0.0,0.0,0.030303030303030304,0.0,0.0,0.0,0.025974025974025976,0.0,0.25,0.0,0.0,0.0,0.0,0.02793296089385475,0.0,0.0,0.0,0.0,0.024390243902439025,0.0,0.3333333333333333,0.0,0.0,0.0,0.0,0.0,0.0,0.0,0.011363636363636364,0.0,0.0,0.0,0.0,0.029850746268656716,0.07142857142857142,0.0,0.024539877300613498,0.0,0.5,0.0,0.0,0.0,0.0,0.0,0.0,0.0,0.0,0.0,0.0,0.0,0.0,0.017543859649122806,0.04597701149425287,0.0,0.0,0.027624309392265192,0.0,0.0,0.0,0.0,0.0,0.0,0.0,0.0,0.0,0.0,0.0,0.0,0.0072992700729927005,0.0,0.0,0.125,0.0,0.0,0.07142857142857142,0.037037037037037035,0.0,0.0,0.0,0.0,0.0,0.0,0.0,0.0,0.0,0.0,0.0,0.0,0.0,0.0,0.0,0.0,0.0,0.0,0.0,0.0,0.06349206349206349,0.0,0.0,0.0,0.0,0.0,0.0,0.0,0.0,0.0,0.0,0.0,0.0,0.0,0.0,0.0,0.0,0.0,0.0,0.0,0.0,0.0,0.0,0.0,0.08333333333333333,0.0,0.0,0.0,0.0,0.0,0.0,0.0,0.0,0.021621621621621623,0.0
ATLANTIC-VENTNOR CITY,0.0390625,0.016666666666666666,0.03571428571428571,0.02631578947368421,0.03529411764705882,0.0,0.0267379679144385,0.0,0.045454545454545456,0.031746031746031744,0.0,0.0,0.0,0.0,0.03225806451612903,0.0,0.0,0.0,0.0,0.041666666666666664,0.06666666666666667,0.0,0.06666666666666667,0.0,0.0,0.0,0.0,0.0,0.0,0.04477611940298507,0.0,0.0,0.0,0.0,0.0,0.0,0.0,0.0,0.0,0.018518518518518517,0.0,0.04950495049504951,0.0,0.0,0.0,0.0,0.03636363636363636,0.0,0.0,0.0,0.03896103896103896,0.0,0.0,0.0,0.0,0.0,0.0,0.0335195530726257,0.0,0.0,0.0,0.0,0.03048780487804878,0.043478260869565216,0.0,0.0,0.0,0.0,0.0,0.0,0.0,0.0,0.045454545454545456,0.0,0.0,0.0,0.0,0.029850746268656716,0.0,0.0,0.03067484662576687,0.0625,0.0,0.0,0.0,0.0,0.0,0.0,0.0,0.0,0.0,0.0,0.0,0.0,0.0,0.0,0.06896551724137931,0.0,0.0,0.03314917127071823,0.0,0.0,0.0,0.0,0.0,0.0,0.0,0.0,0.0,0.0,0.0,0.0,0.029197080291970802,0.0,0.0,0.0,0.09090909090909091,0.0,0.0,0.0,0.0,0.0,0.0,0.0,0.0,0.0,0.0,0.0,0.0,0.0,0.0,0.0,0.0,0.0,0.0,0.0,0.0,0.0,0.0,0.0,0.047619047619047616,0.0,0.0,0.028169014084507043,0.0,0.125,0.0,0.0,0.0,0.0,0.0,0.0,0.0,0.0,0.0,0.0,0.0,0.0,0.0,0.0,0.0,0.0,0.0,0.0,0.0,0.0,0.0,0.0,0.0,0.0,0.0,0.0,0.0,0.02702702702702703,0.0
ATLANTIC-WEYMOUTH TWP,0.03125,0.0,0.026785714285714284,0.013157894736842105,0.023529411764705882,0.0,0.0160427807486631,0.0,0.015151515151515152,0.0,0.0,0.08108108108108109,0.0,0.0,0.0,0.0,0.0,0.0,0.0,0.041666666666666664,0.0,0.0,0.0,0.08333333333333333,0.0,0.0,0.0,0.027777777777777776,0.0,0.014925373134328358,0.0,0.0,0.0,0.0,0.0,0.0,0.021739130434782608,0.0,0.0,0.05555555555555555,0.0,0.0,0.0,0.0,0.0,0.0,0.01818181818181818,0.2,0.0,0.0,0.025974025974025976,0.0,0.0,0.0,0.0,0.0,0.0,0.0223463687150838,0.0,0.0,0.0,0.0,0.01829268292682927,0.043478260869565216,0.0,0.0,0.0,0.0,0.0,0.0,0.0,0.0,0.03409090909090909,0.0,0.0,0.0,0.0625,0.0,0.0,0.0,0.018404907975460124,0.0,0.0,0.5,0.0,0.0,0.0,0.0,0.0,0.0,0.0,0.0,0.0,0.0,0.0,0.0,0.04597701149425287,0.0,0.0,0.022099447513812154,0.0,0.0,0.0,0.0,0.0,0.0,0.0,0.0,0.0,0.0,0.0,0.0,0.0,0.0,0.0,0.0,0.0,0.0,0.0,0.037037037037037035,0.0,0.06382978723404255,0.0,0.0,0.0,0.0,0.0,0.0,0.0,0.0,0.0,0.1111111111111111,0.0,0.0,0.0,0.0,0.0,0.0,0.0,0.0,0.015873015873015872,0.0,0.0,0.028169014084507043,0.0,0.0,0.0,0.0,0.0,0.0,0.0,0.0,0.0,0.0,0.0,0.0,0.0,0.0,0.0,0.0,0.0,0.0,0.0,0.0,0.0,0.0,0.0,0.0,0.0,0.0,0.0,0.0,0.0,0.016216216216216217,0.0
BERGEN-ALLENDALE BORO,0.0078125,0.0,0.0,0.013157894736842105,0.0058823529411764705,0.0,0.0,0.0,0.0,0.015873015873015872,0.0,0.0,0.0,0.0,0.0,0.0,0.0,0.0,0.0,0.041666666666666664,0.0,0.0,0.0,0.0,0.0,0.0,0.0,0.0,0.0,0.0,0.0,0.0,0.0,0.0,0.0,0.0,0.0,0.0,0.0,0.018518518518518517,0.0,0.0,0.0,0.0,0.0,0.0,0.006060606060606061,0.0,0.0,0.0,0.0,0.125,0.0,0.0,0.0,0.0,0.0,0.00558659217877095,0.0,0.0,0.0,0.0,0.006097560975609756,0.0,0.0,0.0,0.0,0.0,0.0,0.0,0.0,0.0,0.011363636363636364,0.0,0.0,0.0,0.0,0.0,0.0,0.0,0.006134969325153374,0.0,0.0,0.0,0.0,0.0,0.0,0.0,0.0,0.0,0.0,0.0,0.0,0.0,0.0,0.017543859649122806,0.0,0.0,0.0,0.0055248618784530384,0.0,0.0,0.0,0.0,0.0,0.0,0.0,0.0,0.0,0.0,0.0,0.0,0.0,0.0,0.0,0.0,0.0,0.0,0.03571428571428571,0.0,0.0,0.0,0.0,0.0,0.0,0.0,0.0,0.0,0.0,0.0,0.0,0.0,0.0,0.0,0.0,0.0,0.0,0.0,0.0,0.0,0.0,0.0,0.0,0.014084507042253521,0.0,0.0,0.0,0.0,0.0,0.0,0.0,0.0,0.0,0.0,0.0,0.0,0.0,0.0,0.0,0.0,0.0,0.0,0.0,0.0,0.0,0.0,0.0,0.0,0.0,0.0,0.0,0.0,0.0,0.0,0.0
BERGEN-ALPINE BORO,0.0,0.016666666666666666,0.008928571428571428,0.0,0.0058823529411764705,0.0,0.0,0.0,0.0,0.0,0.0,0.02702702702702703,0.0,0.0,0.0,0.0,0.0,0.0,0.0,0.0,0.0,0.0,0.0,0.0,0.0,0.0,0.0,0.027777777777777776,0.0,0.0,0.0,0.0,0.0,0.0,0.0,0.0,0.0,0.034482758620689655,0.0,0.0,0.0,0.0,0.0,0.0,0.0,0.0,0.006060606060606061,0.0,0.0,0.0,0.006493506493506494,0.0,0.0,0.0,0.0,0.0,0.0,0.00558659217877095,0.0,0.0,0.0,0.0,0.006097560975609756,0.0,0.0,0.0,0.0,0.0,0.0,0.0,0.0,0.0,0.011363636363636364,0.0,0.0,0.0,0.0,0.0,0.0,0.0,0.006134969325153374,0.0,0.0,0.0,0.0,0.0,0.0,0.0,0.0,0.0,0.0,0.0,0.0,0.0,0.0625,0.0,0.0,0.0,0.0,0.0055248618784530384,0.0,0.0,0.0,0.0,0.0,0.0,0.0,0.0,0.0,0.0,0.0,0.0,0.0,0.0,0.0,0.0,0.0,0.0,0.0,0.0,0.0,0.02127659574468085,0.0,0.0,0.0,0.0,0.0,0.0,1.0,0.0,0.0,0.0,0.0,0.0,0.0,0.0,0.0,0.0,0.0,0.0,0.0,0.0,0.0,0.0,0.0,0.0,0.0,0.0,0.0,0.0,0.0,0.0,0.0,0.0,0.0,0.0,0.0,0.0,0.0,0.0,0.0,0.0,0.0,0.0,0.0,0.0,0.0,0.0,0.0,0.0,0.0,0.0,0.0,0.0,0.0
BERGEN-BERGENFIELD BORO,0.0625,0.03333333333333333,0.03571428571428571,0.07894736842105263,0.058823529411764705,0.0,0.0481283422459893,0.0,0.07575757575757576,0.031746031746031744,0.0,0.0,0.14285714285714285,0.0,0.06451612903225806,0.0,0.0,0.0,0.0,0.041666666666666664,0.0,0.0,0.0,0.0,0.0,0.0,0.0,0.05555555555555555,0.0,0.08955223880597014,0.125,0.0,0.0,0.0,0.0,0.0,0.0,0.0,0.0,0.1111111111111111,0.0,0.039603960396039604,0.0,0.0,0.0,0.0,0.06060606060606061,0.0,0.0,0.1,0.05194805194805195,0.0,0.0,0.0,0.0,0.0,0.0,0.0558659217877095,0.0,0.0,0.0,0.0,0.03658536585365854,0.17391304347826086,0.0,0.0,0.0,0.0,0.0,0.0,0.0,0.0,0.045454545454545456,0.2,0.0,0.0,0.0625,0.05970149253731343,0.0,0.0,0.04294478527607362,0.1875,0.0,0.0,0.0,0.0,0.0,0.0,0.0,0.0,0.0,0.0,0.0,0.0,0.0,0.0,0.11494252873563218,0.0,0.0,0.055248618784530384,0.0,0.0,0.0,0.0,0.0,0.0,0.0,0.0,0.0,0.0,0.0,0.0,0.051094890510948905,0.0,0.0,0.125,0.09090909090909091,0.0,0.0,0.0,0.0,0.0,0.0,0.0,0.0,0.0,0.0,0.0,0.0,0.0,0.0,0.0,0.0,0.0,0.0,0.0,0.0,0.0,0.0,0.16666666666666666,0.06349206349206349,0.0,0.0,0.04225352112676056,0.0,0.0,0.0,0.0,0.0,0.0,0.0,0.0,0.0,0.0,0.0,0.0,0.0,0.0,0.3333333333333333,0.0,0.14285714285714285,0.0,0.0,0.0,0.0,0.0,0.0,0.0,0.0,0.0,0.0,0.0,0.0,0.04864864864864865,0.0
BERGEN-BOGOTA BORO,0.015625,0.0,0.008928571428571428,0.013157894736842105,0.0058823529411764705,0.045454545454545456,0.0053475935828877,0.0,0.015151515151515152,0.0,0.0,0.0,0.0,0.0,0.03225806451612903,0.0,0.0,0.0,0.0,0.0,0.0,0.0,0.0,0.0,0.0,0.0,0.0,0.027777777777777776,0.0,0.014925373134328358,0.0,0.0,0.0,0.0,0.0,0.0,0.0,0.0,0.0,0.018518518518518517,0.0,0.009900990099009901,0.0,0.0,0.0,0.0,0.012121212121212121,0.0,0.0,0.0,0.012987012987012988,0.0,0.0,0.0,0.0,0.0,0.0,0.0111731843575419,0.0,0.0,0.0,0.0,0.012195121951219513,0.0,0.0,0.0,0.0,0.0,0.0,0.0,0.0,0.0,0.011363636363636364,0.0,0.0,0.0,0.0,0.014925373134328358,0.0,0.0,0.012269938650306749,0.0,0.0,0.0,0.0,0.0,0.0,0.0,0.0,0.0,0.0,0.0,0.0,0.0,0.0,0.017543859649122806,0.011494252873563218,0.0,0.0,0.011049723756906077,0.0,0.0,0.0,0.0,0.0,0.0,0.0,0.0,0.0,0.0,0.0,0.0,0.0072992700729927005,0.0,0.0,0.125,0.0,0.0,0.0,0.0,0.0,0.0,0.0,0.0,0.0,0.0,0.0,0.0,0.0,0.0,0.0,0.0,0.0,0.0,0.0,0.0,0.0,0.0,0.0,0.0,0.015873015873015872,0.0,0.0,0.0,0.0,0.0,0.0,0.0,0.0,0.0,0.0,0.0,0.0,0.0,0.0,0.0,0.0,0.0,0.0,0.0,0.0,0.0,0.0,0.0,0.08333333333333333,0.0,0.0,0.0,0.0,0.0,0.0,0.0,0.0,0.005405405405405406,0.0
BERGEN-CARLSTADT BORO,0.0625,0.05,0.08035714285714285,0.02631578947368421,0.047058823529411764,0.13636363636363635,0.053475935828877004,0.0,0.015151515151515152,0.06349206349206349,0.0,0.05405405405405406,0.14285714285714285,0.0,0.0967741935483871,0.0,0.0,0.11764705882352941,0.14285714285714285,0.041666666666666664,0.0,0.0,0.0,0.08333333333333333,0.0,0.0,0.0,0.1111111111111111,0.0,0.014925373134328358,0.125,0.0,0.0,0.0,0.0,0.0,0.06521739130434782,0.06896551724137931,0.0,0.05555555555555555,0.0,0.0297029702970297,0.0,0.0,0.0,0.0,0.05454545454545454,0.4,0.0,0.15000000000000002,0.045454545454545456,0.0,0.25,0.0,0.0,0.0,0.0,0.06145251396648045,0.0,0.0,0.0,0.0,0.054878048780487805,0.08695652173913043,0.0,0.0,0.0,0.0,0.0,0.0,0.0,0.0,0.05681818181818182,0.0,0.0,0.0,0.0625,0.07462686567164178,0.0,0.0,0.06134969325153374,0.0,0.0,0.0,0.058823529411764705,0.0,0.0,0.0,0.0,0.0,0.0,0.0,0.125,0.0,0.0,0.017543859649122806,0.05747126436781609,0.0,0.0,0.06077348066298342,0.0,0.0,0.0,0.0,0.0,0.0,0.0,0.0,0.0,0.0,0.0,0.0,0.029197080291970802,0.0,0.0,0.0,0.0,0.0,0.14285714285714285,0.0,0.0,0.02127659574468085,0.041666666666666664,0.0,0.0,0.05,0.0,0.0,0.0,0.0,0.1111111111111111,0.1111111111111111,0.0,0.0,0.0,0.0,0.0,0.0,0.0,0.16666666666666666,0.015873015873015872,0.0,0.0,0.07042253521126761,0.0,0.0,0.0,0.0,0.0,0.0,0.0,0.0,0.0,0.0,0.0,0.0,0.0,0.0,0.0,0.0,0.0,0.0,0.0,0.0,0.16666666666666666,0.0,0.0,0.0,0.0,0.0,0.0,0.0,0.0,0.05405405405405406,0.0
BERGEN-CLIFFSIDE PARK BORO,0.0703125,0.03333333333333333,0.0625,0.05263157894736842,0.023529411764705882,0.3181818181818182,0.053475935828877004,0.0,0.030303030303030304,0.09523809523809523,0.0,0.0,0.0,0.0,0.0967741935483871,0.0,0.0,0.058823529411764705,0.14285714285714285,0.0,0.0,0.0,0.2,0.0,0.5,0.0,0.0,0.08333333333333333,0.0,0.029850746268656716,0.0,0.0,0.0,0.0,0.0,0.0,0.0,0.0,0.0,0.14814814814814814,0.0,0.0297029702970297,0.0,0.0,0.0,0.16666666666666666,0.048484848484848485,0.0,0.0,0.05,0.05194805194805195,0.0,0.0,0.18181818181818182,0.0,0.0,0.0,0.06145251396648045,0.0,0.0,0.0,0.0,0.06097560975609756,0.043478260869565216,0.0,0.0,0.0,0.0,0.0,0.0,0.0,0.0,0.045454545454545456,0.2,0.0,0.0,0.0,0.08955223880597014,0.0,0.0,0.06134969325153374,0.0625,0.0,0.0,0.0,0.0,0.0,0.0,0.0,0.0,0.0,0.0,0.0,0.0,0.0,0.14035087719298245,0.034482758620689655,0.0,0.0,0.06077348066298342,0.0,0.0,0.0,0.0,0.0,0.0,0.0,0.0,0.0,0.0,0.0,0.0,0.08029197080291971,0.0,0.0,0.0,0.0,0.0,0.0,0.0,0.0,0.0,0.0,0.0,0.0,0.0,0.0,0.0,0.0,0.0,0.0,0.0,0.0,0.0,0.0,0.0,0.0,0.0,0.0,0.0,0.031746031746031744,0.0,0.0,0.056338028169014086,0.0,0.25,0.0,0.0,0.0,0.0,0.0,0.0,0.0,0.0,0.0,0.0,0.0,0.0,0.0,0.0,0.14285714285714285,0.0,0.5,0.0,0.08333333333333333,0.0,0.0,0.0,0.0,0.0,0.0,0.0,0.0,0.04864864864864865,0.3333333333333333