location,severity_rating5_4,severity_rating5_5,intersection_N,intersection_Y,alcohol_involved_N,alcohol_involved_Y,hazmat_involved_N,hazmat_involved_Y,hs_collision_type_1,hs_collision_type_2,hs_collision_type_3,hs_collision_type_4,hs_collision_type_5,hs_collision_type_6,hs_collision_type_7,hs_collision_type_8,hs_collision_type_9,crash_type_1.0,crash_type_2.0,crash_type_3.0,crash_type_4.0,crash_type_5.0,crash_type_6.0,crash_type_7.0,crash_type_8.0,crash_type_9.0,crash_type_10.0,crash_type_11.0,crash_type_12.0,crash_type_13.0,crash_type_14.0,crash_type_15.0,crash_type_16.0,crash_type_99.0,road_sys_code_0,road_sys_code_1,road_sys_code_2,road_sys_code_3,road_sys_code_4,road_sys_code_5,road_sys_code_6,road_sys_code_7,road_sys_code_8,road_sys_code_9,road_sys_code_10,road_horiz_align_code_0.0,road_horiz_align_code_1.0,road_horiz_align_code_2.0,road_horiz_align_code_3.0,road_grade_code_0.0,road_grade_code_4.0,road_grade_code_5.0,road_grade_code_6.0,road_grade_code_7.0,road_grade_code_8.0,road_surf_code_0.0,road_surf_code_1.0,road_surf_code_2.0,road_surf_code_3.0,road_surf_code_5.0,road_surf_code_99.0,surf_cond_code_0.0,surf_cond_code_1.0,surf_cond_code_2.0,surf_cond_code_3.0,surf_cond_code_4.0,surf_cond_code_5.0,surf_cond_code_6.0,surf_cond_code_7.0,surf_cond_code_9.0,surf_cond_code_99.0,light_cond_code_0.0,light_cond_code_1.0,light_cond_code_2.0,light_cond_code_3.0,light_cond_code_4.0,light_cond_code_5.0,light_cond_code_6.0,light_cond_code_7.0,environ_cond_code_0.0,environ_cond_code_1.0,environ_cond_code_2.0,environ_cond_code_3.0,environ_cond_code_4.0,environ_cond_code_5.0,environ_cond_code_6.0,environ_cond_code_7.0,environ_cond_code_8.0,environ_cond_code_9.0,environ_cond_code_10.0,environ_cond_code_99.0,road_median_code_0.0,road_median_code_1.0,road_median_code_2.0,road_median_code_3.0,road_median_code_4.0,road_median_code_5.0,road_median_code_99.0,temp_traffic_zone_0.0,temp_traffic_zone_1.0,temp_traffic_zone_2.0,temp_traffic_zone_3.0,temp_traffic_zone_4.0,temp_traffic_zone_5.0,posted_speed_0.0,posted_speed_2.0,posted_speed_3.0,posted_speed_4.0,posted_speed_5.0,posted_speed_10.0,posted_speed_15.0,posted_speed_20.0,posted_speed_25.0,posted_speed_26.0,posted_speed_28.0,posted_speed_30.0,posted_speed_35.0,posted_speed_36.0,posted_speed_40.0,posted_speed_45.0,posted_speed_47.0,posted_speed_50.0,posted_speed_55.0,posted_speed_56.0,posted_speed_60.0,posted_speed_65.0,first_harmful_event_0.0,first_harmful_event_1.0,first_harmful_event_2.0,first_harmful_event_3.0,first_harmful_event_5.0,first_harmful_event_6.0,first_harmful_event_7.0,first_harmful_event_9.0,first_harmful_event_11.0,first_harmful_event_12.0,first_harmful_event_13.0,first_harmful_event_14.0,first_harmful_event_19.0,first_harmful_event_21.0,first_harmful_event_22.0,first_harmful_event_23.0,first_harmful_event_24.0,first_harmful_event_26.0,first_harmful_event_27.0,first_harmful_event_28.0,first_harmful_event_29.0,first_harmful_event_30.0,first_harmful_event_39.0,first_harmful_event_41.0,first_harmful_event_42.0,first_harmful_event_43.0,first_harmful_event_44.0,first_harmful_event_45.0,first_harmful_event_46.0,first_harmful_event_47.0,first_harmful_event_48.0,first_harmful_event_49.0,first_harmful_event_50.0,first_harmful_event_51.0,first_harmful_event_52.0,first_harmful_event_53.0,first_harmful_event_54.0,first_harmful_event_55.0,first_harmful_event_56.0,first_harmful_event_57.0,first_harmful_event_58.0,first_harmful_event_59.0,first_harmful_event_60.0,first_harmful_event_61.0,first_harmful_event_62.0,first_harmful_event_69.0,first_harmful_event_99.0,flg_cell_in_use_N,flg_cell_in_use_Y
BURLINGTON-MOORESTOWN TWP,0.046875,0.06666666666666667,0.08035714285714285,0.013157894736842105,0.041176470588235294,0.13636363636363635,0.0481283422459893,0.0,0.0,0.09523809523809523,0.1111111111111111,0.08108108108108109,0.0,0.0,0.0,0.0,0.0,0.11764705882352941,0.0,0.041666666666666664,0.2,0.0,0.0,0.0,0.0,0.0,0.1111111111111111,0.08333333333333333,0.0,0.0,0.0,0.0,0.0,0.0,0.0,0.0,0.021739130434782608,0.0,0.0,0.07407407407407407,0.0,0.04950495049504951,0.0,0.0,0.0,0.1111111111111111,0.048484848484848485,0.0,0.0,0.1,0.03896103896103896,0.0,0.25,0.09090909090909091,0.0,0.0,0.0,0.0558659217877095,0.0,0.0,0.0,0.0,0.04878048780487805,0.08695652173913043,0.0,0.0,0.0,0.0,0.0,0.0,0.0,0.0,0.045454545454545456,0.2,0.25,0.0,0.125,0.014925373134328358,0.03571428571428571,0.0,0.04294478527607362,0.0625,0.0,0.5,0.058823529411764705,0.0,0.0,0.0,0.0,0.0,0.0,0.0,0.0,0.0,0.0625,0.07017543859649122,0.05747126436781609,0.0,0.0,0.055248618784530384,0.0,0.0,0.0,0.0,0.0,0.0,0.0,0.0,0.0,0.0,0.0,0.0,0.0072992700729927005,0.0,0.0,0.0,0.13636363636363635,0.0,0.03571428571428571,0.14814814814814814,0.0,0.02127659574468085,0.0,0.0,0.0,0.0,0.0,0.16666666666666666,0.0,0.0,0.1111111111111111,0.1111111111111111,0.0,0.0,0.0,0.0,0.0,0.0,0.0,0.0,0.0,0.0,0.0,0.08450704225352113,0.0,0.0,0.0,0.0,0.0,0.0,0.0,0.0,0.0,0.0,0.0,0.0,0.0,0.0,0.0,0.0,0.0,0.0,0.5,0.0,0.0,0.0,0.0,0.0,0.0,0.0,0.0,0.0,0.0,0.04864864864864865,0.0
BURLINGTON-MOUNT HOLLY TWP,0.0546875,0.1,0.08035714285714285,0.05263157894736842,0.058823529411764705,0.13636363636363635,0.06417112299465241,0.0,0.10606060606060606,0.07936507936507936,0.0,0.0,0.0,0.0,0.03225806451612903,0.0,0.0,0.0,0.14285714285714285,0.041666666666666664,0.06666666666666667,0.0,0.0,0.0,0.5,0.0,0.0,0.027777777777777776,0.0,0.11940298507462686,0.0,0.0,0.0,0.0,0.0,0.0,0.08695652173913043,0.0,0.0,0.07407407407407407,0.0,0.04950495049504951,0.0,0.0,0.0,0.0,0.07878787878787878,0.0,0.0,0.05,0.07792207792207792,0.0,0.0,0.0,0.0,0.0,0.0,0.07262569832402235,0.0,0.0,0.0,0.0,0.054878048780487805,0.13043478260869565,0.3333333333333333,0.0,0.0,0.0,0.0,0.0,0.0,0.0,0.06818181818181818,0.0,0.0,0.0,0.0625,0.08955223880597014,0.0,0.0,0.06134969325153374,0.125,0.0,0.0,0.058823529411764705,0.0,0.0,0.0,0.0,0.0,0.0,0.0,0.07500000000000001,0.05,0.0,0.08771929824561403,0.04597701149425287,0.0,0.0,0.06629834254143646,0.3333333333333333,0.0,0.0,0.0,0.0,0.0,0.0,0.0,0.0,0.0,0.0,0.0,0.029197080291970802,0.0,0.0,0.375,0.0,0.0,0.0,0.0,0.0,0.1276595744680851,0.0,0.0,0.0,0.0,0.0,0.0,0.0,0.0,0.0,0.0,0.0,0.0,0.0,0.0,0.0,0.0,0.0,0.0,0.12698412698412698,0.0,0.0,0.04225352112676056,0.0,0.125,0.0,0.0,0.0,0.0,0.0,0.0,0.0,0.0,0.0,0.0,0.0,0.0,0.0,0.0,0.0,0.0,0.0,0.0,0.0,0.0,0.0,0.25,0.0,0.0,0.0,0.0,0.0,0.06486486486486487,0.0
BURLINGTON-MOUNT LAUREL TWP,0.2890625,0.48333333333333334,0.5089285714285714,0.11842105263157894,0.3176470588235294,0.5454545454545454,0.3475935828877005,0.0,0.16666666666666669,0.2698412698412698,0.0,0.7567567567567568,0.14285714285714285,0.0,0.29032258064516125,0.0,0.0,0.3529411764705882,0.8571428571428571,0.375,0.26666666666666666,0.0,0.13333333333333333,0.08333333333333333,0.0,0.0,0.2222222222222222,0.5,0.0,0.16417910447761194,0.125,0.0,0.0,0.6000000000000001,0.0,0.56,0.2826086956521739,0.20689655172413793,0.0,0.37037037037037035,0.0,0.1188118811881188,1.0,0.0,0.0,0.38888888888888884,0.32727272727272727,0.4,0.6000000000000001,0.1,0.4155844155844156,0.0,0.0,0.0,0.0,0.0,0.1875,0.35195530726256985,0.0,0.0,0.0,0.0,0.34756097560975613,0.3913043478260869,0.0,0.0,0.0,0.0,0.0,0.0,0.0,1.0,0.375,0.2,0.25,0.0,1.0,0.13432835820895522,0.14285714285714285,0.0,0.34969325153374237,0.4375,0.0,0.0,0.11764705882352941,0.0,0.0,0.0,0.0,0.0,0.0,0.0,0.625,0.30000000000000004,0.3125,0.03508771929824561,0.3218390804597701,0.0,0.0,0.3646408839779005,0.0,0.0,0.0,0.0,0.0,0.0,0.0,0.0,0.0,0.0,0.0,0.0,0.014598540145985401,0.0,0.0,0.0,0.2272727272727273,0.0,0.6071428571428571,0.2222222222222222,0.0,0.3404255319148936,0.0,0.0,0.0,1.0,0.0,0.16666666666666666,0.0,0.0,0.6666666666666666,0.2222222222222222,0.3333333333333333,0.0,0.5,0.0,1.0,0.0,0.0,0.16666666666666666,0.15873015873015872,0.0,0.0,0.3943661971830986,0.0,0.125,0.0,0.0,0.0,0.0,0.0,0.0,0.0,0.0,0.25,0.5,0.5,0.0,0.3333333333333333,0.0,0.0,0.0,0.0,0.0,0.25,0.0,0.5,0.0,0.16666666666666666,0.0,0.0,0.0,0.0,0.35135135135135137,0.0
BURLINGTON-NEW HANOVER TWP,0.0,0.05,0.026785714285714284,0.0,0.011764705882352941,0.045454545454545456,0.010695187165775399,0.0,0.030303030303030304,0.0,0.0,0.02702702702702703,0.0,0.0,0.0,0.0,0.0,0.0,0.0,0.0,0.0,0.0,0.0,0.0,0.0,0.0,0.0,0.027777777777777776,0.0,0.029850746268656716,0.0,0.0,0.0,0.0,0.0,0.0,0.0,0.0,0.0,0.037037037037037035,0.0,0.009900990099009901,0.0,0.0,0.0,0.05555555555555555,0.012121212121212121,0.0,0.0,0.0,0.01948051948051948,0.0,0.0,0.0,0.0,0.0,0.0,0.01675977653631285,0.0,0.0,0.0,0.0,0.012195121951219513,0.043478260869565216,0.0,0.0,0.0,0.0,0.0,0.0,0.0,0.0,0.011363636363636364,0.0,0.0,0.0,0.0,0.029850746268656716,0.0,0.0,0.012269938650306749,0.0625,0.0,0.0,0.0,0.0,0.0,0.0,0.0,0.0,0.0,0.0,0.0,0.0,0.0,0.017543859649122806,0.022988505747126436,0.0,0.0,0.016574585635359115,0.0,0.0,0.0,0.0,0.0,0.0,0.0,0.0,0.0,0.0,0.0,0.0,0.0,0.0,0.0,0.0,0.0,0.0,0.03571428571428571,0.07407407407407407,0.0,0.0,0.0,0.0,0.0,0.0,0.0,0.0,0.0,0.0,0.0,0.1111111111111111,0.0,0.0,0.0,0.0,0.0,0.0,0.0,0.0,0.031746031746031744,0.0,0.0,0.0,0.0,0.0,0.0,0.0,0.0,0.0,0.0,0.0,0.0,0.0,0.0,0.0,0.0,0.0,0.0,0.0,0.0,0.0,0.0,0.0,0.0,0.0,0.0,0.0,0.0,0.0,0.0,0.0,0.0,0.010810810810810811,0.0
BURLINGTON-NORTH HANOVER TWP,0.0234375,0.0,0.017857142857142856,0.013157894736842105,0.01764705882352941,0.0,0.010695187165775399,0.0,0.0,0.031746031746031744,0.0,0.0,0.14285714285714285,0.0,0.0,0.0,0.0,0.058823529411764705,0.0,0.0,0.0,0.0,0.06666666666666667,0.0,0.0,0.0,0.0,0.0,0.0,0.0,0.125,0.0,0.0,0.0,0.0,0.0,0.0,0.0,0.0,0.05555555555555555,0.0,0.0,0.0,0.0,0.0,0.05555555555555555,0.012121212121212121,0.0,0.0,0.0,0.006493506493506494,0.125,0.0,0.09090909090909091,0.0,0.0,0.0,0.01675977653631285,0.0,0.0,0.0,0.0,0.01829268292682927,0.0,0.0,0.0,0.0,0.0,0.0,0.0,0.0,0.0,0.022727272727272728,0.0,0.0,0.0,0.0625,0.0,0.0,0.0,0.018404907975460124,0.0,0.0,0.0,0.0,0.0,0.0,0.0,0.0,0.0,0.0,0.0,0.0,0.0,0.0,0.017543859649122806,0.022988505747126436,0.0,0.0,0.016574585635359115,0.0,0.0,0.0,0.0,0.0,0.0,0.0,0.0,0.0,0.0,0.0,0.0,0.0072992700729927005,0.0,0.0,0.0,0.0,0.0,0.0,0.0,0.0,0.0425531914893617,0.0,0.0,0.0,0.0,0.0,0.0,0.0,0.0,0.0,0.0,0.0,0.0,0.0,0.0,0.0,0.0,0.0,0.16666666666666666,0.0,0.0,0.0,0.014084507042253521,0.0,0.125,0.0,0.0,0.0,0.0,0.0,0.0,0.0,0.0,0.0,0.0,0.0,0.0,0.0,0.0,0.0,0.0,0.0,0.0,0.0,0.0,0.0,0.0,0.0,0.0,0.0,0.0,0.0,0.010810810810810811,0.0
BURLINGTON-PALMYRA BORO,0.015625,0.0,0.017857142857142856,0.0,0.011764705882352941,0.0,0.0053475935828877,0.0,0.0,0.015873015873015872,0.0,0.0,0.0,0.0,0.0,1.0,0.0,0.058823529411764705,0.0,0.0,0.0,0.0,0.0,0.0,0.0,0.0,0.0,0.0,0.0,0.0,0.0,0.5,0.0,0.0,0.0,0.0,0.021739130434782608,0.034482758620689655,0.0,0.0,0.0,0.0,0.0,0.0,0.0,0.05555555555555555,0.006060606060606061,0.0,0.0,0.0,0.012987012987012988,0.0,0.0,0.0,0.0,0.0,0.0625,0.00558659217877095,0.0,0.0,0.0,0.0,0.012195121951219513,0.0,0.0,0.0,0.0,0.0,0.0,0.0,0.0,0.0,0.022727272727272728,0.0,0.0,0.0,0.0,0.0,0.0,0.0,0.012269938650306749,0.0,0.0,0.0,0.0,0.0,0.0,0.0,0.0,0.0,0.0,0.0,0.025,0.0,0.0,0.0,0.011494252873563218,0.0,0.0,0.011049723756906077,0.0,0.0,0.0,0.0,0.0,0.0,0.0,0.0,0.0,0.0,0.0,0.0,0.0,0.0,0.0,0.0,0.0,0.0,0.0,0.07407407407407407,0.0,0.0,0.0,0.0,0.0,0.0,0.0,0.0,0.0,0.0,0.0,0.0,0.0,0.0,0.0,0.0,0.0,0.0,0.0,0.0,0.0,0.0,0.0,0.014084507042253521,0.0,0.0,0.0,0.0,0.5,0.0,0.0,0.0,0.0,0.0,0.0,0.0,0.0,0.0,0.0,0.0,0.0,0.0,0.0,0.0,0.0,0.0,0.0,0.0,0.0,0.0,0.0,0.0,0.0,0.005405405405405406,0.0
BURLINGTON-PEMBERTON BORO,0.03125,0.016666666666666666,0.04464285714285714,0.0,0.029411764705882353,0.0,0.0213903743315508,0.0,0.0,0.047619047619047616,0.0,0.05405405405405406,0.0,0.0,0.0,0.0,0.0,0.058823529411764705,0.0,0.041666666666666664,0.06666666666666667,0.0,0.0,0.0,0.0,0.0,0.0,0.027777777777777776,0.0,0.014925373134328358,0.0,0.0,0.0,0.0,0.0,0.0,0.0,0.0,0.0,0.09259259259259259,0.0,0.0,0.0,0.0,0.0,0.0,0.024242424242424242,0.0,0.2,0.0,0.03246753246753247,0.0,0.0,0.0,0.0,0.0,0.0,0.02793296089385475,0.0,0.0,0.0,0.0,0.03048780487804878,0.0,0.0,0.0,0.0,0.0,0.0,0.0,0.0,0.0,0.03409090909090909,0.0,0.0,0.0,0.0625,0.014925373134328358,0.0,0.0,0.03067484662576687,0.0,0.0,0.0,0.0,0.0,0.0,0.0,0.0,0.0,0.0,0.0,0.0,0.0,0.0,0.0,0.05747126436781609,0.0,0.0,0.016574585635359115,0.6666666666666666,0.0,0.0,0.0,0.0,0.0,0.0,0.0,0.0,0.0,0.0,0.0,0.0072992700729927005,0.0,0.0,0.0,0.09090909090909091,0.0,0.03571428571428571,0.0,0.0,0.02127659574468085,0.0,0.0,0.0,0.0,0.0,0.0,0.0,0.0,0.1111111111111111,0.0,0.0,0.0,0.0,0.0,0.0,0.0,0.0,0.0,0.015873015873015872,0.0,0.0,0.04225352112676056,0.0,0.0,0.0,0.0,0.0,0.0,0.0,0.0,0.0,0.0,0.0,0.0,0.0,0.0,0.0,0.0,0.0,0.0,0.0,0.0,0.0,0.0,0.0,0.0,0.0,0.0,0.0,0.0,0.0,0.016216216216216217,0.3333333333333333
BURLINGTON-PEMBERTON TWP,0.1328125,0.26666666666666666,0.23214285714285712,0.09210526315789473,0.17058823529411765,0.18181818181818182,0.1711229946524064,0.0,0.030303030303030304,0.047619047619047616,0.1111111111111111,0.6756756756756757,0.2857142857142857,0.0,0.0,0.0,0.0,0.11764705882352941,0.0,0.041666666666666664,0.3333333333333333,0.0,0.0,0.08333333333333333,0.5,0.0,0.1111111111111111,0.3055555555555555,0.0,0.014925373134328358,0.375,0.0,0.0,0.7000000000000001,0.0,0.0,0.21739130434782608,0.0,0.0,0.25925925925925924,0.0,0.0891089108910891,0.0,0.0,0.0,0.5,0.12121212121212122,0.6000000000000001,0.2,0.0,0.2142857142857143,0.0,0.0,0.0,0.0,0.0,0.0,0.1787709497206704,0.0,0.3333333333333333,0.0,0.0,0.1524390243902439,0.21739130434782608,0.0,0.75,0.0,0.0,0.0,0.0,0.0,0.0,0.2272727272727273,0.2,0.0,0.0,0.5625,0.04477611940298507,0.0,0.0,0.16564417177914112,0.125,0.0,0.5,0.1764705882352941,0.0,0.0,0.0,0.0,0.0,0.0,0.0,0.0,0.0,0.0625,0.017543859649122806,0.3563218390804598,0.0,0.0,0.18232044198895025,0.0,0.0,0.0,0.0,0.0,0.0,0.0,0.0,0.0,0.0,0.0,0.0,0.043795620437956206,0.0,0.0,0.0,0.18181818181818182,0.0,0.10714285714285714,0.1111111111111111,0.0,0.14893617021276595,0.41666666666666663,0.0,0.0,0.0,0.0,0.16666666666666666,0.0,0.0,0.5555555555555556,0.2222222222222222,0.5555555555555556,0.0,0.5,0.0,0.0,0.0,0.0,0.16666666666666666,0.031746031746031744,0.0,0.0,0.15492957746478875,0.0,0.0,0.0,0.0,0.0,0.0,0.0,0.0,0.0,0.0,0.0,0.0,0.0,0.0,0.0,0.0,0.14285714285714285,0.0,0.0,0.0,0.0,0.0,0.0,0.0,0.6666666666666666,0.0,0.0,0.0,0.0,0.17297297297297298,0.0
BURLINGTON-RIVERSIDE TWP,0.0,0.016666666666666666,0.0,0.013157894736842105,0.0,0.045454545454545456,0.0,0.0,0.0,0.0,0.0,0.0,0.0,0.0,0.03225806451612903,0.0,0.0,0.0,0.0,0.0,0.0,0.0,0.0,0.0,0.0,0.0,0.0,0.0,0.0,0.0,0.0,0.0,1.0,0.0,0.0,0.0,0.0,0.0,0.0,0.018518518518518517,0.0,0.0,0.0,0.0,0.0,0.0,0.006060606060606061,0.0,0.0,0.0,0.006493506493506494,0.0,0.0,0.0,0.0,0.0,0.0,0.00558659217877095,0.0,0.0,0.0,0.0,0.006097560975609756,0.0,0.0,0.0,0.0,0.0,0.0,0.0,0.0,0.0,0.011363636363636364,0.0,0.0,0.0,0.0,0.0,0.0,0.0,0.006134969325153374,0.0,0.0,0.0,0.0,0.0,0.0,0.0,0.0,0.0,0.0,0.0,0.0,0.0,0.0,0.0,0.011494252873563218,0.0,0.0,0.0055248618784530384,0.0,0.0,0.0,0.0,0.0,0.0,0.0,0.0,0.0,0.0,0.0,0.0,0.0072992700729927005,0.0,0.0,0.0,0.0,0.0,0.0,0.0,0.0,0.0,0.0,0.0,0.0,0.0,0.0,0.0,0.0,0.0,0.0,0.0,0.0,0.0,0.0,0.0,0.0,0.0,0.0,0.0,0.0,0.0,0.0,0.0,0.0,0.0,0.0,0.0,0.0,0.0,0.0,0.0,0.0,0.0,0.0,0.0,0.0,1.0,0.0,0.0,0.0,0.0,0.0,0.0,0.0,0.0,0.0,0.0,0.0,0.0,0.0,0.0,0.0,0.0,0.0
BURLINGTON-SHAMONG TWP,0.0390625,0.03333333333333333,0.05357142857142857,0.013157894736842105,0.03529411764705882,0.045454545454545456,0.0320855614973262,0.0,0.0,0.06349206349206349,0.0,0.08108108108108109,0.0,0.0,0.0,0.0,0.0,0.0,0.0,0.0,0.06666666666666667,0.0,0.0,0.25,0.0,0.0,0.0,0.05555555555555555,0.0,0.0,0.0,0.0,0.0,0.1,0.0,0.0,0.08695652173913043,0.0,0.0,0.018518518518518517,0.0,0.019801980198019802,0.0,0.0,0.0,0.05555555555555555,0.03636363636363636,0.0,0.0,0.0,0.045454545454545456,0.0,0.0,0.0,0.0,0.0,0.0,0.03910614525139665,0.0,0.0,0.0,0.0,0.03658536585365854,0.0,0.0,0.25,0.0,0.0,0.0,0.0,0.0,0.0,0.045454545454545456,0.0,0.0,0.0,0.1875,0.0,0.0,0.0,0.04294478527607362,0.0,0.0,0.0,0.0,0.0,0.0,0.0,0.0,0.0,0.0,0.0,0.0,0.0,0.0,0.0,0.08045977011494253,0.0,0.0,0.03867403314917127,0.0,0.0,0.0,0.0,0.0,0.0,0.0,0.0,0.0,0.0,0.0,0.0,0.0,0.0,0.0,0.0,0.0,0.0,0.0,0.037037037037037035,0.0,0.1276595744680851,0.0,0.0,0.0,0.0,0.0,0.0,0.0,0.0,0.0,0.1111111111111111,0.1111111111111111,0.0,0.0,0.0,0.0,0.0,0.0,0.0,0.0,0.0,0.0,0.056338028169014086,0.0,0.0,0.0,0.0,0.0,0.0,0.0,0.0,0.0,0.0,0.0,0.0,0.0,0.0,0.0,0.0,0.0,0.0,0.5,0.0,0.0,0.0,0.0,0.0,0.0,0.0,0.0,0.0,0.0,0.032432432432432434,0.0
BURLINGTON-SOUTHAMPTON TWP,0.0703125,0.18333333333333332,0.13392857142857142,0.06578947368421052,0.10588235294117647,0.09090909090909091,0.10160427807486631,0.0,0.045454545454545456,0.1111111111111111,0.2222222222222222,0.1891891891891892,0.0,0.0,0.03225806451612903,0.0,0.0,0.1764705882352941,0.0,0.041666666666666664,0.2,0.0,0.0,0.08333333333333333,0.0,0.0,0.2222222222222222,0.08333333333333333,0.0,0.05970149253731343,0.0,0.0,0.0,0.30000000000000004,0.0,0.0,0.2608695652173913,0.0,0.0,0.09259259259259259,0.0,0.0297029702970297,0.0,0.0,0.0,0.16666666666666666,0.09696969696969697,0.0,0.2,0.0,0.12987012987012989,0.0,0.0,0.0,0.0,0.0,0.0,0.1005586592178771,1.0,0.0,0.0,0.0,0.0975609756097561,0.13043478260869565,0.0,0.0,0.0,0.0,0.0,1.0,0.0,0.0,0.14772727272727273,0.0,0.25,0.125,0.125,0.0,0.10714285714285714,0.0,0.10429447852760737,0.1875,0.0,0.0,0.0,0.0,0.0,0.0,0.0,0.0,0.0,0.0,0.0,0.0,0.0,0.0,0.22988505747126436,0.0,0.0,0.11049723756906077,0.0,0.0,0.0,0.0,0.0,0.0,0.0,0.0,0.0,0.0,0.0,0.0,0.014598540145985401,0.0,0.0,0.0,0.0,0.0,0.0,0.14814814814814814,0.0,0.2553191489361702,0.08333333333333333,0.0,0.0,0.0,0.0,0.3333333333333333,0.0,0.0,0.1111111111111111,0.0,0.2222222222222222,0.0,0.0,0.0,0.0,0.0,0.0,0.0,0.047619047619047616,0.0,0.0,0.14084507042253522,0.0,0.0,0.0,0.0,0.0,0.0,0.0,0.0,0.0,0.0,0.0,0.0,0.0,0.0,0.0,0.0,0.0,0.0,0.0,0.0,0.0,0.0,0.0,0.0,0.0,0.3333333333333333,0.0,0.25,0.0,0.10270270270270271,0.0
BURLINGTON-SPRINGFIELD TWP,0.046875,0.016666666666666666,0.05357142857142857,0.013157894736842105,0.03529411764705882,0.045454545454545456,0.0320855614973262,0.0,0.015151515151515152,0.031746031746031744,0.0,0.10810810810810811,0.0,0.0,0.0,0.0,0.0,0.0,0.0,0.08333333333333333,0.06666666666666667,0.0,0.0,0.08333333333333333,0.0,0.0,0.0,0.027777777777777776,0.0,0.014925373134328358,0.0,0.0,0.0,0.1,0.0,0.0,0.10869565217391304,0.0,0.0,0.037037037037037035,0.0,0.0,0.0,0.0,0.0,0.0,0.04242424242424243,0.0,0.0,0.0,0.045454545454545456,0.0,0.0,0.0,0.0,0.0,0.0,0.03910614525139665,0.0,0.0,0.0,0.0,0.042682926829268296,0.0,0.0,0.0,0.0,0.0,0.0,0.0,0.0,0.0,0.06818181818181818,0.0,0.0,0.0,0.0,0.0,0.03571428571428571,0.0,0.04294478527607362,0.0,0.0,0.0,0.0,0.0,0.0,0.0,0.0,0.0,0.0,0.0,0.0,0.0,0.0,0.017543859649122806,0.06896551724137931,0.0,0.0,0.03867403314917127,0.0,0.0,0.0,0.0,0.0,0.0,0.0,0.0,0.0,0.0,0.0,0.0,0.0,0.0,0.0,0.0,0.0,0.0,0.0,0.0,0.0,0.06382978723404255,0.16666666666666666,0.0,0.0,0.0,0.0,0.0,0.0,0.0,0.0,0.0,0.0,0.0,0.5,0.0,0.0,0.0,0.0,0.0,0.015873015873015872,0.0,0.0,0.056338028169014086,0.0,0.0,0.0,0.0,0.0,0.0,0.0,0.0,0.0,0.0,0.0,0.0,0.0,0.0,0.0,0.0,0.0,0.0,0.0,0.0,0.0,0.0,0.5,0.0,0.0,0.0,0.0,0.0,0.0,0.032432432432432434,0.0
BURLINGTON-TABERNACLE TWP,0.0390625,0.1,0.07142857142857142,0.039473684210526314,0.052941176470588235,0.09090909090909091,0.053475935828877004,0.0,0.015151515151515152,0.047619047619047616,0.1111111111111111,0.13513513513513514,0.14285714285714285,0.0,0.0,0.0,0.0,0.0,0.0,0.08333333333333333,0.0,0.0,0.0,0.08333333333333333,0.0,0.0,0.1111111111111111,0.1388888888888889,0.0,0.014925373134328358,0.125,0.0,0.0,0.0,0.0,0.0,0.06521739130434782,0.0,0.0,0.1111111111111111,0.0,0.019801980198019802,0.0,0.0,0.0,0.1111111111111111,0.03636363636363636,0.2,0.4,0.05,0.06493506493506494,0.0,0.0,0.0,0.0,0.0,0.0,0.06145251396648045,0.0,0.0,0.0,0.0,0.04878048780487805,0.13043478260869565,0.0,0.0,0.0,0.0,0.0,0.0,0.0,0.0,0.07954545454545454,0.0,0.25,0.0,0.125,0.0,0.03571428571428571,0.0,0.049079754601226995,0.0625,0.0,0.0,0.11764705882352941,0.0,0.0,0.0,0.0,0.0,0.0,0.0,0.0,0.0,0.0,0.0,0.12643678160919541,0.0,0.0,0.06077348066298342,0.0,0.0,0.0,0.0,0.0,0.0,0.0,0.0,0.0,0.0,0.0,0.0,0.0072992700729927005,0.0,0.0,0.0,0.0,0.0,0.0,0.07407407407407407,0.0,0.1702127659574468,0.0,0.0,0.0,0.0,0.0,0.16666666666666666,0.0,0.0,0.0,0.2222222222222222,0.0,0.0,0.0,0.0,0.0,0.0,0.0,0.16666666666666666,0.015873015873015872,0.0,0.0,0.04225352112676056,0.0,0.0,0.0,0.0,0.0,0.0,0.0,0.0,0.0,0.0,0.0,0.0,0.0,0.0,0.0,0.0,0.14285714285714285,0.0,0.0,0.0,0.08333333333333333,0.0,0.0,0.0,0.16666666666666666,0.0,0.0,0.0,0.0,0.05405405405405406,0.0