location,severity_rating5_4,severity_rating5_5,intersection_N,intersection_Y,alcohol_involved_N,alcohol_involved_Y,hazmat_involved_N,hazmat_involved_Y,hs_collision_type_1,hs_collision_type_2,hs_collision_type_3,hs_collision_type_4,hs_collision_type_5,hs_collision_type_6,hs_collision_type_7,hs_collision_type_8,hs_collision_type_9,crash_type_1.0,crash_type_2.0,crash_type_3.0,crash_type_4.0,crash_type_5.0,crash_type_6.0,crash_type_7.0,crash_type_8.0,crash_type_9.0,crash_type_10.0,crash_type_11.0,crash_type_12.0,crash_type_13.0,crash_type_14.0,crash_type_15.0,crash_type_16.0,crash_type_99.0,road_sys_code_0,road_sys_code_1,road_sys_code_2,road_sys_code_3,road_sys_code_4,road_sys_code_5,road_sys_code_6,road_sys_code_7,road_sys_code_8,road_sys_code_9,road_sys_code_10,road_horiz_align_code_0.0,road_horiz_align_code_1.0,road_horiz_align_code_2.0,road_horiz_align_code_3.0,road_grade_code_0.0,road_grade_code_4.0,road_grade_code_5.0,road_grade_code_6.0,road_grade_code_7.0,road_grade_code_8.0,road_surf_code_0.0,road_surf_code_1.0,road_surf_code_2.0,road_surf_code_3.0,road_surf_code_5.0,road_surf_code_99.0,surf_cond_code_0.0,surf_cond_code_1.0,surf_cond_code_2.0,surf_cond_code_3.0,surf_cond_code_4.0,surf_cond_code_5.0,surf_cond_code_6.0,surf_cond_code_7.0,surf_cond_code_9.0,surf_cond_code_99.0,light_cond_code_0.0,light_cond_code_1.0,light_cond_code_2.0,light_cond_code_3.0,light_cond_code_4.0,light_cond_code_5.0,light_cond_code_6.0,light_cond_code_7.0,environ_cond_code_0.0,environ_cond_code_1.0,environ_cond_code_2.0,environ_cond_code_3.0,environ_cond_code_4.0,environ_cond_code_5.0,environ_cond_code_6.0,environ_cond_code_7.0,environ_cond_code_8.0,environ_cond_code_9.0,environ_cond_code_10.0,environ_cond_code_99.0,road_median_code_0.0,road_median_code_1.0,road_median_code_2.0,road_median_code_3.0,road_median_code_4.0,road_median_code_5.0,road_median_code_99.0,temp_traffic_zone_0.0,temp_traffic_zone_1.0,temp_traffic_zone_2.0,temp_traffic_zone_3.0,temp_traffic_zone_4.0,temp_traffic_zone_5.0,posted_speed_0.0,posted_speed_2.0,posted_speed_3.0,posted_speed_4.0,posted_speed_5.0,posted_speed_10.0,posted_speed_15.0,posted_speed_20.0,posted_speed_25.0,posted_speed_26.0,posted_speed_28.0,posted_speed_30.0,posted_speed_35.0,posted_speed_36.0,posted_speed_40.0,posted_speed_45.0,posted_speed_47.0,posted_speed_50.0,posted_speed_55.0,posted_speed_56.0,posted_speed_60.0,posted_speed_65.0,first_harmful_event_0.0,first_harmful_event_1.0,first_harmful_event_2.0,first_harmful_event_3.0,first_harmful_event_5.0,first_harmful_event_6.0,first_harmful_event_7.0,first_harmful_event_9.0,first_harmful_event_11.0,first_harmful_event_12.0,first_harmful_event_13.0,first_harmful_event_14.0,first_harmful_event_19.0,first_harmful_event_21.0,first_harmful_event_22.0,first_harmful_event_23.0,first_harmful_event_24.0,first_harmful_event_26.0,first_harmful_event_27.0,first_harmful_event_28.0,first_harmful_event_29.0,first_harmful_event_30.0,first_harmful_event_39.0,first_harmful_event_41.0,first_harmful_event_42.0,first_harmful_event_43.0,first_harmful_event_44.0,first_harmful_event_45.0,first_harmful_event_46.0,first_harmful_event_47.0,first_harmful_event_48.0,first_harmful_event_49.0,first_harmful_event_50.0,first_harmful_event_51.0,first_harmful_event_52.0,first_harmful_event_53.0,first_harmful_event_54.0,first_harmful_event_55.0,first_harmful_event_56.0,first_harmful_event_57.0,first_harmful_event_58.0,first_harmful_event_59.0,first_harmful_event_60.0,first_harmful_event_61.0,first_harmful_event_62.0,first_harmful_event_69.0,first_harmful_event_99.0,flg_cell_in_use_N,flg_cell_in_use_Y
BURLINGTON-WASHINGTON TWP,0.0234375,0.0,0.026785714285714284,0.0,0.0058823529411764705,0.09090909090909091,0.010695187165775399,0.0,0.0,0.015873015873015872,0.0,0.05405405405405406,0.0,0.0,0.0,0.0,0.0,0.0,0.14285714285714285,0.0,0.0,0.0,0.0,0.0,0.0,0.0,0.0,0.05555555555555555,0.0,0.0,0.0,0.0,0.0,0.0,0.0,0.0,0.0,0.0,0.0,0.037037037037037035,0.0,0.009900990099009901,0.0,0.0,0.0,0.05555555555555555,0.006060606060606061,0.2,0.0,0.0,0.01948051948051948,0.0,0.0,0.0,0.0,0.0,0.0,0.01675977653631285,0.0,0.0,0.0,0.0,0.01829268292682927,0.0,0.0,0.0,0.0,0.0,0.0,0.0,0.0,0.0,0.011363636363636364,0.0,0.25,0.0,0.0625,0.0,0.0,0.0,0.018404907975460124,0.0,0.0,0.0,0.0,0.0,0.0,0.0,0.0,0.0,0.0,0.0,0.0,0.0,0.0,0.0,0.034482758620689655,0.0,0.0,0.016574585635359115,0.0,0.0,0.0,0.0,0.0,0.0,0.0,0.0,0.0,0.0,0.0,0.0,0.0,0.0,0.0,0.0,0.045454545454545456,0.0,0.0,0.0,0.0,0.0425531914893617,0.0,0.0,0.0,0.0,0.0,0.0,0.0,0.0,0.1111111111111111,0.0,0.0,0.0,0.0,0.0,0.0,0.0,0.0,0.0,0.0,0.0,0.0,0.014084507042253521,0.0,0.0,0.0,0.0,0.0,0.0,0.0,0.0,0.0,0.0,0.0,0.0,0.0,0.0,0.0,0.0,0.0,0.0,0.0,0.0,0.0,0.0,0.0,0.0,0.16666666666666666,0.0,0.0,0.0,0.0,0.010810810810810811,0.0
BURLINGTON-WESTAMPTON TWP,0.1484375,0.13333333333333333,0.19642857142857142,0.06578947368421052,0.1411764705882353,0.13636363636363635,0.13903743315508021,0.0,0.030303030303030304,0.15873015873015872,0.2222222222222222,0.2972972972972973,0.0,0.0,0.06451612903225806,0.0,0.0,0.4117647058823529,0.14285714285714285,0.125,0.0,0.0,0.0,0.0,0.5,0.0,0.1111111111111111,0.25,0.0,0.04477611940298507,0.0,0.0,0.0,0.2,0.0,0.28,0.0,0.10344827586206896,0.0,0.25925925925925924,0.0,0.019801980198019802,0.0,0.25,0.0,0.05555555555555555,0.15151515151515152,0.0,0.2,0.15000000000000002,0.14935064935064937,0.125,0.0,0.0,0.0,0.0,0.1875,0.1340782122905028,0.0,0.0,0.0,0.0,0.1402439024390244,0.17391304347826086,0.0,0.0,0.0,0.0,0.0,0.0,0.0,0.0,0.18181818181818182,0.0,0.25,0.0,0.4375,0.029850746268656716,0.03571428571428571,0.0,0.147239263803681,0.125,0.0,0.0,0.058823529411764705,0.0,0.0,0.0,0.0,0.0,0.0,0.0,0.25,0.25,0.0625,0.0,0.12643678160919541,0.0,0.0,0.14917127071823205,0.0,0.0,0.0,0.0,0.0,0.0,0.0,0.0,0.0,0.0,0.0,0.0,0.0,0.0,0.0,0.125,0.0,0.0,0.0,0.2962962962962963,0.0,0.1702127659574468,0.0,0.0,0.0,0.5,0.0,0.0,0.0,0.0,0.6666666666666666,0.2222222222222222,0.1111111111111111,0.0,0.0,0.0,0.0,0.0,0.0,0.0,0.031746031746031744,0.0,0.0,0.18309859154929578,0.0,0.0,0.0,0.0,0.0,0.0,0.0,0.0,0.0,0.0,0.25,0.0,0.0,0.0,0.0,0.0,0.0,0.0,0.0,0.0,0.16666666666666666,0.0,0.0,0.0,0.0,0.0,0.0,0.0,0.0,0.14054054054054055,0.0
BURLINGTON-WILLINGBORO TWP,0.046875,0.1,0.07142857142857142,0.05263157894736842,0.06470588235294117,0.045454545454545456,0.0588235294117647,0.0,0.045454545454545456,0.031746031746031744,0.0,0.05405405405405406,0.14285714285714285,0.0,0.12903225806451613,0.0,0.0,0.0,0.14285714285714285,0.041666666666666664,0.0,0.3333333333333333,0.06666666666666667,0.0,0.0,0.0,0.0,0.1388888888888889,0.0,0.029850746268656716,0.125,0.0,0.0,0.0,0.0,0.0,0.043478260869565216,0.0,0.0,0.1111111111111111,0.0,0.039603960396039604,0.0,0.0,0.0,0.1111111111111111,0.06060606060606061,0.0,0.0,0.0,0.07792207792207792,0.0,0.0,0.0,0.0,0.0,0.0,0.0670391061452514,0.0,0.0,0.0,0.0,0.06707317073170732,0.043478260869565216,0.0,0.0,0.0,0.0,0.0,0.0,0.0,0.0,0.05681818181818182,0.0,0.0,0.0,0.0625,0.08955223880597014,0.0,0.0,0.0736196319018405,0.0,0.0,0.0,0.0,0.0,0.0,0.0,0.0,0.0,0.0,0.0,0.05,0.15000000000000002,0.125,0.03508771929824561,0.034482758620689655,0.0,0.0,0.06629834254143646,0.0,0.0,0.0,0.0,0.0,0.0,0.0,0.0,0.0,0.0,0.0,0.0,0.021897810218978103,0.0,0.0,0.0,0.0,0.0,0.21428571428571427,0.037037037037037035,0.0,0.0425531914893617,0.0,0.0,0.0,0.0,0.0,0.0,0.0,0.0,0.1111111111111111,0.1111111111111111,0.0,0.0,0.0,0.0,0.0,0.0,0.0,0.16666666666666666,0.031746031746031744,0.0,0.0,0.056338028169014086,0.0,0.0,0.0,0.0,0.0,0.0,0.0,0.0,0.0,0.0,0.0,0.0,0.0,0.0,0.0,0.0,0.0,0.0,0.0,0.0,0.25,0.0,0.0,0.0,0.0,0.0,0.0,0.0,0.0,0.05945945945945946,0.0
BURLINGTON-WOODLAND TWP,0.0390625,0.23333333333333334,0.1607142857142857,0.013157894736842105,0.07647058823529412,0.2727272727272727,0.09090909090909091,0.3333333333333333,0.015151515151515152,0.047619047619047616,0.2222222222222222,0.32432432432432434,0.0,0.0,0.03225806451612903,0.0,0.0,0.0,0.0,0.041666666666666664,0.26666666666666666,0.0,0.06666666666666667,0.0,0.0,0.0,0.4444444444444444,0.16666666666666666,0.0,0.014925373134328358,0.0,0.0,0.0,0.2,0.0,0.0,0.2391304347826087,0.0,0.0,0.05555555555555555,0.0,0.04950495049504951,0.0,0.0,0.0,0.05555555555555555,0.09090909090909091,0.2,0.4,0.05,0.1103896103896104,0.0,0.25,0.0,0.0,0.0,0.0,0.1005586592178771,0.5,0.0,0.0,0.0,0.08536585365853659,0.21739130434782608,0.0,0.0,0.0,0.0,0.0,0.0,0.0,0.0,0.125,0.2,0.25,0.0,0.25,0.014925373134328358,0.03571428571428571,0.0,0.09815950920245399,0.125,0.0,0.0,0.058823529411764705,0.0,0.0,0.0,0.0,0.0,0.0,0.0,0.0,0.0,0.0,0.0,0.21839080459770116,0.0,0.0,0.10497237569060773,0.0,0.0,0.0,0.0,0.0,0.0,0.0,0.0,0.0,0.0,0.3333333333333333,0.0,0.0072992700729927005,0.0,0.0,0.125,0.0,0.0,0.0,0.037037037037037035,0.0,0.1276595744680851,0.375,0.0,0.0,0.0,0.0,0.5,0.0,0.0,0.3333333333333333,0.1111111111111111,0.2222222222222222,0.0,0.0,0.0,0.0,0.0,0.0,0.0,0.015873015873015872,0.0,0.0,0.07042253521126761,0.0,0.125,0.0,0.0,0.0,0.0,0.0,0.0,0.0,0.0,0.0,0.0,0.0,0.0,0.0,0.0,0.0,0.0,0.0,0.0,0.08333333333333333,0.0,0.0,0.0,0.16666666666666666,0.0,0.0,0.25,0.0,0.0972972972972973,0.0
CAMDEN-AUDUBON BORO,0.0078125,0.03333333333333333,0.017857142857142856,0.013157894736842105,0.0058823529411764705,0.09090909090909091,0.010695187165775399,0.0,0.0,0.031746031746031744,0.0,0.0,0.0,0.0,0.03225806451612903,0.0,0.0,0.0,0.0,0.041666666666666664,0.0,0.0,0.06666666666666667,0.0,0.0,0.0,0.0,0.027777777777777776,0.0,0.0,0.0,0.0,0.0,0.0,0.0,0.0,0.021739130434782608,0.0,0.0,0.0,0.0,0.019801980198019802,0.0,0.0,0.0,0.0,0.01818181818181818,0.0,0.0,0.0,0.01948051948051948,0.0,0.0,0.0,0.0,0.0,0.0,0.01675977653631285,0.0,0.0,0.0,0.0,0.01829268292682927,0.0,0.0,0.0,0.0,0.0,0.0,0.0,0.0,0.0,0.011363636363636364,0.0,0.0,0.0,0.0,0.014925373134328358,0.03571428571428571,0.0,0.018404907975460124,0.0,0.0,0.0,0.0,0.0,0.0,0.0,0.0,0.0,0.0,0.0,0.0,0.0,0.0,0.0,0.034482758620689655,0.0,0.0,0.016574585635359115,0.0,0.0,0.0,0.0,0.0,0.0,0.0,0.0,0.0,0.0,0.0,0.0,0.014598540145985401,0.0,0.0,0.0,0.045454545454545456,0.0,0.0,0.0,0.0,0.0,0.0,0.0,0.0,0.0,0.0,0.0,0.0,0.0,0.0,0.0,0.0,0.0,0.0,0.0,0.0,0.0,0.0,0.0,0.0,0.0,0.0,0.014084507042253521,0.0,0.125,0.0,0.0,0.0,0.0,0.0,0.0,0.0,0.0,0.0,0.0,0.0,0.0,0.0,0.0,0.0,0.0,0.0,0.0,0.0,0.0,0.0,0.0,0.16666666666666666,0.0,0.0,0.0,0.0,0.010810810810810811,0.0
CAMDEN-BARRINGTON BORO,0.046875,0.016666666666666666,0.0625,0.0,0.01764705882352941,0.18181818181818182,0.0320855614973262,0.0,0.0,0.015873015873015872,0.1111111111111111,0.05405405405405406,0.0,0.0,0.06451612903225806,0.0,1.0,0.0,0.2857142857142857,0.0,0.0,0.0,0.06666666666666667,0.0,0.0,0.0,0.0,0.08333333333333333,0.0,0.0,0.0,0.0,0.0,0.1,0.0,0.2,0.0,0.0,0.0,0.037037037037037035,0.0,0.0,0.0,0.0,0.0,0.0,0.03636363636363636,0.0,0.2,0.05,0.03896103896103896,0.0,0.0,0.0,0.0,0.0,0.0,0.03910614525139665,0.0,0.0,0.0,0.0,0.03658536585365854,0.043478260869565216,0.0,0.0,0.0,0.0,0.0,0.0,0.0,0.0,0.05681818181818182,0.0,0.0,0.0,0.0,0.029850746268656716,0.0,0.0,0.03680981595092025,0.0625,0.0,0.0,0.0,0.0,0.0,0.0,0.0,0.0,0.0,0.0,0.125,0.0,0.0625,0.0,0.011494252873563218,0.0,0.0,0.03867403314917127,0.0,0.0,0.0,0.0,0.0,0.0,0.0,0.0,0.0,0.0,0.0,0.0,0.014598540145985401,0.0,0.0,0.0,0.0,0.0,0.0,0.0,0.0,0.0,0.08333333333333333,0.0,0.0,0.15000000000000002,0.0,0.0,0.0,0.0,0.0,0.0,0.0,0.0,0.0,0.0,0.0,0.0,0.0,0.0,0.0,1.0,0.0,0.028169014084507043,0.0,0.125,0.0,0.0,0.0,0.0,0.0,0.0,0.0,0.0,0.25,0.0,0.0,0.0,0.0,0.0,0.14285714285714285,0.0,0.0,0.0,0.0,0.0,0.0,0.0,0.16666666666666666,0.0,0.0,0.0,0.0,0.032432432432432434,0.0
CAMDEN-BELLMAWR BORO,0.1171875,0.03333333333333333,0.13392857142857142,0.02631578947368421,0.052941176470588235,0.36363636363636365,0.0855614973262032,0.0,0.0,0.1111111111111111,0.0,0.16216216216216217,0.0,0.0,0.12903225806451613,0.0,0.0,0.1764705882352941,0.42857142857142855,0.0,0.06666666666666667,0.0,0.13333333333333333,0.0,0.0,0.0,0.1111111111111111,0.16666666666666666,0.0,0.0,0.0,0.5,0.0,0.0,0.0,0.32,0.08695652173913043,0.0,0.0,0.037037037037037035,0.0,0.0297029702970297,0.0,0.0,0.0,0.0,0.08484848484848485,0.6000000000000001,0.0,0.0,0.09090909090909091,0.125,0.5,0.0,0.0,0.0,0.0625,0.0893854748603352,0.0,0.0,0.0,0.0,0.07317073170731708,0.13043478260869565,0.6666666666666666,0.0,0.0,0.0,0.0,0.0,0.0,0.0,0.13636363636363635,0.2,0.0,0.0,0.125,0.029850746268656716,0.0,0.0,0.06748466257668712,0.1875,0.5,0.0,0.11764705882352941,0.0,0.0,0.0,0.0,0.0,0.0,0.0,0.225,0.05,0.0,0.017543859649122806,0.06896551724137931,0.0,0.0,0.07734806629834254,1.0,0.0,0.0,0.0,0.0,0.0,0.0,0.0,0.0,0.0,0.0,0.0,0.0364963503649635,0.0,0.0,0.0,0.0,0.0,0.0,0.037037037037037035,0.0,0.0,0.41666666666666663,0.0,0.0,0.05,0.0,0.0,0.0,0.0,0.1111111111111111,0.1111111111111111,0.0,0.0,0.0,0.0,0.0,0.0,0.0,0.0,0.0,0.0,0.0,0.1267605633802817,0.0,0.0,0.0,0.0,0.0,0.0,0.0,0.0,0.0,0.0,0.25,0.0,0.25,0.0,0.0,0.0,0.14285714285714285,0.0,0.0,0.0,0.08333333333333333,0.0,0.5,0.0,0.0,0.0,0.0,0.0,0.0,0.08648648648648649,0.0
CAMDEN-BERLIN BORO,0.0390625,0.08333333333333333,0.05357142857142857,0.05263157894736842,0.052941176470588235,0.045454545454545456,0.0481283422459893,0.0,0.015151515151515152,0.12698412698412698,0.0,0.02702702702702703,0.0,0.0,0.0,0.0,0.0,0.11764705882352941,0.14285714285714285,0.08333333333333333,0.06666666666666667,0.0,0.0,0.08333333333333333,0.0,0.0,0.0,0.027777777777777776,0.0,0.014925373134328358,0.125,0.0,0.0,0.0,0.0,0.0,0.17391304347826086,0.0,0.0,0.037037037037037035,0.0,0.0,0.0,0.0,0.0,0.0,0.06060606060606061,0.0,0.0,0.0,0.06493506493506494,0.0,0.0,0.0,0.0,0.0,0.0,0.0558659217877095,0.0,0.0,0.0,0.0,0.04878048780487805,0.08695652173913043,0.0,0.0,0.0,0.0,0.0,0.0,0.0,0.0,0.07954545454545454,0.0,0.0,0.0,0.0,0.029850746268656716,0.03571428571428571,0.0,0.049079754601226995,0.0625,0.0,0.5,0.0,0.0,0.0,0.0,0.0,0.0,0.0,0.0,0.0,0.0,0.0,0.0,0.11494252873563218,0.0,0.0,0.055248618784530384,0.0,0.0,0.0,0.0,1.0,0.0,0.0,0.0,0.0,0.0,0.0,0.0,0.0072992700729927005,0.0,0.0,0.0,0.0,0.0,0.07142857142857142,0.2222222222222222,0.0,0.0,0.0,0.0,0.0,0.0,0.0,0.0,0.0,0.0,0.0,0.0,0.0,0.0,0.0,0.0,0.0,0.0,0.0,0.0,0.015873015873015872,0.0,0.0,0.1267605633802817,0.0,0.0,0.0,0.0,0.0,0.0,0.0,0.0,0.0,0.0,0.0,0.0,0.0,0.0,0.0,0.0,0.0,0.0,0.0,0.0,0.0,0.0,0.0,0.0,0.0,0.0,0.0,0.0,0.0,0.04864864864864865,0.0
CAMDEN-BERLIN TWP,0.0390625,0.016666666666666666,0.04464285714285714,0.013157894736842105,0.01764705882352941,0.13636363636363635,0.0267379679144385,0.0,0.045454545454545456,0.0,0.0,0.05405405405405406,0.0,0.0,0.03225806451612903,0.0,0.0,0.0,0.0,0.0,0.0,0.0,0.0,0.0,0.0,0.0,0.0,0.05555555555555555,0.0,0.04477611940298507,0.0,0.0,0.0,0.1,0.0,0.0,0.043478260869565216,0.0,0.0,0.018518518518518517,0.0,0.0297029702970297,0.0,0.0,0.0,0.1111111111111111,0.012121212121212121,0.2,0.2,0.05,0.025974025974025976,0.125,0.0,0.0,0.0,0.0,0.0,0.0335195530726257,0.0,0.0,0.0,0.0,0.03048780487804878,0.043478260869565216,0.0,0.0,0.0,0.0,0.0,0.0,0.0,0.0,0.03409090909090909,0.0,0.0,0.0,0.0,0.04477611940298507,0.0,0.0,0.03067484662576687,0.0,0.0,0.0,0.058823529411764705,0.0,0.0,0.0,0.0,0.0,0.0,0.0,0.025,0.0,0.0625,0.0,0.04597701149425287,0.0,0.0,0.03314917127071823,0.0,0.0,0.0,0.0,0.0,0.0,0.0,0.0,0.0,0.0,0.0,0.0,0.021897810218978103,0.0,0.0,0.0,0.0,0.0,0.03571428571428571,0.0,0.0,0.0,0.041666666666666664,0.0,0.0,0.05,0.0,0.0,0.0,0.0,0.1111111111111111,0.0,0.0,0.0,0.0,0.0,0.0,0.0,0.0,0.0,0.015873015873015872,0.0,0.0,0.028169014084507043,0.0,0.0,0.0,0.0,0.0,0.0,0.0,0.0,0.0,0.0,0.0,0.0,0.0,0.0,0.0,0.0,0.14285714285714285,0.0,0.0,0.0,0.08333333333333333,0.0,0.0,0.0,0.0,0.0,0.0,0.0,0.0,0.02702702702702703,0.0
CAMDEN-BROOKLAWN BORO,0.0,0.016666666666666666,0.008928571428571428,0.0,0.0058823529411764705,0.0,0.0,0.0,0.015151515151515152,0.0,0.0,0.0,0.0,0.0,0.0,0.0,0.0,0.0,0.0,0.0,0.0,0.0,0.0,0.0,0.0,0.0,0.0,0.0,0.0,0.014925373134328358,0.0,0.0,0.0,0.0,0.0,0.0,0.021739130434782608,0.0,0.0,0.0,0.0,0.0,0.0,0.0,0.0,0.0,0.006060606060606061,0.0,0.0,0.0,0.006493506493506494,0.0,0.0,0.0,0.0,0.0,0.0625,0.0,0.0,0.0,0.0,0.0,0.006097560975609756,0.0,0.0,0.0,0.0,0.0,0.0,0.0,0.0,0.0,0.0,0.0,0.0,0.0,0.0,0.0,0.03571428571428571,0.0,0.006134969325153374,0.0,0.0,0.0,0.0,0.0,0.0,0.0,0.0,0.0,0.0,0.0,0.025,0.0,0.0,0.0,0.0,0.0,0.0,0.0055248618784530384,0.0,0.0,0.0,0.0,0.0,0.0,0.0,0.0,0.0,0.0,0.0,0.0,0.0,0.0,0.0,0.0,0.0,0.0,0.0,0.037037037037037035,0.0,0.0,0.0,0.0,0.0,0.0,0.0,0.0,0.0,0.0,0.0,0.0,0.0,0.0,0.0,0.0,0.0,0.0,0.0,0.0,0.0,0.0,0.0,0.014084507042253521,0.0,0.0,0.0,0.0,0.0,0.0,0.0,0.0,0.0,0.0,0.0,0.0,0.0,0.0,0.0,0.0,0.0,0.0,0.0,0.0,0.0,0.0,0.0,0.0,0.0,0.0,0.0,0.0,0.0,0.0,0.0
CAMDEN-CAMDEN CITY,0.4375,0.6833333333333333,0.5892857142857143,0.40789473684210525,0.47058823529411764,0.7727272727272727,0.5133689839572192,0.0,0.24242424242424243,0.5555555555555556,0.4444444444444444,0.5135135135135136,0.14285714285714285,0.0,0.7096774193548387,0.0,0.0,0.4117647058823529,0.2857142857142857,0.6666666666666666,0.13333333333333333,0.0,0.2,0.08333333333333333,0.0,0.0,0.7777777777777777,0.8888888888888888,0.0,0.34328358208955223,0.375,0.0,0.0,0.1,0.0,0.56,0.19565217391304346,0.13793103448275862,0.0,0.37037037037037035,0.0,0.46534653465346537,0.0,0.75,0.0,0.16666666666666666,0.5272727272727272,1.0,0.4,0.25,0.5064935064935066,1.0,0.5,0.36363636363636365,0.0,0.0,1.0,0.45251396648044695,0.0,0.0,0.0,0.0,0.5304878048780488,0.3913043478260869,0.3333333333333333,0.0,0.0,0.0,0.0,0.0,0.0,0.0,0.5454545454545454,0.2,1.0,0.25,0.125,0.5373134328358209,0.14285714285714285,0.0,0.5276073619631902,0.3125,0.5,0.0,0.29411764705882354,0.0,0.0,0.0,0.0,0.0,0.0,0.0,0.5750000000000001,0.25,0.3125,0.2631578947368421,0.5632183908045977,0.0,0.5,0.5027624309392265,0.6666666666666666,1.0,1.0,0.3333333333333333,0.0,0.0,0.0,0.0,1.0,0.0,0.0,0.0,0.49635036496350365,0.0,0.0,0.0,0.09090909090909091,0.0,0.0,0.4444444444444444,0.0,0.0,0.4583333333333333,0.0,0.0,0.05,0.0,0.3333333333333333,0.0,0.0,0.5555555555555556,0.3333333333333333,0.0,0.0,0.5,0.0,1.0,0.0,0.0,0.16666666666666666,0.25396825396825395,0.0,0.0,0.5211267605633803,1.0,0.25,0.0,0.0,0.0,1.0,0.0,0.0,0.0,0.0,1.0,0.0,0.375,0.0,0.0,1.0,1.0,1.0,0.0,0.0,0.3333333333333333,0.0,0.0,1.0,0.16666666666666666,0.0,0.0,0.5,0.0,0.5135135135135136,0.3333333333333333
CAMDEN-CHERRY HILL TWP,0.2734375,0.36666666666666664,0.33035714285714285,0.2631578947368421,0.27647058823529413,0.4545454545454546,0.2994652406417112,0.0,0.19696969696969696,0.38095238095238093,0.0,0.1891891891891892,0.2857142857142857,0.0,0.3548387096774194,0.0,0.0,0.29411764705882354,0.7142857142857142,0.41666666666666663,0.13333333333333333,0.6666666666666666,0.2,0.16666666666666666,0.0,0.0,0.0,0.2777777777777778,0.0,0.208955223880597,0.25,0.0,0.0,0.2,0.0,0.32,0.5217391304347826,0.13793103448275862,0.0,0.25925925925925924,0.0,0.06930693069306931,0.0,0.0,0.0,0.16666666666666666,0.3212121212121212,0.2,0.0,0.45,0.27272727272727276,0.375,0.5,0.09090909090909091,0.0,0.0,0.25,0.29608938547486036,0.0,0.0,0.0,0.0,0.2804878048780488,0.43478260869565216,0.3333333333333333,0.0,0.0,0.0,0.0,0.0,0.0,0.0,0.32954545454545453,0.4,0.5,0.0,0.1875,0.08955223880597014,0.5357142857142857,0.0,0.26993865030674846,0.4375,1.0,0.0,0.23529411764705882,0.0,0.0,0.0,0.0,0.0,0.0,0.0,0.47500000000000003,0.1,0.625,0.017543859649122806,0.28735632183908044,0.0,0.0,0.3149171270718232,0.0,0.0,0.0,0.0,0.0,0.0,0.0,0.0,0.0,0.0,0.0,0.0,0.051094890510948905,0.0,0.0,0.125,0.09090909090909091,0.0,0.3571428571428571,0.6666666666666666,0.0,0.14893617021276595,0.3333333333333333,0.0,0.0,0.2,0.0,0.0,0.0,0.0,0.3333333333333333,0.0,0.0,0.0,0.0,0.0,0.0,0.0,0.0,0.16666666666666666,0.14285714285714285,0.0,0.0,0.4647887323943662,0.0,0.25,0.0,1.0,0.0,0.0,0.0,0.0,0.0,0.0,0.5,0.0,0.0,0.0,0.0,0.0,0.14285714285714285,0.0,0.0,0.0,0.25,0.0,0.5,0.0,0.0,0.0,0.0,0.0,1.0,0.3027027027027027,0.0
CAMDEN-CHESILHURST BORO,0.0,0.03333333333333333,0.017857142857142856,0.0,0.011764705882352941,0.0,0.0053475935828877,0.0,0.015151515151515152,0.015873015873015872,0.0,0.0,0.0,0.0,0.0,0.0,0.0,0.0,0.0,0.0,0.0,0.0,0.06666666666666667,0.0,0.0,0.0,0.0,0.0,0.0,0.014925373134328358,0.0,0.0,0.0,0.0,0.0,0.0,0.043478260869565216,0.0,0.0,0.0,0.0,0.0,0.0,0.0,0.0,0.0,0.012121212121212121,0.0,0.0,0.0,0.012987012987012988,0.0,0.0,0.0,0.0,0.0,0.0,0.0111731843575419,0.0,0.0,0.0,0.0,0.006097560975609756,0.043478260869565216,0.0,0.0,0.0,0.0,0.0,0.0,0.0,0.0,0.011363636363636364,0.0,0.0,0.0,0.0,0.0,0.03571428571428571,0.0,0.006134969325153374,0.0625,0.0,0.0,0.0,0.0,0.0,0.0,0.0,0.0,0.0,0.0,0.0,0.0,0.0,0.0,0.022988505747126436,0.0,0.0,0.011049723756906077,0.0,0.0,0.0,0.0,0.0,0.0,0.0,0.0,0.0,0.0,0.0,0.0,0.0,0.0,0.0,0.0,0.0,0.0,0.0,0.0,0.0,0.0425531914893617,0.0,0.0,0.0,0.0,0.0,0.0,0.0,0.0,0.0,0.0,0.0,0.0,0.0,0.0,0.0,0.0,0.0,0.0,0.0,0.0,0.0,0.014084507042253521,0.0,0.125,0.0,0.0,0.0,0.0,0.0,0.0,0.0,0.0,0.0,0.0,0.0,0.0,0.0,0.0,0.0,0.0,0.0,0.0,0.0,0.0,0.0,0.0,0.0,0.0,0.0,0.0,0.0,0.005405405405405406,0.0