location,severity_rating5_4,severity_rating5_5,intersection_N,intersection_Y,alcohol_involved_N,alcohol_involved_Y,hazmat_involved_N,hazmat_involved_Y,hs_collision_type_1,hs_collision_type_2,hs_collision_type_3,hs_collision_type_4,hs_collision_type_5,hs_collision_type_6,hs_collision_type_7,hs_collision_type_8,hs_collision_type_9,crash_type_1.0,crash_type_2.0,crash_type_3.0,crash_type_4.0,crash_type_5.0,crash_type_6.0,crash_type_7.0,crash_type_8.0,crash_type_9.0,crash_type_10.0,crash_type_11.0,crash_type_12.0,crash_type_13.0,crash_type_14.0,crash_type_15.0,crash_type_16.0,crash_type_99.0,road_sys_code_0,road_sys_code_1,road_sys_code_2,road_sys_code_3,road_sys_code_4,road_sys_code_5,road_sys_code_6,road_sys_code_7,road_sys_code_8,road_sys_code_9,road_sys_code_10,road_horiz_align_code_0.0,road_horiz_align_code_1.0,road_horiz_align_code_2.0,road_horiz_align_code_3.0,road_grade_code_0.0,road_grade_code_4.0,road_grade_code_5.0,road_grade_code_6.0,road_grade_code_7.0,road_grade_code_8.0,road_surf_code_0.0,road_surf_code_1.0,road_surf_code_2.0,road_surf_code_3.0,road_surf_code_5.0,road_surf_code_99.0,surf_cond_code_0.0,surf_cond_code_1.0,surf_cond_code_2.0,surf_cond_code_3.0,surf_cond_code_4.0,surf_cond_code_5.0,surf_cond_code_6.0,surf_cond_code_7.0,surf_cond_code_9.0,surf_cond_code_99.0,light_cond_code_0.0,light_cond_code_1.0,light_cond_code_2.0,light_cond_code_3.0,light_cond_code_4.0,light_cond_code_5.0,light_cond_code_6.0,light_cond_code_7.0,environ_cond_code_0.0,environ_cond_code_1.0,environ_cond_code_2.0,environ_cond_code_3.0,environ_cond_code_4.0,environ_cond_code_5.0,environ_cond_code_6.0,environ_cond_code_7.0,environ_cond_code_8.0,environ_cond_code_9.0,environ_cond_code_10.0,environ_cond_code_99.0,road_median_code_0.0,road_median_code_1.0,road_median_code_2.0,road_median_code_3.0,road_median_code_4.0,road_median_code_5.0,road_median_code_99.0,temp_traffic_zone_0.0,temp_traffic_zone_1.0,temp_traffic_zone_2.0,temp_traffic_zone_3.0,temp_traffic_zone_4.0,temp_traffic_zone_5.0,posted_speed_0.0,posted_speed_2.0,posted_speed_3.0,posted_speed_4.0,posted_speed_5.0,posted_speed_10.0,posted_speed_15.0,posted_speed_20.0,posted_speed_25.0,posted_speed_26.0,posted_speed_28.0,posted_speed_30.0,posted_speed_35.0,posted_speed_36.0,posted_speed_40.0,posted_speed_45.0,posted_speed_47.0,posted_speed_50.0,posted_speed_55.0,posted_speed_56.0,posted_speed_60.0,posted_speed_65.0,first_harmful_event_0.0,first_harmful_event_1.0,first_harmful_event_2.0,first_harmful_event_3.0,first_harmful_event_5.0,first_harmful_event_6.0,first_harmful_event_7.0,first_harmful_event_9.0,first_harmful_event_11.0,first_harmful_event_12.0,first_harmful_event_13.0,first_harmful_event_14.0,first_harmful_event_19.0,first_harmful_event_21.0,first_harmful_event_22.0,first_harmful_event_23.0,first_harmful_event_24.0,first_harmful_event_26.0,first_harmful_event_27.0,first_harmful_event_28.0,first_harmful_event_29.0,first_harmful_event_30.0,first_harmful_event_39.0,first_harmful_event_41.0,first_harmful_event_42.0,first_harmful_event_43.0,first_harmful_event_44.0,first_harmful_event_45.0,first_harmful_event_46.0,first_harmful_event_47.0,first_harmful_event_48.0,first_harmful_event_49.0,first_harmful_event_50.0,first_harmful_event_51.0,first_harmful_event_52.0,first_harmful_event_53.0,first_harmful_event_54.0,first_harmful_event_55.0,first_harmful_event_56.0,first_harmful_event_57.0,first_harmful_event_58.0,first_harmful_event_59.0,first_harmful_event_60.0,first_harmful_event_61.0,first_harmful_event_62.0,first_harmful_event_69.0,first_harmful_event_99.0,flg_cell_in_use_N,flg_cell_in_use_Y
CAPE MAY-MIDDLE TWP,0.21875,0.4166666666666667,0.4107142857142857,0.09210526315789473,0.2529411764705882,0.4545454545454546,0.2780748663101604,0.0,0.09090909090909091,0.23809523809523808,0.1111111111111111,0.6756756756756757,0.0,0.0,0.1935483870967742,0.0,0.0,0.23529411764705882,0.2857142857142857,0.16666666666666666,0.2,0.0,0.06666666666666667,0.16666666666666666,0.0,0.25,0.2222222222222222,0.5833333333333333,0.0,0.16417910447761194,0.0,0.5,0.0,0.1,0.0,0.0,0.6956521739130435,0.3448275862068966,0.0,0.1111111111111111,0.0,0.04950495049504951,0.0,0.0,0.0,0.3333333333333333,0.26666666666666666,0.0,0.6000000000000001,0.15000000000000002,0.3181818181818182,0.0,0.25,0.0,0.0,0.0,0.0625,0.28491620111731847,0.5,0.0,0.0,0.0,0.25609756097560976,0.43478260869565216,0.0,0.25,0.0,0.0,0.0,0.0,0.0,0.0,0.3522727272727273,0.4,0.0,0.25,0.375,0.07462686567164178,0.25,0.0,0.26993865030674846,0.1875,1.0,0.0,0.23529411764705882,0.0,0.0,0.0,0.0,0.0,0.0,0.0,0.225,0.15000000000000002,0.375,0.03508771929824561,0.3793103448275862,0.0,0.0,0.281767955801105,0.6666666666666666,0.0,0.0,0.0,0.0,0.0,0.0,0.0,0.0,0.0,0.0,0.0,0.014598540145985401,0.0,0.0,0.125,0.4545454545454546,0.0,0.21428571428571427,0.3333333333333333,0.0,0.3404255319148936,0.0,0.0,0.0,0.45,0.0,0.16666666666666666,0.0,0.0,0.8888888888888888,0.2222222222222222,0.1111111111111111,0.0,0.0,0.0,0.0,0.0,0.0,0.0,0.14285714285714285,0.0,0.0,0.2535211267605634,0.0,0.125,0.0,0.0,0.5,0.0,0.0,0.0,0.0,0.0,0.75,0.0,0.125,0.0,0.0,0.0,0.42857142857142855,0.0,0.0,0.0,0.0,0.0,0.0,0.0,0.8333333333333333,0.0,0.0,0.0,0.0,0.2810810810810811,0.0
CAPE MAY-NORTH WILDWOOD CITY,0.015625,0.0,0.008928571428571428,0.013157894736842105,0.0058823529411764705,0.045454545454545456,0.0053475935828877,0.0,0.0,0.0,0.0,0.0,0.14285714285714285,0.0,0.03225806451612903,0.0,0.0,0.0,0.0,0.0,0.0,0.0,0.0,0.0,0.0,0.0,0.0,0.027777777777777776,0.0,0.0,0.125,0.0,0.0,0.0,0.0,0.0,0.021739130434782608,0.0,0.0,0.0,0.0,0.009900990099009901,0.0,0.0,0.0,0.0,0.012121212121212121,0.0,0.0,0.0,0.012987012987012988,0.0,0.0,0.0,0.0,0.0,0.0,0.0111731843575419,0.0,0.0,0.0,0.0,0.012195121951219513,0.0,0.0,0.0,0.0,0.0,0.0,0.0,0.0,0.0,0.011363636363636364,0.0,0.25,0.0,0.0,0.0,0.0,0.0,0.012269938650306749,0.0,0.0,0.0,0.0,0.0,0.0,0.0,0.0,0.0,0.0,0.0,0.0,0.0,0.0,0.0,0.022988505747126436,0.0,0.0,0.011049723756906077,0.0,0.0,0.0,0.0,0.0,0.0,0.0,0.0,0.0,0.0,0.0,0.0,0.0072992700729927005,0.0,0.0,0.125,0.0,0.0,0.0,0.0,0.0,0.0,0.0,0.0,0.0,0.0,0.0,0.0,0.0,0.0,0.0,0.0,0.0,0.0,0.0,0.0,0.0,0.0,0.0,0.16666666666666666,0.0,0.0,0.0,0.0,0.0,0.0,0.0,0.0,0.0,0.0,0.0,0.0,0.0,0.0,0.0,0.0,0.0,0.0,0.0,0.0,0.0,0.0,0.5,0.0,0.0,0.0,0.0,0.0,0.0,0.0,0.0,0.0,0.0,0.005405405405405406,0.0
CAPE MAY-OCEAN CITY,0.046875,0.0,0.03571428571428571,0.02631578947368421,0.03529411764705882,0.0,0.0267379679144385,0.0,0.015151515151515152,0.047619047619047616,0.0,0.02702702702702703,0.14285714285714285,0.0,0.0,0.0,0.0,0.0,0.0,0.0,0.0,0.0,0.13333333333333333,0.0,0.0,0.0,0.0,0.0,0.0,0.04477611940298507,0.125,0.0,0.0,0.0,0.0,0.0,0.0,0.0,0.0,0.037037037037037035,0.0,0.039603960396039604,0.0,0.0,0.0,0.0,0.03636363636363636,0.0,0.0,0.0,0.03896103896103896,0.0,0.0,0.0,0.0,0.0,0.0,0.0335195530726257,0.0,0.0,0.0,0.0,0.03658536585365854,0.0,0.0,0.0,0.0,0.0,0.0,0.0,0.0,0.0,0.05681818181818182,0.0,0.0,0.125,0.0,0.0,0.0,0.0,0.03680981595092025,0.0,0.0,0.0,0.0,0.0,0.0,0.0,0.0,0.0,0.0,0.0,0.0,0.0,0.0,0.0,0.06896551724137931,0.0,0.0,0.03314917127071823,0.0,0.0,0.0,0.0,0.0,0.0,0.0,0.0,0.0,0.0,0.3333333333333333,0.0,0.029197080291970802,0.0,0.0,0.0,0.045454545454545456,0.0,0.0,0.0,0.0,0.0,0.0,0.0,0.0,0.0,0.0,0.0,0.0,0.0,0.1111111111111111,0.0,0.0,0.0,0.0,0.0,0.0,0.0,0.0,0.16666666666666666,0.031746031746031744,0.0,0.0,0.014084507042253521,0.0,0.125,0.0,0.0,0.0,0.0,0.0,0.0,0.0,0.0,0.0,0.0,0.0,0.0,0.0,0.0,0.0,0.0,0.0,0.0,0.0,0.0,0.0,0.0,0.0,0.0,0.0,0.0,0.0,0.02702702702702703,0.0
CAPE MAY-SEA ISLE CITY,0.0234375,0.0,0.026785714285714284,0.0,0.011764705882352941,0.045454545454545456,0.010695187165775399,0.0,0.0,0.031746031746031744,0.0,0.02702702702702703,0.0,0.0,0.0,0.0,0.0,0.0,0.0,0.0,0.0,0.0,0.06666666666666667,0.0,0.0,0.0,0.0,0.0,0.0,0.0,0.125,0.0,0.0,0.1,0.0,0.0,0.0,0.0,0.0,0.018518518518518517,0.0,0.019801980198019802,0.0,0.0,0.0,0.0,0.01818181818181818,0.0,0.0,0.05,0.012987012987012988,0.0,0.0,0.0,0.0,0.0,0.0,0.01675977653631285,0.0,0.0,0.0,0.0,0.01829268292682927,0.0,0.0,0.0,0.0,0.0,0.0,0.0,0.0,0.0,0.022727272727272728,0.0,0.0,0.0,0.0,0.014925373134328358,0.0,0.0,0.018404907975460124,0.0,0.0,0.0,0.0,0.0,0.0,0.0,0.0,0.0,0.0,0.0,0.0,0.0,0.0,0.017543859649122806,0.022988505747126436,0.0,0.0,0.016574585635359115,0.0,0.0,0.0,0.0,0.0,0.0,0.0,0.0,0.0,0.0,0.0,0.0,0.021897810218978103,0.0,0.0,0.0,0.0,0.0,0.0,0.0,0.0,0.0,0.0,0.0,0.0,0.0,0.0,0.0,0.0,0.0,0.0,0.1111111111111111,0.0,0.0,0.0,0.0,0.0,0.0,0.0,0.0,0.0,0.0,0.0,0.014084507042253521,0.0,0.125,0.0,0.0,0.0,0.0,0.0,0.0,0.0,0.0,0.0,0.0,0.0,0.0,0.0,0.0,0.0,0.0,0.0,0.0,0.0,0.0,0.0,0.0,0.0,0.0,0.0,0.0,0.0,0.010810810810810811,0.0
CAPE MAY-STONE HARBOR BORO,0.0078125,0.0,0.0,0.013157894736842105,0.0058823529411764705,0.0,0.0,0.0,0.0,0.015873015873015872,0.0,0.0,0.0,0.0,0.0,0.0,0.0,0.0,0.0,0.0,0.0,0.0,0.0,0.0,0.0,0.0,0.0,0.0,0.0,0.0,0.0,0.0,0.0,0.1,0.0,0.0,0.0,0.0,0.0,0.0,0.0,0.009900990099009901,0.0,0.0,0.0,0.0,0.006060606060606061,0.0,0.0,0.0,0.006493506493506494,0.0,0.0,0.0,0.0,0.0,0.0,0.00558659217877095,0.0,0.0,0.0,0.0,0.006097560975609756,0.0,0.0,0.0,0.0,0.0,0.0,0.0,0.0,0.0,0.0,0.0,0.0,0.0,0.0,0.014925373134328358,0.0,0.0,0.006134969325153374,0.0,0.0,0.0,0.0,0.0,0.0,0.0,0.0,0.0,0.0,0.0,0.0,0.0,0.0625,0.0,0.0,0.0,0.0,0.0055248618784530384,0.0,0.0,0.0,0.0,0.0,0.0,0.0,0.0,0.0,0.0,0.0,0.0,0.0072992700729927005,0.0,0.0,0.0,0.0,0.0,0.0,0.0,0.0,0.0,0.0,0.0,0.0,0.0,0.0,0.0,0.0,0.0,0.0,0.0,0.0,0.0,0.0,0.0,0.0,0.0,0.0,0.0,0.0,0.0,0.0,0.0,0.0,0.0,0.0,0.0,0.0,0.0,0.0,0.0,0.0,0.0,0.0,0.0,0.0,0.0,0.0,0.0,0.0,0.0,0.0,0.0,0.0,0.0,0.0,0.0,0.0,0.0,0.0,0.0,1.0,0.0,0.0
CAPE MAY-UPPER TWP,0.1328125,0.26666666666666666,0.26785714285714285,0.039473684210526314,0.15294117647058825,0.3181818181818182,0.1711229946524064,0.0,0.045454545454545456,0.07936507936507936,0.0,0.5135135135135136,0.0,0.0,0.1935483870967742,0.0,0.0,0.11764705882352941,0.0,0.08333333333333333,0.26666666666666666,0.3333333333333333,0.0,0.08333333333333333,0.0,0.0,0.2222222222222222,0.41666666666666663,0.0,0.04477611940298507,0.0,0.0,0.0,0.30000000000000004,0.0,0.0,0.34782608695652173,0.20689655172413793,0.0,0.14814814814814814,0.0,0.0297029702970297,0.0,0.0,0.0,0.16666666666666666,0.1393939393939394,0.8,0.6000000000000001,0.05,0.19480519480519481,0.125,0.0,0.09090909090909091,0.0,0.0,0.0,0.18435754189944134,0.0,0.0,0.0,0.0,0.1524390243902439,0.30434782608695654,0.0,0.0,1.0,0.0,0.0,0.0,0.0,0.0,0.20454545454545456,0.0,0.5,0.0,0.5,0.014925373134328358,0.14285714285714285,0.0,0.15337423312883436,0.1875,0.0,0.5,0.1764705882352941,0.0,1.0,0.0,0.0,0.0,0.0,0.0,0.07500000000000001,0.0,0.125,0.03508771929824561,0.29885057471264365,0.0,0.0,0.18232044198895025,0.0,0.0,0.0,0.0,0.0,0.0,0.0,0.0,0.0,0.0,0.0,0.0,0.021897810218978103,0.0,0.0,0.125,0.09090909090909091,0.0,0.03571428571428571,0.2962962962962963,0.0,0.2765957446808511,0.0,0.0,0.0,0.25,0.0,0.16666666666666666,0.0,0.0,0.3333333333333333,0.0,0.3333333333333333,0.0,0.0,0.0,0.0,0.0,0.0,0.0,0.047619047619047616,0.0,0.0,0.14084507042253522,0.0,0.0,0.0,0.0,0.0,0.0,0.0,0.0,0.0,0.0,0.5,0.0,0.0,0.0,0.0,0.0,0.2857142857142857,0.0,0.5,0.0,0.25,0.0,0.0,0.0,0.6666666666666666,0.0,0.0,0.25,0.0,0.17297297297297298,0.0
CAPE MAY-WILDWOOD CITY,0.0546875,0.0,0.03571428571428571,0.039473684210526314,0.03529411764705882,0.045454545454545456,0.0320855614973262,0.0,0.015151515151515152,0.07936507936507936,0.0,0.0,0.14285714285714285,0.0,0.0,0.0,0.0,0.0,0.0,0.08333333333333333,0.0,0.0,0.06666666666666667,0.0,0.0,0.0,0.0,0.0,0.0,0.014925373134328358,0.375,0.0,0.0,0.0,0.0,0.0,0.021739130434782608,0.0,0.0,0.05555555555555555,0.0,0.0297029702970297,0.0,0.0,0.0,0.0,0.04242424242424243,0.0,0.0,0.1,0.03246753246753247,0.0,0.0,0.0,0.0,0.0,0.0,0.03910614525139665,0.0,0.0,0.0,0.0,0.03658536585365854,0.043478260869565216,0.0,0.0,0.0,0.0,0.0,0.0,0.0,0.0,0.045454545454545456,0.0,0.0,0.0,0.0,0.029850746268656716,0.03571428571428571,0.0,0.03680981595092025,0.0625,0.0,0.0,0.0,0.0,0.0,0.0,0.0,0.0,0.0,0.0,0.0,0.0,0.0,0.017543859649122806,0.06896551724137931,0.0,0.0,0.03867403314917127,0.0,0.0,0.0,0.0,0.0,0.0,0.0,0.0,0.0,0.0,0.0,0.0,0.051094890510948905,0.0,0.0,0.0,0.0,0.0,0.0,0.0,0.0,0.0,0.0,0.0,0.0,0.0,0.0,0.0,0.0,0.0,0.0,0.0,0.0,0.0,0.0,0.0,0.0,0.0,0.0,0.5,0.015873015873015872,0.0,0.0,0.04225352112676056,0.0,0.0,0.0,0.0,0.0,0.0,0.0,0.0,0.0,0.0,0.0,0.0,0.0,0.0,0.0,0.0,0.0,0.0,0.0,0.0,0.0,0.0,0.0,0.0,0.0,0.0,0.0,0.0,0.0,0.032432432432432434,0.0
CAPE MAY-WILDWOOD CREST BORO,0.0078125,0.0,0.008928571428571428,0.0,0.0058823529411764705,0.0,0.0,0.0,0.0,0.015873015873015872,0.0,0.0,0.0,0.0,0.0,0.0,0.0,0.0,0.0,0.0,0.0,0.0,0.0,0.0,0.0,0.0,0.0,0.0,0.0,0.0,0.125,0.0,0.0,0.0,0.0,0.0,0.0,0.0,0.0,0.0,0.0,0.009900990099009901,0.0,0.0,0.0,0.0,0.006060606060606061,0.0,0.0,0.0,0.006493506493506494,0.0,0.0,0.0,0.0,0.0,0.0,0.00558659217877095,0.0,0.0,0.0,0.0,0.006097560975609756,0.0,0.0,0.0,0.0,0.0,0.0,0.0,0.0,0.0,0.011363636363636364,0.0,0.0,0.0,0.0,0.0,0.0,0.0,0.006134969325153374,0.0,0.0,0.0,0.0,0.0,0.0,0.0,0.0,0.0,0.0,0.0,0.0,0.0,0.0,0.0,0.011494252873563218,0.0,0.0,0.0055248618784530384,0.0,0.0,0.0,0.0,0.0,0.0,0.0,0.0,0.0,0.0,0.0,0.0,0.0072992700729927005,0.0,0.0,0.0,0.0,0.0,0.0,0.0,0.0,0.0,0.0,0.0,0.0,0.0,0.0,0.0,0.0,0.0,0.0,0.0,0.0,0.0,0.0,0.0,0.0,0.0,0.0,0.0,0.0,0.0,0.0,0.014084507042253521,0.0,0.0,0.0,0.0,0.0,0.0,0.0,0.0,0.0,0.0,0.0,0.0,0.0,0.0,0.0,0.0,0.0,0.0,0.0,0.0,0.0,0.0,0.0,0.0,0.0,0.0,0.0,0.0,0.0,0.0,0.0
CAPE MAY-WOODBINE BORO,0.0234375,0.0,0.026785714285714284,0.0,0.01764705882352941,0.0,0.010695187165775399,0.0,0.0,0.0,0.0,0.08108108108108109,0.0,0.0,0.0,0.0,0.0,0.0,0.0,0.0,0.0,0.0,0.0,0.0,0.0,0.0,0.0,0.08333333333333333,0.0,0.0,0.0,0.0,0.0,0.0,0.0,0.0,0.0,0.0,0.0,0.05555555555555555,0.0,0.0,0.0,0.0,0.0,0.0,0.012121212121212121,0.2,0.0,0.0,0.01948051948051948,0.0,0.0,0.0,0.0,0.0,0.0,0.01675977653631285,0.0,0.0,0.0,0.0,0.012195121951219513,0.043478260869565216,0.0,0.0,0.0,0.0,0.0,0.0,0.0,0.0,0.011363636363636364,0.0,0.0,0.0,0.0625,0.0,0.03571428571428571,0.0,0.012269938650306749,0.0625,0.0,0.0,0.0,0.0,0.0,0.0,0.0,0.0,0.0,0.0,0.0,0.0,0.0,0.0,0.034482758620689655,0.0,0.0,0.016574585635359115,0.0,0.0,0.0,0.0,0.0,0.0,0.0,0.0,0.0,0.0,0.0,0.0,0.0,0.0,0.0,0.0,0.0,0.0,0.0,0.0,0.0,0.06382978723404255,0.0,0.0,0.0,0.0,0.0,0.0,0.0,0.0,0.0,0.1111111111111111,0.0,0.0,0.0,0.0,0.0,0.0,0.0,0.0,0.0,0.0,0.0,0.0,0.0,0.0,0.0,0.0,0.0,0.0,0.0,0.0,0.0,0.0,0.0,0.0,0.0,0.0,0.0,0.0,0.0,0.0,0.5,0.0,0.0,0.0,0.0,0.0,0.16666666666666666,0.0,0.0,0.0,0.0,0.010810810810810811,0.0
CUMBERLAND-BRIDGETON CITY,0.0546875,0.08333333333333333,0.08035714285714285,0.039473684210526314,0.058823529411764705,0.09090909090909091,0.0588235294117647,0.0,0.030303030303030304,0.047619047619047616,0.0,0.08108108108108109,0.0,0.0,0.12903225806451613,0.0,0.0,0.058823529411764705,0.0,0.0,0.0,0.6666666666666666,0.06666666666666667,0.0,0.0,0.0,0.0,0.16666666666666666,0.0,0.029850746268656716,0.0,0.0,0.0,0.0,0.0,0.0,0.08695652173913043,0.0,0.0,0.12962962962962962,0.0,0.009900990099009901,0.0,0.0,0.0,0.05555555555555555,0.05454545454545454,0.2,0.2,0.05,0.05844155844155845,0.125,0.0,0.09090909090909091,0.0,0.0,0.0,0.0670391061452514,0.0,0.0,0.0,0.0,0.054878048780487805,0.13043478260869565,0.0,0.0,0.0,0.0,0.0,0.0,0.0,0.0,0.06818181818181818,0.2,0.0,0.0,0.125,0.04477611940298507,0.0,0.0,0.049079754601226995,0.1875,0.0,0.0,0.058823529411764705,0.0,0.0,0.0,0.0,0.0,0.0,0.0,0.0,0.0,0.0,0.0,0.13793103448275862,0.0,0.0,0.06629834254143646,0.0,0.0,0.0,0.0,0.0,0.0,0.0,0.0,0.0,0.0,0.0,0.0,0.029197080291970802,0.0,0.0,0.25,0.045454545454545456,0.0,0.14285714285714285,0.0,0.0,0.02127659574468085,0.0,0.0,0.0,0.0,0.0,0.0,0.0,0.0,0.0,0.0,0.0,0.0,0.0,0.0,0.0,0.0,0.0,0.0,0.031746031746031744,0.0,0.0,0.04225352112676056,0.0,0.125,0.0,0.0,0.0,0.0,0.0,0.0,0.0,0.0,0.0,0.0,0.0,0.0,0.0,0.0,0.14285714285714285,0.0,0.0,0.0,0.25,0.0,0.0,0.0,0.3333333333333333,0.0,0.0,0.0,0.0,0.05945945945945946,0.0
CUMBERLAND-COMMERCIAL TWP,0.0078125,0.06666666666666667,0.026785714285714284,0.02631578947368421,0.023529411764705882,0.045454545454545456,0.0213903743315508,0.0,0.015151515151515152,0.0,0.0,0.10810810810810811,0.0,0.0,0.0,0.0,0.0,0.0,0.0,0.0,0.0,0.0,0.0,0.0,0.0,0.0,0.0,0.1111111111111111,0.0,0.014925373134328358,0.0,0.0,0.0,0.0,0.0,0.0,0.0,0.0,0.0,0.09259259259259259,0.0,0.0,0.0,0.0,0.0,0.0,0.024242424242424242,0.0,0.2,0.0,0.03246753246753247,0.0,0.0,0.0,0.0,0.0,0.0,0.02793296089385475,0.0,0.0,0.0,0.0,0.012195121951219513,0.08695652173913043,0.0,0.0,1.0,0.0,0.0,0.0,0.0,0.0,0.03409090909090909,0.0,0.0,0.0,0.0625,0.014925373134328358,0.0,0.0,0.012269938650306749,0.125,0.5,0.0,0.0,0.0,0.0,0.0,0.0,0.0,0.0,0.0,0.0,0.0,0.0,0.0,0.05747126436781609,0.0,0.0,0.027624309392265192,0.0,0.0,0.0,0.0,0.0,0.0,0.0,0.0,0.0,0.0,0.0,0.0,0.0072992700729927005,0.0,0.0,0.0,0.0,0.0,0.0,0.0,0.0,0.0851063829787234,0.0,0.0,0.0,0.0,0.0,0.0,0.0,0.0,0.1111111111111111,0.0,0.0,0.0,0.0,0.0,0.0,0.0,0.0,0.0,0.015873015873015872,0.0,0.0,0.0,0.0,0.0,0.0,0.0,0.0,0.0,0.0,0.0,0.0,0.0,0.0,0.0,0.0,0.0,0.0,0.0,0.14285714285714285,0.0,0.0,0.0,0.0,0.0,0.0,0.0,0.3333333333333333,0.0,0.0,0.0,0.0,0.021621621621621623,0.0
CUMBERLAND-DEERFIELD TWP,0.03125,0.03333333333333333,0.03571428571428571,0.02631578947368421,0.023529411764705882,0.09090909090909091,0.0267379679144385,0.0,0.0,0.0,0.0,0.16216216216216217,0.0,0.0,0.0,0.0,0.0,0.0,0.0,0.08333333333333333,0.0,0.0,0.0,0.0,0.0,0.0,0.0,0.1111111111111111,0.0,0.0,0.0,0.0,0.0,0.0,0.0,0.0,0.021739130434782608,0.0,0.0,0.09259259259259259,0.0,0.0,0.0,0.0,0.0,0.0,0.03636363636363636,0.0,0.0,0.0,0.03246753246753247,0.125,0.0,0.0,0.0,0.0,0.0,0.0335195530726257,0.0,0.0,0.0,0.0,0.03658536585365854,0.0,0.0,0.0,0.0,0.0,0.0,0.0,0.0,0.0,0.03409090909090909,0.0,0.0,0.0,0.0,0.014925373134328358,0.07142857142857142,0.0,0.03680981595092025,0.0,0.0,0.0,0.0,0.0,0.0,0.0,0.0,0.0,0.0,0.0,0.0,0.0,0.0,0.0,0.06896551724137931,0.0,0.0,0.03314917127071823,0.0,0.0,0.0,0.0,0.0,0.0,0.0,0.0,0.0,0.0,0.0,0.0,0.0,0.0,0.0,0.0,0.0,0.0,0.0,0.0,0.0,0.1276595744680851,0.0,0.0,0.0,0.0,0.0,0.0,0.0,0.0,0.3333333333333333,0.1111111111111111,0.0,0.0,0.0,0.0,0.0,0.0,0.0,0.0,0.0,0.0,0.0,0.028169014084507043,0.0,0.0,0.0,0.0,0.0,0.0,0.0,0.0,0.0,0.0,0.0,0.0,0.0,0.0,0.0,0.0,0.0,0.0,0.0,0.0,0.0,0.0,0.0,0.0,0.0,0.0,0.0,0.0,0.0,0.02702702702702703,0.0
CUMBERLAND-DOWNE TWP,0.0078125,0.016666666666666666,0.017857142857142856,0.0,0.0058823529411764705,0.045454545454545456,0.0053475935828877,0.0,0.015151515151515152,0.0,0.0,0.02702702702702703,0.0,0.0,0.0,0.0,0.0,0.0,0.0,0.0,0.0,0.0,0.0,0.0,0.0,0.0,0.0,0.027777777777777776,0.0,0.014925373134328358,0.0,0.0,0.0,0.0,0.0,0.0,0.0,0.0,0.0,0.037037037037037035,0.0,0.0,0.0,0.0,0.0,0.05555555555555555,0.006060606060606061,0.0,0.0,0.0,0.012987012987012988,0.0,0.0,0.0,0.0,0.0,0.0,0.0111731843575419,0.0,0.0,0.0,0.0,0.006097560975609756,0.043478260869565216,0.0,0.0,0.0,0.0,0.0,0.0,0.0,0.0,0.0,0.0,0.0,0.0,0.125,0.0,0.0,0.0,0.012269938650306749,0.0,0.0,0.0,0.0,0.0,0.0,0.0,0.0,0.0,0.0,0.0,0.0,0.0,0.0,0.0,0.022988505747126436,0.0,0.0,0.011049723756906077,0.0,0.0,0.0,0.0,0.0,0.0,0.0,0.0,0.0,0.0,0.0,0.0,0.0,0.0,0.0,0.0,0.045454545454545456,0.0,0.0,0.0,0.0,0.02127659574468085,0.0,0.0,0.0,0.0,0.0,0.0,0.0,0.0,0.1111111111111111,0.0,0.0,0.0,0.0,0.0,0.0,0.0,0.0,0.0,0.015873015873015872,0.0,0.0,0.0,0.0,0.0,0.0,0.0,0.0,0.0,0.0,0.0,0.0,0.0,0.0,0.0,0.0,0.0,0.0,0.0,0.0,0.0,0.0,0.0,0.0,0.0,0.0,0.0,0.0,0.0,0.0,0.0,0.0,0.005405405405405406,0.0
CUMBERLAND-FAIRFIELD TWP,0.0390625,0.1,0.08928571428571427,0.013157894736842105,0.06470588235294117,0.0,0.053475935828877004,0.0,0.030303030303030304,0.015873015873015872,0.0,0.1891891891891892,0.0,0.0,0.03225806451612903,0.0,0.0,0.0,0.14285714285714285,0.0,0.0,0.0,0.0,0.08333333333333333,0.0,0.0,0.1111111111111111,0.08333333333333333,0.0,0.029850746268656716,0.0,0.0,0.0,0.30000000000000004,0.0,0.0,0.10869565217391304,0.0,0.0,0.09259259259259259,0.0,0.009900990099009901,0.0,0.0,0.0,0.05555555555555555,0.06060606060606061,0.0,0.0,0.0,0.07142857142857144,0.0,0.0,0.0,0.0,0.0,0.0,0.06145251396648045,0.0,0.0,0.0,0.0,0.054878048780487805,0.08695652173913043,0.0,0.0,0.0,0.0,0.0,0.0,0.0,0.0,0.022727272727272728,0.2,0.25,0.0,0.3125,0.014925373134328358,0.03571428571428571,0.0,0.05521472392638037,0.0625,0.0,0.0,0.058823529411764705,0.0,0.0,0.0,0.0,0.0,0.0,0.0,0.0,0.0,0.0,0.0,0.12643678160919541,0.0,0.0,0.06077348066298342,0.0,0.0,0.0,0.0,0.0,0.0,0.0,0.0,0.0,0.0,0.0,0.0,0.0,0.0,0.0,0.0,0.0,0.0,0.0,0.14814814814814814,0.0,0.14893617021276595,0.0,0.0,0.0,0.0,0.0,0.16666666666666666,0.0,0.0,0.2222222222222222,0.0,0.3333333333333333,0.0,0.0,0.0,0.0,0.0,0.0,0.0,0.031746031746031744,0.0,0.0,0.028169014084507043,0.0,0.0,0.0,0.0,0.0,0.0,0.0,0.0,0.0,0.0,0.0,0.0,0.0,0.0,0.0,0.0,0.0,0.0,0.0,0.0,0.0,0.0,0.0,0.0,0.0,0.3333333333333333,0.0,0.0,0.0,0.05405405405405406,0.0