location,severity_rating5_4,severity_rating5_5,intersection_N,intersection_Y,alcohol_involved_N,alcohol_involved_Y,hazmat_involved_N,hazmat_involved_Y,hs_collision_type_1,hs_collision_type_2,hs_collision_type_3,hs_collision_type_4,hs_collision_type_5,hs_collision_type_6,hs_collision_type_7,hs_collision_type_8,hs_collision_type_9,crash_type_1.0,crash_type_2.0,crash_type_3.0,crash_type_4.0,crash_type_5.0,crash_type_6.0,crash_type_7.0,crash_type_8.0,crash_type_9.0,crash_type_10.0,crash_type_11.0,crash_type_12.0,crash_type_13.0,crash_type_14.0,crash_type_15.0,crash_type_16.0,crash_type_99.0,road_sys_code_0,road_sys_code_1,road_sys_code_2,road_sys_code_3,road_sys_code_4,road_sys_code_5,road_sys_code_6,road_sys_code_7,road_sys_code_8,road_sys_code_9,road_sys_code_10,road_horiz_align_code_0.0,road_horiz_align_code_1.0,road_horiz_align_code_2.0,road_horiz_align_code_3.0,road_grade_code_0.0,road_grade_code_4.0,road_grade_code_5.0,road_grade_code_6.0,road_grade_code_7.0,road_grade_code_8.0,road_surf_code_0.0,road_surf_code_1.0,road_surf_code_2.0,road_surf_code_3.0,road_surf_code_5.0,road_surf_code_99.0,surf_cond_code_0.0,surf_cond_code_1.0,surf_cond_code_2.0,surf_cond_code_3.0,surf_cond_code_4.0,surf_cond_code_5.0,surf_cond_code_6.0,surf_cond_code_7.0,surf_cond_code_9.0,surf_cond_code_99.0,light_cond_code_0.0,light_cond_code_1.0,light_cond_code_2.0,light_cond_code_3.0,light_cond_code_4.0,light_cond_code_5.0,light_cond_code_6.0,light_cond_code_7.0,environ_cond_code_0.0,environ_cond_code_1.0,environ_cond_code_2.0,environ_cond_code_3.0,environ_cond_code_4.0,environ_cond_code_5.0,environ_cond_code_6.0,environ_cond_code_7.0,environ_cond_code_8.0,environ_cond_code_9.0,environ_cond_code_10.0,environ_cond_code_99.0,road_median_code_0.0,road_median_code_1.0,road_median_code_2.0,road_median_code_3.0,road_median_code_4.0,road_median_code_5.0,road_median_code_99.0,temp_traffic_zone_0.0,temp_traffic_zone_1.0,temp_traffic_zone_2.0,temp_traffic_zone_3.0,temp_traffic_zone_4.0,temp_traffic_zone_5.0,posted_speed_0.0,posted_speed_2.0,posted_speed_3.0,posted_speed_4.0,posted_speed_5.0,posted_speed_10.0,posted_speed_15.0,posted_speed_20.0,posted_speed_25.0,posted_speed_26.0,posted_speed_28.0,posted_speed_30.0,posted_speed_35.0,posted_speed_36.0,posted_speed_40.0,posted_speed_45.0,posted_speed_47.0,posted_speed_50.0,posted_speed_55.0,posted_speed_56.0,posted_speed_60.0,posted_speed_65.0,first_harmful_event_0.0,first_harmful_event_1.0,first_harmful_event_2.0,first_harmful_event_3.0,first_harmful_event_5.0,first_harmful_event_6.0,first_harmful_event_7.0,first_harmful_event_9.0,first_harmful_event_11.0,first_harmful_event_12.0,first_harmful_event_13.0,first_harmful_event_14.0,first_harmful_event_19.0,first_harmful_event_21.0,first_harmful_event_22.0,first_harmful_event_23.0,first_harmful_event_24.0,first_harmful_event_26.0,first_harmful_event_27.0,first_harmful_event_28.0,first_harmful_event_29.0,first_harmful_event_30.0,first_harmful_event_39.0,first_harmful_event_41.0,first_harmful_event_42.0,first_harmful_event_43.0,first_harmful_event_44.0,first_harmful_event_45.0,first_harmful_event_46.0,first_harmful_event_47.0,first_harmful_event_48.0,first_harmful_event_49.0,first_harmful_event_50.0,first_harmful_event_51.0,first_harmful_event_52.0,first_harmful_event_53.0,first_harmful_event_54.0,first_harmful_event_55.0,first_harmful_event_56.0,first_harmful_event_57.0,first_harmful_event_58.0,first_harmful_event_59.0,first_harmful_event_60.0,first_harmful_event_61.0,first_harmful_event_62.0,first_harmful_event_69.0,first_harmful_event_99.0,flg_cell_in_use_N,flg_cell_in_use_Y
CUMBERLAND-GREENWICH TWP,0.015625,0.0,0.017857142857142856,0.0,0.0058823529411764705,0.045454545454545456,0.0053475935828877,0.0,0.0,0.0,0.0,0.05405405405405406,0.0,0.0,0.0,0.0,0.0,0.0,0.0,0.0,0.0,0.0,0.0,0.0,0.0,0.0,0.0,0.05555555555555555,0.0,0.0,0.0,0.0,0.0,0.0,0.0,0.0,0.0,0.0,0.0,0.037037037037037035,0.0,0.0,0.0,0.0,0.0,0.0,0.006060606060606061,0.2,0.0,0.0,0.012987012987012988,0.0,0.0,0.0,0.0,0.0,0.0,0.0111731843575419,0.0,0.0,0.0,0.0,0.012195121951219513,0.0,0.0,0.0,0.0,0.0,0.0,0.0,0.0,0.0,0.011363636363636364,0.0,0.0,0.0,0.0625,0.0,0.0,0.0,0.012269938650306749,0.0,0.0,0.0,0.0,0.0,0.0,0.0,0.0,0.0,0.0,0.0,0.0,0.0,0.0,0.0,0.022988505747126436,0.0,0.0,0.011049723756906077,0.0,0.0,0.0,0.0,0.0,0.0,0.0,0.0,0.0,0.0,0.0,0.0,0.0072992700729927005,0.0,0.0,0.0,0.0,0.0,0.0,0.0,0.0,0.02127659574468085,0.0,0.0,0.0,0.0,0.0,0.0,0.0,0.0,0.0,0.0,0.0,0.0,0.0,0.0,0.0,0.0,0.0,0.0,0.0,0.0,0.0,0.0,0.0,0.0,0.0,0.0,0.0,0.0,0.0,0.0,0.0,0.0,0.0,0.0,0.0,0.0,0.0,0.0,0.0,0.0,0.0,0.0,0.0,0.0,0.0,0.0,0.16666666666666666,0.3333333333333333,0.0,0.0,0.0,0.005405405405405406,0.0
CUMBERLAND-HOPEWELL TWP,0.0234375,0.05,0.04464285714285714,0.013157894736842105,0.029411764705882353,0.045454545454545456,0.0267379679144385,0.0,0.0,0.031746031746031744,0.0,0.08108108108108109,0.0,0.0,0.03225806451612903,0.0,0.0,0.0,0.0,0.08333333333333333,0.0,0.0,0.0,0.0,0.0,0.0,0.0,0.08333333333333333,0.0,0.0,0.0,0.0,0.0,0.1,0.0,0.0,0.06521739130434782,0.0,0.0,0.05555555555555555,0.0,0.0,0.0,0.0,0.0,0.1111111111111111,0.01818181818181818,0.0,0.2,0.0,0.03896103896103896,0.0,0.0,0.0,0.0,0.0,0.0,0.0335195530726257,0.0,0.0,0.0,0.0,0.03048780487804878,0.043478260869565216,0.0,0.0,0.0,0.0,0.0,0.0,0.0,0.0,0.011363636363636364,0.0,0.25,0.125,0.125,0.014925373134328358,0.0,0.0,0.03067484662576687,0.0625,0.0,0.0,0.0,0.0,0.0,0.0,0.0,0.0,0.0,0.0,0.0,0.0,0.0,0.0,0.06896551724137931,0.0,0.0,0.03314917127071823,0.0,0.0,0.0,0.0,0.0,0.0,0.0,0.0,0.0,0.0,0.0,0.0,0.0072992700729927005,0.0,0.0,0.0,0.0,0.0,0.0,0.037037037037037035,0.0,0.0851063829787234,0.0,0.0,0.0,0.0,0.0,0.0,0.0,0.0,0.0,0.1111111111111111,0.0,0.0,0.0,0.0,0.0,0.0,0.0,0.0,0.0,0.0,0.0,0.028169014084507043,0.0,0.0,0.0,0.0,0.0,0.0,0.0,0.0,0.0,0.0,0.0,0.0,0.0,0.0,0.0,0.0,0.14285714285714285,0.0,0.0,0.0,0.0,0.0,0.0,0.0,0.16666666666666666,0.0,0.0,0.25,0.0,0.02702702702702703,0.0
CUMBERLAND-LAWRENCE TWP,0.015625,0.016666666666666666,0.026785714285714284,0.0,0.01764705882352941,0.0,0.010695187165775399,0.0,0.0,0.0,0.0,0.08108108108108109,0.0,0.0,0.0,0.0,0.0,0.0,0.0,0.0,0.0,0.0,0.0,0.0,0.0,0.0,0.1111111111111111,0.05555555555555555,0.0,0.0,0.0,0.0,0.0,0.0,0.0,0.0,0.0,0.0,0.0,0.05555555555555555,0.0,0.0,0.0,0.0,0.0,0.0,0.012121212121212121,0.2,0.0,0.0,0.01948051948051948,0.0,0.0,0.0,0.0,0.0,0.0,0.01675977653631285,0.0,0.0,0.0,0.0,0.012195121951219513,0.043478260869565216,0.0,0.0,0.0,0.0,0.0,0.0,0.0,0.0,0.011363636363636364,0.0,0.25,0.0,0.0625,0.0,0.0,0.0,0.012269938650306749,0.0625,0.0,0.0,0.0,0.0,0.0,0.0,0.0,0.0,0.0,0.0,0.0,0.0,0.0,0.0,0.034482758620689655,0.0,0.0,0.016574585635359115,0.0,0.0,0.0,0.0,0.0,0.0,0.0,0.0,0.0,0.0,0.0,0.0,0.0,0.0,0.0,0.0,0.0,0.0,0.0,0.0,0.0,0.06382978723404255,0.0,0.0,0.0,0.0,0.0,0.0,0.0,0.0,0.0,0.0,0.1111111111111111,0.0,0.0,0.0,0.0,0.0,0.0,0.0,0.0,0.0,0.0,0.0,0.0,0.0,0.0,0.0,0.0,0.0,0.0,0.0,0.0,0.0,0.0,0.0,0.0,0.0,0.0,0.0,0.0,0.0,0.0,0.0,0.08333333333333333,0.0,0.0,0.0,0.16666666666666666,0.0,0.0,0.0,0.0,0.010810810810810811,0.0
CUMBERLAND-MAURICE RIVER TWP,0.078125,0.35,0.26785714285714285,0.013157894736842105,0.14705882352941177,0.2727272727272727,0.16042780748663102,0.0,0.045454545454545456,0.015873015873015872,0.0,0.6756756756756757,0.0,0.0,0.06451612903225806,0.0,0.0,0.0,0.0,0.0,0.4666666666666667,0.0,0.0,0.0,0.0,0.0,0.0,0.3611111111111111,0.0,0.04477611940298507,0.0,0.0,0.0,0.8,0.0,0.0,0.3913043478260869,0.0,0.0,0.24074074074074073,0.0,0.0,0.0,0.0,0.0,0.4444444444444444,0.12121212121212122,0.4,0.2,0.15000000000000002,0.18181818181818182,0.0,0.0,0.0,0.0,0.0,0.0,0.17318435754189945,0.0,0.0,0.0,0.0,0.1402439024390244,0.30434782608695654,0.0,0.0,1.0,0.0,0.0,0.0,0.0,0.0,0.19318181818181818,0.2,0.25,0.0,0.625,0.029850746268656716,0.0,0.0,0.15337423312883436,0.0625,0.5,0.5,0.1764705882352941,0.0,0.0,0.0,0.0,0.0,0.0,0.0,0.0,0.0,0.25,0.0,0.3103448275862069,0.0,0.0,0.1712707182320442,0.0,0.0,0.0,0.0,0.0,0.0,0.0,0.0,0.0,0.0,0.0,0.0,0.029197080291970802,0.0,0.0,0.0,0.0,0.0,0.0,0.07407407407407407,0.0,0.44680851063829785,0.125,0.0,0.0,0.05,0.0,0.0,0.0,0.0,0.7777777777777777,0.1111111111111111,0.7777777777777777,0.0,0.0,0.0,0.0,0.0,0.0,0.0,0.047619047619047616,0.0,0.0,0.09859154929577466,0.0,0.0,0.0,0.0,0.0,0.0,0.0,0.0,0.0,0.0,0.0,0.0,0.0,0.0,0.0,0.0,0.14285714285714285,0.0,0.0,0.0,0.0,0.0,0.0,0.0,0.8333333333333333,0.0,0.0,0.0,0.0,0.16216216216216217,0.0
CUMBERLAND-MILLVILLE CITY,0.1796875,0.3333333333333333,0.26785714285714285,0.17105263157894735,0.24705882352941178,0.045454545454545456,0.2245989304812834,0.0,0.09090909090909091,0.19047619047619047,0.0,0.4594594594594595,0.5714285714285714,0.0,0.12903225806451613,0.0,0.0,0.1764705882352941,0.14285714285714285,0.29166666666666663,0.0,0.0,0.06666666666666667,0.08333333333333333,0.0,0.0,0.2222222222222222,0.3055555555555555,0.0,0.11940298507462686,0.625,0.0,0.0,0.4,0.0,0.0,0.4782608695652174,0.0,0.0,0.2037037037037037,0.0,0.09900990099009901,0.0,0.0,0.0,0.38888888888888884,0.21818181818181817,0.0,0.0,0.35000000000000003,0.2142857142857143,0.125,0.0,0.18181818181818182,0.0,0.0,0.0,0.24022346368715083,0.0,0.0,0.0,0.0,0.20731707317073172,0.2608695652173913,0.3333333333333333,0.25,1.0,0.0,0.0,0.0,0.0,0.0,0.2272727272727273,0.0,1.0,0.125,0.125,0.16417910447761194,0.17857142857142855,0.0,0.2147239263803681,0.3125,0.5,0.0,0.0,0.6666666666666666,0.0,0.0,0.0,0.0,0.0,0.25,0.0,0.0,0.3125,0.19298245614035087,0.29885057471264365,0.0,0.5,0.22651933701657456,0.3333333333333333,0.0,0.0,0.0,0.0,0.0,0.0,0.0,0.0,0.0,0.0,0.0,0.08029197080291971,0.0,0.0,0.125,0.2272727272727273,0.0,0.07142857142857142,0.3333333333333333,0.0,0.23404255319148937,0.041666666666666664,0.0,0.0,0.15000000000000002,0.0,0.0,0.0,0.0,0.5555555555555556,0.2222222222222222,0.2222222222222222,0.0,0.5,0.0,0.0,0.0,0.0,0.8333333333333333,0.07936507936507936,0.0,0.0,0.22535211267605634,0.0,0.0,0.0,0.0,0.0,0.0,0.0,0.0,0.0,0.0,0.0,0.0,0.125,0.0,0.0,0.0,0.2857142857142857,0.0,0.5,0.0,0.0,0.0,0.0,0.25,0.16666666666666666,0.0,0.0,0.25,0.0,0.22702702702702704,0.0
CUMBERLAND-STOW CREEK TWP,0.0,0.016666666666666666,0.008928571428571428,0.0,0.0,0.045454545454545456,0.0,0.0,0.0,0.0,0.0,0.02702702702702703,0.0,0.0,0.0,0.0,0.0,0.0,0.0,0.0,0.0,0.0,0.0,0.0,0.0,0.0,0.0,0.027777777777777776,0.0,0.0,0.0,0.0,0.0,0.0,0.0,0.0,0.0,0.0,0.0,0.018518518518518517,0.0,0.0,0.0,0.0,0.0,0.0,0.006060606060606061,0.0,0.0,0.0,0.0,0.0,0.0,0.09090909090909091,0.0,0.0,0.0,0.00558659217877095,0.0,0.0,0.0,0.0,0.006097560975609756,0.0,0.0,0.0,0.0,0.0,0.0,0.0,0.0,0.0,0.011363636363636364,0.0,0.0,0.0,0.0,0.0,0.0,0.0,0.006134969325153374,0.0,0.0,0.0,0.0,0.0,0.0,0.0,0.0,0.0,0.0,0.0,0.0,0.0,0.0,0.0,0.011494252873563218,0.0,0.0,0.0055248618784530384,0.0,0.0,0.0,0.0,0.0,0.0,0.0,0.0,0.0,0.0,0.0,0.0,0.0,0.0,0.0,0.0,0.0,0.0,0.0,0.0,0.0,0.02127659574468085,0.0,0.0,0.0,0.0,0.0,0.0,0.0,0.0,0.0,0.0,0.0,0.0,0.0,0.0,0.0,0.0,0.0,0.0,0.0,0.0,0.0,0.0,0.0,0.0,0.0,0.0,0.0,0.0,0.0,0.0,0.0,0.0,0.0,0.0,0.0,0.0,0.0,0.0,0.14285714285714285,0.0,0.0,0.0,0.0,0.0,0.0,0.0,0.0,0.0,0.0,0.0,0.0,0.0,0.0
CUMBERLAND-UPPER DEERFIELD TWP,0.0546875,0.1,0.0625,0.07894736842105263,0.07647058823529412,0.0,0.06417112299465241,0.0,0.015151515151515152,0.09523809523809523,0.0,0.13513513513513514,0.0,0.0,0.03225806451612903,0.0,0.0,0.058823529411764705,0.0,0.20833333333333331,0.13333333333333333,0.0,0.0,0.08333333333333333,0.0,0.0,0.0,0.05555555555555555,0.0,0.014925373134328358,0.0,0.0,0.0,0.1,0.0,0.0,0.08695652173913043,0.0,0.0,0.16666666666666666,0.0,0.0,0.0,0.0,0.0,0.0,0.06666666666666667,0.2,0.2,0.05,0.06493506493506494,0.0,0.0,0.18181818181818182,0.0,0.0,0.0,0.07262569832402235,0.0,0.0,0.0,0.0,0.06707317073170732,0.08695652173913043,0.0,0.0,0.0,0.0,0.0,0.0,0.0,0.0,0.07954545454545454,0.4,0.0,0.0,0.125,0.029850746268656716,0.0,0.0,0.06134969325153374,0.0625,0.0,0.0,0.11764705882352941,0.0,0.0,0.0,0.0,0.0,0.0,0.0,0.0,0.0,0.0,0.0,0.14942528735632182,0.0,0.0,0.0718232044198895,0.0,0.0,0.0,0.0,0.0,0.0,0.0,0.0,0.0,0.0,0.0,0.0,0.0072992700729927005,0.0,0.0,0.0,0.13636363636363635,0.0,0.03571428571428571,0.07407407407407407,0.0,0.1276595744680851,0.0,0.0,0.0,0.0,0.0,0.0,0.0,0.0,0.1111111111111111,0.0,0.1111111111111111,0.0,0.0,0.0,0.0,0.0,0.0,0.0,0.015873015873015872,0.0,0.0,0.1267605633802817,0.0,0.0,0.0,0.0,0.0,0.0,0.0,0.0,0.0,0.0,0.0,0.0,0.0,0.0,0.0,0.0,0.0,0.0,0.0,0.0,0.0,0.0,0.0,0.0,0.0,0.0,0.0,0.25,0.0,0.06486486486486487,0.0
CUMBERLAND-VINELAND CITY,0.25,0.6166666666666667,0.4464285714285714,0.25,0.3411764705882353,0.5,0.35828877005347587,0.3333333333333333,0.16666666666666669,0.3968253968253968,0.2222222222222222,0.32432432432432434,0.42857142857142855,0.0,0.5161290322580645,0.0,0.0,0.23529411764705882,0.2857142857142857,0.375,0.4666666666666667,0.3333333333333333,0.2,0.16666666666666666,0.5,0.0,0.3333333333333333,0.6388888888888888,0.0,0.16417910447761194,0.25,0.0,0.0,0.1,0.0,0.0,0.3695652173913043,0.0,0.0,0.537037037037037,0.0,0.21782178217821782,0.0,0.25,0.0,0.1111111111111111,0.3878787878787879,0.4,0.2,0.15000000000000002,0.4220779220779221,0.0,0.25,0.0,0.0,0.0,0.125,0.3743016759776536,0.0,0.0,0.0,0.0,0.34756097560975613,0.4782608695652174,0.3333333333333333,0.0,0.0,0.0,0.0,0.0,0.0,0.0,0.4318181818181818,0.0,0.25,0.25,0.5,0.19402985074626866,0.25,0.0,0.33128834355828224,0.4375,1.0,0.5,0.29411764705882354,0.0,0.0,0.0,0.0,0.0,0.0,0.0,0.0,0.05,0.3125,0.017543859649122806,0.7011494252873564,0.5,0.0,0.38121546961325964,0.0,0.0,0.0,0.0,0.0,0.0,0.0,0.0,0.0,0.0,0.3333333333333333,0.0,0.0364963503649635,0.0,0.0,0.25,0.13636363636363635,0.0,0.46428571428571425,0.9629629629629629,0.0,0.2765957446808511,0.0,0.0,0.0,0.30000000000000004,0.0,0.3333333333333333,0.0,0.0,0.0,0.2222222222222222,0.0,0.0,0.5,0.0,0.0,0.0,0.0,0.5,0.1746031746031746,0.0,0.0,0.4084507042253521,0.0,0.125,0.0,0.0,0.0,0.0,0.0,0.0,0.0,0.0,0.0,0.0,0.0,0.0,0.0,0.0,0.14285714285714285,0.0,0.5,0.0,0.41666666666666663,1.0,0.0,0.5,1.0,1.0,0.0,0.25,0.0,0.35135135135135137,1.0
ESSEX-BELLEVILLE TWP,0.140625,0.06666666666666667,0.125,0.10526315789473684,0.10588235294117647,0.18181818181818182,0.11229946524064172,0.0,0.10606060606060606,0.14285714285714285,0.0,0.10810810810810811,0.0,0.0,0.06451612903225806,0.0,0.0,0.058823529411764705,0.0,0.125,0.06666666666666667,0.0,0.13333333333333333,0.16666666666666666,0.0,0.0,0.2222222222222222,0.08333333333333333,0.3333333333333333,0.08955223880597014,0.0,0.0,0.0,0.1,1.0,0.0,0.15217391304347827,0.0,0.0,0.12962962962962962,0.5,0.0594059405940594,0.0,0.0,0.0,0.1111111111111111,0.10909090909090909,0.2,0.2,0.15000000000000002,0.09090909090909091,0.375,0.0,0.18181818181818182,0.0,0.0,0.0,0.1229050279329609,0.0,0.0,0.0,0.0,0.10975609756097561,0.17391304347826086,0.0,0.0,0.0,0.0,0.0,0.0,0.0,0.0,0.14772727272727273,0.0,0.25,0.125,0.0,0.1044776119402985,0.0,0.0,0.11656441717791412,0.0625,0.0,0.0,0.11764705882352941,0.0,0.0,0.0,0.0,0.0,0.0,0.0,0.1,0.05,0.0,0.21052631578947367,0.05747126436781609,0.0,0.0,0.12154696132596685,0.0,0.0,0.0,0.0,0.0,0.0,0.0,0.0,0.0,0.0,0.0,0.0,0.10218978102189781,0.0,0.0,0.375,0.09090909090909091,0.0,0.0,0.0,0.0,0.0425531914893617,0.041666666666666664,0.0,0.0,0.0,1.0,0.0,0.0,0.0,0.0,0.2222222222222222,0.0,0.0,0.0,0.0,0.0,0.0,0.0,0.0,0.1111111111111111,0.0,0.0,0.11267605633802817,0.0,0.125,0.0,0.0,0.0,0.0,0.0,0.0,0.0,0.0,0.0,0.0,0.0,0.0,0.3333333333333333,0.0,0.0,0.0,0.0,0.0,0.16666666666666666,0.0,0.0,0.0,0.0,0.0,0.0,0.0,0.0,0.10810810810810811,0.3333333333333333
ESSEX-BLOOMFIELD TWP,0.171875,0.06666666666666667,0.125,0.15789473684210525,0.12941176470588234,0.18181818181818182,0.13368983957219252,0.0,0.10606060606060606,0.14285714285714285,0.0,0.08108108108108109,0.0,0.0,0.22580645161290322,0.0,0.0,0.058823529411764705,0.14285714285714285,0.125,0.13333333333333333,0.0,0.2,0.16666666666666666,0.0,0.0,0.0,0.19444444444444442,0.0,0.1044776119402985,0.0,0.0,0.0,0.0,0.0,0.0,0.0,0.10344827586206896,0.0,0.2777777777777778,0.0,0.07920792079207921,0.0,0.0,0.0,0.05555555555555555,0.15151515151515152,0.0,0.0,0.15000000000000002,0.14285714285714288,0.125,0.0,0.0,0.0,0.0,0.0,0.1452513966480447,0.0,0.0,0.0,0.0,0.12804878048780488,0.21739130434782608,0.0,0.0,0.0,0.0,0.0,0.0,0.0,0.0,0.14772727272727273,0.2,0.0,0.25,0.125,0.11940298507462686,0.0,0.0,0.12269938650306748,0.25,0.0,0.0,0.11764705882352941,0.0,0.0,0.0,0.0,0.0,0.0,0.25,0.07500000000000001,0.0,0.0625,0.19298245614035087,0.11494252873563218,0.0,0.0,0.13259668508287292,0.3333333333333333,0.0,0.0,0.3333333333333333,0.0,0.0,0.0,0.0,0.0,0.0,0.0,0.0,0.15328467153284672,0.0,0.0,0.0,0.0,0.0,0.07142857142857142,0.037037037037037035,0.0,0.0,0.08333333333333333,0.0,0.0,0.0,0.0,0.0,0.0,0.0,0.1111111111111111,0.0,0.0,0.0,0.0,0.0,0.0,0.0,0.0,0.0,0.1111111111111111,0.0,0.0,0.15492957746478875,0.0,0.25,0.0,0.0,0.0,0.0,0.0,0.0,0.0,0.0,0.0,0.0,0.0,0.0,0.3333333333333333,0.0,0.14285714285714285,0.0,0.0,0.0,0.08333333333333333,0.0,0.5,0.0,0.0,0.0,0.0,0.25,0.0,0.13513513513513514,0.0
ESSEX-CALDWELL BORO,0.0078125,0.05,0.03571428571428571,0.0,0.01764705882352941,0.045454545454545456,0.0160427807486631,0.0,0.030303030303030304,0.015873015873015872,0.0,0.0,0.0,0.0,0.03225806451612903,0.0,0.0,0.0,0.14285714285714285,0.0,0.0,0.0,0.0,0.0,0.0,0.0,0.0,0.027777777777777776,0.0,0.029850746268656716,0.0,0.0,0.0,0.0,0.0,0.0,0.0,0.0,0.0,0.07407407407407407,0.0,0.0,0.0,0.0,0.0,0.0,0.024242424242424242,0.0,0.0,0.05,0.006493506493506494,0.25,0.0,0.0,0.0,0.0,0.0,0.0223463687150838,0.0,0.0,0.0,0.0,0.024390243902439025,0.0,0.0,0.0,0.0,0.0,0.0,0.0,0.0,0.0,0.03409090909090909,0.0,0.0,0.0,0.0,0.0,0.03571428571428571,0.0,0.012269938650306749,0.0,0.0,0.0,0.11764705882352941,0.0,0.0,0.0,0.0,0.0,0.0,0.0,0.0,0.0,0.0,0.017543859649122806,0.034482758620689655,0.0,0.0,0.022099447513812154,0.0,0.0,0.0,0.0,0.0,0.0,0.0,0.0,0.0,0.0,0.0,0.0,0.014598540145985401,0.0,0.0,0.125,0.045454545454545456,0.0,0.0,0.0,0.0,0.0,0.0,0.0,0.0,0.0,0.0,0.0,0.0,0.0,0.0,0.0,0.0,0.0,0.0,0.0,0.0,0.0,0.0,0.0,0.015873015873015872,0.0,0.0,0.028169014084507043,0.0,0.0,0.0,0.0,0.0,0.0,0.0,0.0,0.0,0.0,0.0,0.0,0.0,0.0,0.0,0.0,0.0,0.0,0.0,0.0,0.08333333333333333,0.0,0.0,0.0,0.0,0.0,0.0,0.0,0.0,0.016216216216216217,0.0
ESSEX-CEDAR GROVE TWP,0.0546875,0.0,0.05357142857142857,0.013157894736842105,0.041176470588235294,0.0,0.0320855614973262,0.0,0.030303030303030304,0.031746031746031744,0.0,0.02702702702702703,0.0,0.0,0.06451612903225806,0.0,0.0,0.058823529411764705,0.2857142857142857,0.0,0.0,0.3333333333333333,0.0,0.0,0.0,0.0,0.0,0.027777777777777776,0.0,0.029850746268656716,0.0,0.0,0.0,0.0,0.0,0.0,0.08695652173913043,0.0,0.0,0.037037037037037035,0.0,0.009900990099009901,0.0,0.0,0.0,0.0,0.03636363636363636,0.0,0.2,0.05,0.025974025974025976,0.125,0.25,0.0,0.0,0.0,0.0,0.03910614525139665,0.0,0.0,0.0,0.0,0.03658536585365854,0.043478260869565216,0.0,0.0,0.0,0.0,0.0,0.0,0.0,0.0,0.07954545454545454,0.0,0.0,0.0,0.0,0.0,0.0,0.0,0.024539877300613498,0.0,0.0,0.0,0.1764705882352941,0.0,0.0,0.0,0.0,0.0,0.0,0.0,0.0,0.0,0.0,0.0,0.08045977011494253,0.0,0.0,0.03867403314917127,0.0,0.0,0.0,0.0,0.0,0.0,0.0,0.0,0.0,0.0,0.0,0.0,0.014598540145985401,0.0,0.0,0.0,0.13636363636363635,0.0,0.07142857142857142,0.0,0.0,0.0,0.0,0.0,0.0,0.0,0.0,0.0,0.0,0.0,0.0,0.0,0.0,0.0,0.0,0.0,0.0,0.0,0.0,0.0,0.031746031746031744,0.0,0.0,0.056338028169014086,0.0,0.0,0.0,0.0,0.0,0.0,0.0,0.0,0.0,0.0,0.0,0.0,0.0,0.0,0.0,0.0,0.0,0.0,0.0,0.0,0.08333333333333333,0.0,0.0,0.0,0.0,0.0,0.0,0.0,0.0,0.032432432432432434,0.0
ESSEX-EAST ORANGE CITY,0.1640625,0.11666666666666667,0.14285714285714285,0.15789473684210525,0.1588235294117647,0.045454545454545456,0.1443850267379679,0.0,0.10606060606060606,0.1746031746031746,0.0,0.13513513513513514,0.14285714285714285,0.0,0.12903225806451613,0.0,0.0,0.23529411764705882,0.14285714285714285,0.20833333333333331,0.13333333333333333,0.6666666666666666,0.0,0.08333333333333333,0.0,0.0,0.0,0.08333333333333333,0.0,0.1044776119402985,0.125,0.0,0.0,0.2,0.0,0.24,0.0,0.10344827586206896,0.0,0.16666666666666666,0.0,0.09900990099009901,0.0,0.0,0.0,0.0,0.1696969696969697,0.0,0.0,0.05,0.16233766233766234,0.0,0.5,0.0,0.0,0.0,0.125,0.1452513966480447,0.0,0.0,0.0,0.0,0.16463414634146342,0.043478260869565216,0.0,0.0,0.0,0.0,0.0,0.0,0.0,0.0,0.18181818181818182,0.0,0.25,0.125,0.0625,0.13432835820895522,0.0,0.0,0.16564417177914112,0.0,0.0,0.5,0.0,0.0,0.0,0.0,0.0,0.0,0.0,0.0,0.225,0.0,0.0,0.17543859649122806,0.10344827586206896,0.0,0.0,0.14917127071823205,0.0,0.0,1.0,0.0,0.0,0.0,0.0,0.0,0.0,0.0,0.0,0.0,0.072992700729927,0.0,0.0,0.0,0.36363636363636365,0.0,0.0,0.037037037037037035,0.0,0.0,0.375,0.0,0.0,0.0,0.0,0.0,0.0,0.0,0.1111111111111111,0.1111111111111111,0.0,0.0,0.5,0.0,0.0,0.0,1.0,0.0,0.1111111111111111,0.0,0.0,0.22535211267605634,0.0,0.0,0.0,0.0,0.0,0.0,0.0,0.0,0.0,0.0,0.0,0.0,0.125,0.0,0.0,0.0,0.0,0.0,0.0,0.0,0.0,0.0,0.0,0.0,0.0,0.0,0.0,0.0,0.0,0.14054054054054055,0.3333333333333333