location,severity_rating5_4,severity_rating5_5,intersection_N,intersection_Y,alcohol_involved_N,alcohol_involved_Y,hazmat_involved_N,hazmat_involved_Y,hs_collision_type_1,hs_collision_type_2,hs_collision_type_3,hs_collision_type_4,hs_collision_type_5,hs_collision_type_6,hs_collision_type_7,hs_collision_type_8,hs_collision_type_9,crash_type_1.0,crash_type_2.0,crash_type_3.0,crash_type_4.0,crash_type_5.0,crash_type_6.0,crash_type_7.0,crash_type_8.0,crash_type_9.0,crash_type_10.0,crash_type_11.0,crash_type_12.0,crash_type_13.0,crash_type_14.0,crash_type_15.0,crash_type_16.0,crash_type_99.0,road_sys_code_0,road_sys_code_1,road_sys_code_2,road_sys_code_3,road_sys_code_4,road_sys_code_5,road_sys_code_6,road_sys_code_7,road_sys_code_8,road_sys_code_9,road_sys_code_10,road_horiz_align_code_0.0,road_horiz_align_code_1.0,road_horiz_align_code_2.0,road_horiz_align_code_3.0,road_grade_code_0.0,road_grade_code_4.0,road_grade_code_5.0,road_grade_code_6.0,road_grade_code_7.0,road_grade_code_8.0,road_surf_code_0.0,road_surf_code_1.0,road_surf_code_2.0,road_surf_code_3.0,road_surf_code_5.0,road_surf_code_99.0,surf_cond_code_0.0,surf_cond_code_1.0,surf_cond_code_2.0,surf_cond_code_3.0,surf_cond_code_4.0,surf_cond_code_5.0,surf_cond_code_6.0,surf_cond_code_7.0,surf_cond_code_9.0,surf_cond_code_99.0,light_cond_code_0.0,light_cond_code_1.0,light_cond_code_2.0,light_cond_code_3.0,light_cond_code_4.0,light_cond_code_5.0,light_cond_code_6.0,light_cond_code_7.0,environ_cond_code_0.0,environ_cond_code_1.0,environ_cond_code_2.0,environ_cond_code_3.0,environ_cond_code_4.0,environ_cond_code_5.0,environ_cond_code_6.0,environ_cond_code_7.0,environ_cond_code_8.0,environ_cond_code_9.0,environ_cond_code_10.0,environ_cond_code_99.0,road_median_code_0.0,road_median_code_1.0,road_median_code_2.0,road_median_code_3.0,road_median_code_4.0,road_median_code_5.0,road_median_code_99.0,temp_traffic_zone_0.0,temp_traffic_zone_1.0,temp_traffic_zone_2.0,temp_traffic_zone_3.0,temp_traffic_zone_4.0,temp_traffic_zone_5.0,posted_speed_0.0,posted_speed_2.0,posted_speed_3.0,posted_speed_4.0,posted_speed_5.0,posted_speed_10.0,posted_speed_15.0,posted_speed_20.0,posted_speed_25.0,posted_speed_26.0,posted_speed_28.0,posted_speed_30.0,posted_speed_35.0,posted_speed_36.0,posted_speed_40.0,posted_speed_45.0,posted_speed_47.0,posted_speed_50.0,posted_speed_55.0,posted_speed_56.0,posted_speed_60.0,posted_speed_65.0,first_harmful_event_0.0,first_harmful_event_1.0,first_harmful_event_2.0,first_harmful_event_3.0,first_harmful_event_5.0,first_harmful_event_6.0,first_harmful_event_7.0,first_harmful_event_9.0,first_harmful_event_11.0,first_harmful_event_12.0,first_harmful_event_13.0,first_harmful_event_14.0,first_harmful_event_19.0,first_harmful_event_21.0,first_harmful_event_22.0,first_harmful_event_23.0,first_harmful_event_24.0,first_harmful_event_26.0,first_harmful_event_27.0,first_harmful_event_28.0,first_harmful_event_29.0,first_harmful_event_30.0,first_harmful_event_39.0,first_harmful_event_41.0,first_harmful_event_42.0,first_harmful_event_43.0,first_harmful_event_44.0,first_harmful_event_45.0,first_harmful_event_46.0,first_harmful_event_47.0,first_harmful_event_48.0,first_harmful_event_49.0,first_harmful_event_50.0,first_harmful_event_51.0,first_harmful_event_52.0,first_harmful_event_53.0,first_harmful_event_54.0,first_harmful_event_55.0,first_harmful_event_56.0,first_harmful_event_57.0,first_harmful_event_58.0,first_harmful_event_59.0,first_harmful_event_60.0,first_harmful_event_61.0,first_harmful_event_62.0,first_harmful_event_69.0,first_harmful_event_99.0,flg_cell_in_use_N,flg_cell_in_use_Y
ESSEX-ESSEX FELLS BORO,0.0234375,0.0,0.026785714285714284,0.0,0.01764705882352941,0.0,0.010695187165775399,0.0,0.0,0.0,0.0,0.05405405405405406,0.0,0.0,0.03225806451612903,0.0,0.0,0.0,0.14285714285714285,0.0,0.0,0.0,0.0,0.0,0.0,0.0,0.1111111111111111,0.027777777777777776,0.0,0.0,0.0,0.0,0.0,0.0,0.0,0.0,0.0,0.0,0.0,0.037037037037037035,0.0,0.009900990099009901,0.0,0.0,0.0,0.05555555555555555,0.012121212121212121,0.0,0.0,0.05,0.012987012987012988,0.0,0.0,0.0,0.0,0.0,0.0,0.01675977653631285,0.0,0.0,0.0,0.0,0.012195121951219513,0.043478260869565216,0.0,0.0,0.0,0.0,0.0,0.0,0.0,0.0,0.022727272727272728,0.0,0.25,0.0,0.0,0.0,0.0,0.0,0.006134969325153374,0.0625,0.0,0.0,0.058823529411764705,0.0,0.0,0.0,0.0,0.0,0.0,0.0,0.0,0.0,0.0,0.0,0.034482758620689655,0.0,0.0,0.016574585635359115,0.0,0.0,0.0,0.0,0.0,0.0,0.0,0.0,0.0,0.0,0.0,0.0,0.0072992700729927005,0.0,0.0,0.0,0.09090909090909091,0.0,0.0,0.0,0.0,0.0,0.0,0.0,0.0,0.0,0.0,0.0,0.0,0.0,0.0,0.0,0.0,0.0,0.0,0.0,0.0,0.0,0.0,0.0,0.0,0.0,0.0,0.014084507042253521,0.0,0.0,0.0,0.0,0.0,0.0,0.0,0.0,0.0,0.0,0.0,0.0,0.0,0.0,0.0,0.0,0.0,0.0,0.0,0.0,0.16666666666666666,0.0,0.0,0.0,0.0,0.0,0.0,0.0,0.0,0.010810810810810811,0.0
ESSEX-FAIRFIELD BORO,0.0859375,0.03333333333333333,0.08928571428571427,0.039473684210526314,0.058823529411764705,0.13636363636363635,0.06417112299465241,0.0,0.0,0.09523809523809523,0.1111111111111111,0.05405405405405406,0.14285714285714285,0.0,0.0967741935483871,0.0,0.0,0.058823529411764705,0.2857142857142857,0.125,0.0,0.0,0.0,0.08333333333333333,0.0,0.0,0.1111111111111111,0.08333333333333333,0.0,0.014925373134328358,0.125,0.0,0.0,0.0,0.0,0.12,0.043478260869565216,0.0,0.0,0.12962962962962962,0.0,0.009900990099009901,0.0,0.0,0.0,0.0,0.06666666666666667,0.4,0.0,0.05,0.07792207792207792,0.0,0.0,0.0,0.0,0.0,0.0,0.07262569832402235,0.0,0.0,0.0,0.0,0.06097560975609756,0.13043478260869565,0.0,0.0,0.0,0.0,0.0,0.0,0.0,0.0,0.10227272727272728,0.0,0.0,0.0,0.125,0.029850746268656716,0.0,0.0,0.05521472392638037,0.1875,0.0,0.0,0.058823529411764705,0.0,0.0,0.0,0.0,0.0,0.0,0.0,0.07500000000000001,0.0,0.125,0.017543859649122806,0.08045977011494253,0.0,0.0,0.0718232044198895,0.0,0.0,0.0,0.0,0.0,0.0,0.0,0.0,0.0,0.0,0.0,0.0,0.0072992700729927005,0.0,0.0,0.0,0.09090909090909091,0.0,0.10714285714285714,0.07407407407407407,0.0,0.0425531914893617,0.0,0.0,0.0,0.15000000000000002,0.0,0.16666666666666666,0.0,0.0,0.1111111111111111,0.0,0.0,0.0,0.0,0.0,0.0,0.0,0.0,0.16666666666666666,0.0,0.0,0.0,0.09859154929577466,0.0,0.0,0.0,0.0,0.0,0.0,0.0,0.0,0.0,0.0,0.0,0.0,0.0,0.0,0.0,0.0,0.0,0.0,0.0,0.0,0.25,0.0,0.0,0.0,0.0,0.0,0.0,0.0,0.0,0.06486486486486487,0.0
ESSEX-GLEN RIDGE BORO,0.046875,0.03333333333333333,0.03571428571428571,0.05263157894736842,0.047058823529411764,0.0,0.0374331550802139,0.0,0.045454545454545456,0.047619047619047616,0.0,0.0,0.0,0.0,0.06451612903225806,0.0,0.0,0.0,0.0,0.125,0.0,0.0,0.0,0.0,0.0,0.0,0.0,0.05555555555555555,0.0,0.04477611940298507,0.0,0.0,0.0,0.0,0.0,0.0,0.0,0.0,0.0,0.1111111111111111,0.0,0.019801980198019802,0.0,0.0,0.0,0.0,0.04242424242424243,0.2,0.0,0.05,0.03246753246753247,0.125,0.0,0.09090909090909091,0.0,0.0,0.0,0.0446927374301676,0.0,0.0,0.0,0.0,0.024390243902439025,0.17391304347826086,0.0,0.0,0.0,0.0,0.0,0.0,0.0,0.0,0.045454545454545456,0.0,0.0,0.0,0.0,0.05970149253731343,0.0,0.0,0.024539877300613498,0.25,0.0,0.0,0.0,0.0,0.0,0.0,0.0,0.0,0.0,0.0,0.0,0.0,0.0,0.017543859649122806,0.08045977011494253,0.0,0.0,0.04419889502762431,0.0,0.0,0.0,0.0,0.0,0.0,0.0,0.0,0.0,0.0,0.0,0.0,0.029197080291970802,0.0,0.0,0.0,0.18181818181818182,0.0,0.0,0.0,0.0,0.0,0.0,0.0,0.0,0.0,0.0,0.0,0.0,0.0,0.0,0.0,0.0,0.0,0.0,0.0,0.0,0.0,0.0,0.0,0.047619047619047616,0.0,0.0,0.04225352112676056,0.0,0.0,0.0,1.0,0.0,0.0,0.0,0.0,0.0,0.0,0.0,0.0,0.0,0.0,0.0,0.0,0.0,0.0,0.0,0.0,0.0,0.0,0.0,0.0,0.0,0.0,0.5,0.0,0.0,0.03783783783783784,0.0
ESSEX-IRVINGTON TWP,0.1328125,0.23333333333333334,0.16964285714285712,0.15789473684210525,0.1411764705882353,0.3181818181818182,0.16042780748663102,0.0,0.15151515151515152,0.2222222222222222,0.0,0.08108108108108109,0.0,0.0,0.12903225806451613,0.0,0.0,0.29411764705882354,0.14285714285714285,0.08333333333333333,0.13333333333333333,0.0,0.13333333333333333,0.08333333333333333,0.0,0.0,0.1111111111111111,0.16666666666666666,0.0,0.16417910447761194,0.0,0.0,0.0,0.0,0.0,0.0,0.0,0.13793103448275862,0.0,0.37037037037037035,0.0,0.0594059405940594,0.0,0.25,0.0,0.1111111111111111,0.1696969696969697,0.0,0.2,0.15000000000000002,0.16233766233766234,0.25,0.25,0.0,0.0,0.0,0.0,0.17318435754189945,0.0,0.0,0.0,0.0,0.14634146341463417,0.2608695652173913,0.0,0.25,0.0,0.0,0.0,0.0,0.0,0.0,0.17045454545454547,0.0,0.25,0.0,0.0625,0.208955223880597,0.0,0.0,0.15337423312883436,0.3125,0.0,0.5,0.0,0.0,0.0,0.0,0.0,0.0,0.0,0.0,0.1,0.0,0.0,0.14035087719298245,0.21839080459770116,0.0,0.0,0.16574585635359115,0.0,0.0,1.0,0.0,0.0,0.0,0.0,0.0,0.3333333333333333,0.0,0.0,0.0,0.18248175182481752,0.0,0.0,0.0,0.045454545454545456,0.0,0.0,0.0,0.0,0.0,0.16666666666666666,0.0,0.0,0.0,0.0,0.0,0.0,0.0,0.2222222222222222,0.1111111111111111,0.0,0.0,0.0,0.0,0.0,0.0,0.0,0.0,0.1746031746031746,0.0,0.0,0.16901408450704225,0.0,0.125,0.0,0.0,0.0,0.0,0.0,0.0,0.0,0.0,0.0,0.0,0.0,0.0,0.0,0.0,0.0,0.0,0.5,0.0,0.0,0.0,0.0,0.0,0.3333333333333333,0.0,0.0,0.25,0.0,0.15675675675675677,0.3333333333333333
ESSEX-LIVINGSTON TWP,0.0390625,0.1,0.08035714285714285,0.02631578947368421,0.052941176470588235,0.09090909090909091,0.053475935828877004,0.0,0.06060606060606061,0.031746031746031744,0.0,0.08108108108108109,0.0,0.0,0.06451612903225806,0.0,0.0,0.058823529411764705,0.14285714285714285,0.041666666666666664,0.0,0.0,0.0,0.08333333333333333,0.0,0.0,0.0,0.08333333333333333,0.0,0.05970149253731343,0.0,0.0,0.0,0.0,0.0,0.12,0.0,0.0,0.0,0.1111111111111111,0.0,0.019801980198019802,0.0,0.0,0.0,0.05555555555555555,0.05454545454545454,0.0,0.2,0.15000000000000002,0.045454545454545456,0.125,0.0,0.0,0.0,0.0,0.0,0.06145251396648045,0.0,0.0,0.0,0.0,0.054878048780487805,0.043478260869565216,0.3333333333333333,0.0,0.0,0.0,0.0,0.0,0.0,0.0,0.06818181818181818,0.2,0.0,0.125,0.125,0.014925373134328358,0.0,0.0,0.05521472392638037,0.0625,0.5,0.0,0.0,0.0,0.0,0.0,0.0,0.0,0.0,0.0,0.1,0.0,0.0,0.03508771929824561,0.05747126436781609,0.0,0.0,0.06077348066298342,0.0,0.0,0.0,0.0,0.0,0.0,0.0,0.0,0.0,0.0,0.0,0.0,0.014598540145985401,0.0,0.0,0.0,0.09090909090909091,0.0,0.03571428571428571,0.0,0.0,0.06382978723404255,0.0,0.0,0.0,0.15000000000000002,0.0,0.0,0.0,0.0,0.1111111111111111,0.0,0.0,0.0,0.0,0.0,0.0,0.0,0.0,0.0,0.06349206349206349,0.0,0.0,0.056338028169014086,0.0,0.0,0.0,0.0,0.0,0.0,0.0,0.0,0.0,0.0,0.0,0.0,0.0,0.0,0.0,0.0,0.14285714285714285,0.0,0.0,0.0,0.08333333333333333,0.0,0.0,0.0,0.0,0.0,0.0,0.0,0.0,0.04864864864864865,0.3333333333333333
ESSEX-MAPLEWOOD TWP,0.0390625,0.03333333333333333,0.03571428571428571,0.039473684210526314,0.029411764705882353,0.09090909090909091,0.0320855614973262,0.0,0.030303030303030304,0.031746031746031744,0.0,0.0,0.14285714285714285,0.0,0.06451612903225806,0.0,0.0,0.0,0.0,0.0,0.0,0.0,0.06666666666666667,0.08333333333333333,0.0,0.0,0.0,0.05555555555555555,0.0,0.029850746268656716,0.125,0.0,0.0,0.0,0.0,0.0,0.0,0.0,0.0,0.037037037037037035,0.0,0.04950495049504951,0.0,0.0,0.0,0.0,0.03636363636363636,0.2,0.0,0.0,0.03896103896103896,0.125,0.0,0.0,0.0,0.0,0.0625,0.0335195530726257,0.0,0.0,0.0,0.0,0.024390243902439025,0.13043478260869565,0.0,0.0,0.0,0.0,0.0,0.0,0.0,0.0,0.022727272727272728,0.0,0.0,0.0,0.0,0.05970149253731343,0.03571428571428571,0.0,0.024539877300613498,0.1875,0.0,0.0,0.0,0.0,0.0,0.0,0.0,0.0,0.0,0.0,0.025,0.0,0.0,0.08771929824561403,0.011494252873563218,0.0,0.0,0.03867403314917127,0.0,0.0,0.0,0.0,0.0,0.0,0.0,0.0,0.0,0.0,0.0,0.0,0.021897810218978103,0.0,0.0,0.0,0.13636363636363635,0.0,0.03571428571428571,0.0,0.0,0.0,0.0,0.0,0.0,0.0,0.0,0.0,0.0,0.0,0.0,0.0,0.0,0.0,0.0,0.0,0.0,0.0,0.0,0.16666666666666666,0.031746031746031744,0.0,0.0,0.028169014084507043,0.0,0.0,0.0,0.0,0.0,0.0,0.0,0.0,0.0,0.0,0.0,0.0,0.0,0.0,0.0,0.0,0.0,1.0,0.0,0.0,0.0,0.0,0.0,0.0,0.0,0.0,0.5,0.0,0.0,0.032432432432432434,0.0
ESSEX-MILLBURN TWP,0.0859375,0.06666666666666667,0.08035714285714285,0.07894736842105263,0.08235294117647059,0.045454545454545456,0.07486631016042782,0.0,0.12121212121212122,0.031746031746031744,0.0,0.05405405405405406,0.14285714285714285,0.0,0.06451612903225806,0.0,0.0,0.0,0.0,0.041666666666666664,0.13333333333333333,0.0,0.0,0.08333333333333333,0.0,0.0,0.0,0.05555555555555555,0.0,0.11940298507462686,0.125,0.0,0.0,0.0,0.0,0.0,0.06521739130434782,0.0,0.0,0.12962962962962962,0.0,0.04950495049504951,0.0,0.0,0.0,0.16666666666666666,0.06666666666666667,0.2,0.0,0.05,0.07792207792207792,0.125,0.25,0.0,0.0,0.0,0.0,0.08379888268156425,0.0,0.0,0.0,0.0,0.06097560975609756,0.21739130434782608,0.0,0.0,0.0,0.0,0.0,0.0,0.0,0.0,0.11363636363636365,0.2,0.0,0.0,0.0,0.04477611940298507,0.03571428571428571,0.0,0.06748466257668712,0.25,0.0,0.0,0.0,0.0,0.0,0.0,0.0,0.0,0.0,0.0,0.025,0.1,0.0,0.017543859649122806,0.12643678160919541,0.0,0.0,0.08287292817679558,0.0,0.0,0.0,0.0,0.0,0.0,0.0,0.0,0.0,0.0,0.0,0.0,0.029197080291970802,0.0,0.0,0.5,0.13636363636363635,0.0,0.07142857142857142,0.0,0.0,0.02127659574468085,0.0,0.0,0.0,0.05,0.0,0.0,0.0,0.0,0.0,0.1111111111111111,0.0,0.0,0.0,0.0,0.0,0.0,0.0,0.16666666666666666,0.12698412698412698,0.0,0.0,0.056338028169014086,0.0,0.0,0.0,0.0,0.0,0.0,0.0,0.0,0.0,0.0,0.0,0.0,0.0,0.0,0.0,0.0,0.0,0.0,0.0,0.0,0.0,0.0,0.0,0.0,0.16666666666666666,0.0,0.0,0.0,0.0,0.07567567567567568,0.0
ESSEX-MONTCLAIR TWP,0.1640625,0.1,0.10714285714285714,0.19736842105263158,0.14705882352941177,0.09090909090909091,0.13903743315508021,0.0,0.2727272727272727,0.09523809523809523,0.0,0.02702702702702703,0.0,0.0,0.06451612903225806,0.0,0.0,0.0,0.14285714285714285,0.08333333333333333,0.0,0.0,0.06666666666666667,0.25,0.0,0.0,0.0,0.05555555555555555,0.0,0.26865671641791045,0.0,0.0,0.0,0.0,0.0,0.0,0.0,0.0,0.0,0.35185185185185186,0.0,0.07920792079207921,0.0,0.0,0.0,0.0,0.15151515151515152,0.0,0.4,0.2,0.1168831168831169,0.25,0.75,0.0,0.0,0.0,0.0,0.15083798882681565,0.0,0.0,0.0,0.0,0.12804878048780488,0.17391304347826086,0.3333333333333333,0.25,0.0,0.0,0.0,0.0,0.0,0.0,0.14772727272727273,0.0,0.0,0.0,0.125,0.1791044776119403,0.0,0.0,0.12269938650306748,0.25,0.0,0.0,0.1764705882352941,0.0,0.0,0.0,0.0,0.0,0.0,0.0,0.0,0.0,0.0,0.0,0.3103448275862069,0.0,0.0,0.14917127071823205,0.0,0.0,0.0,0.0,0.0,0.0,0.0,0.0,0.0,0.0,0.0,0.0,0.1678832116788321,0.0,0.0,0.125,0.13636363636363635,0.0,0.0,0.0,0.0,0.0,0.0,0.0,0.0,0.0,0.0,0.0,0.0,0.0,0.0,0.0,0.0,0.0,0.0,0.0,0.0,0.0,0.0,0.0,0.2698412698412698,0.0,0.0,0.09859154929577466,0.0,0.125,0.0,0.0,0.0,0.0,0.0,0.0,0.0,0.0,0.0,0.0,0.0,0.0,0.0,0.0,0.0,0.0,0.0,0.0,0.16666666666666666,0.0,0.0,0.0,0.0,0.0,0.0,0.0,0.0,0.14054054054054055,0.0
ESSEX-NEWARK CITY,1.0,1.0,1.0,1.0,1.0,0.8181818181818182,1.0,0.0,1.0,1.0,1.0,0.3783783783783784,0.7142857142857142,0.0,1.0,0.0,0.0,0.9411764705882353,1.0,0.7083333333333333,0.4666666666666667,0.3333333333333333,1.0,0.5,0.0,0.0,1.0,1.0,0.0,1.0,0.625,0.5,0.0,0.1,0.0,0.56,0.6086956521739131,0.5517241379310345,0.0,0.5,1.0,1.0,0.0,0.0,0.0,1.0,1.0,0.2,0.8,0.9,1.0,0.25,0.75,1.0,0.0,0.0,0.4375,1.0,1.0,0.0,0.0,0.0,1.0,0.8695652173913043,0.6666666666666666,0.25,0.0,0.0,0.0,0.0,1.0,0.0,1.0,0.6000000000000001,0.75,1.0,0.8125,1.0,0.21428571428571427,0.0,1.0,0.9375,1.0,0.5,0.3529411764705882,0.3333333333333333,0.0,0.0,0.0,0.0,0.0,1.0,1.0,0.4,0.375,1.0,0.8390804597701149,0.0,1.0,1.0,0.6666666666666666,0.0,0.0,1.0,0.0,0.0,0.0,0.0,0.0,0.0,0.0,0.0,1.0,0.0,0.0,0.0,0.2272727272727273,0.0,0.03571428571428571,0.18518518518518517,0.0,0.2127659574468085,1.0,0.0,0.0,0.30000000000000004,1.0,1.0,0.0,0.0,0.5555555555555556,0.3333333333333333,0.0,0.0,0.5,0.0,0.0,0.0,0.0,0.8333333333333333,1.0,0.0,0.0,0.9154929577464789,0.0,1.0,0.0,1.0,0.0,0.0,0.0,0.0,0.0,0.0,0.5,0.5,1.0,0.0,0.3333333333333333,0.0,0.5714285714285714,0.0,0.5,0.0,0.5,1.0,0.0,0.75,0.3333333333333333,0.0,0.0,0.0,1.0,1.0,0.6666666666666666
ESSEX-NUTLEY TWP,0.1015625,0.03333333333333333,0.08928571428571427,0.06578947368421052,0.08235294117647059,0.045454545454545456,0.07486631016042782,0.0,0.07575757575757576,0.1111111111111111,0.0,0.05405405405405406,0.0,0.0,0.03225806451612903,0.0,0.0,0.1764705882352941,0.14285714285714285,0.0,0.0,0.0,0.2,0.0,0.0,0.0,0.0,0.08333333333333333,0.0,0.07462686567164178,0.0,0.0,0.0,0.0,0.0,0.0,0.08695652173913043,0.034482758620689655,0.0,0.09259259259259259,0.0,0.039603960396039604,0.0,0.25,0.0,0.05555555555555555,0.07272727272727272,0.0,0.4,0.05,0.07142857142857144,0.0,0.5,0.09090909090909091,0.0,0.0,0.125,0.07262569832402235,0.0,0.0,0.0,0.0,0.07317073170731708,0.13043478260869565,0.0,0.0,0.0,0.0,0.0,0.0,0.0,0.0,0.06818181818181818,0.0,0.5,0.125,0.0625,0.07462686567164178,0.0,0.0,0.06748466257668712,0.125,0.0,0.5,0.058823529411764705,0.0,0.0,0.0,0.0,0.0,0.0,0.0,0.1,0.0,0.0,0.017543859649122806,0.10344827586206896,0.5,0.0,0.07734806629834254,0.3333333333333333,0.0,0.0,0.0,0.0,0.0,0.0,0.0,0.0,0.3333333333333333,0.0,0.0,0.06569343065693431,0.0,0.0,0.0,0.045454545454545456,0.0,0.0,0.0,0.0,0.0,0.16666666666666666,0.0,0.0,0.0,0.0,0.0,0.0,0.0,0.0,0.0,0.0,0.0,0.0,0.0,0.0,0.0,0.0,0.0,0.07936507936507936,0.0,0.0,0.056338028169014086,0.0,0.375,0.0,0.0,0.0,0.0,0.0,0.0,0.0,0.0,0.0,0.0,0.0,0.0,0.0,0.0,0.0,0.0,0.0,0.0,0.08333333333333333,0.0,0.0,0.25,0.16666666666666666,0.0,0.0,0.0,0.0,0.07567567567567568,0.0
ESSEX-ORANGE CITY,0.046875,0.08333333333333333,0.05357142857142857,0.06578947368421052,0.052941176470588235,0.09090909090909091,0.053475935828877004,0.0,0.045454545454545456,0.031746031746031744,0.0,0.02702702702702703,0.14285714285714285,0.0,0.12903225806451613,0.0,0.0,0.058823529411764705,0.0,0.041666666666666664,0.0,0.0,0.0,0.0,0.0,0.0,0.0,0.1111111111111111,0.0,0.05970149253731343,0.125,0.0,0.0,0.0,0.0,0.08,0.0,0.0,0.0,0.09259259259259259,0.0,0.039603960396039604,0.0,0.0,0.0,0.05555555555555555,0.06060606060606061,0.0,0.0,0.05,0.06493506493506494,0.0,0.0,0.0,0.0,0.0,0.0,0.06145251396648045,0.0,0.0,0.0,0.0,0.054878048780487805,0.08695652173913043,0.0,0.0,0.0,0.0,0.0,0.0,0.0,0.0,0.06818181818181818,0.0,0.0,0.0,0.0,0.05970149253731343,0.03571428571428571,0.0,0.06134969325153374,0.0625,0.0,0.0,0.0,0.0,0.0,0.0,0.0,0.0,0.0,0.0,0.05,0.0,0.0,0.017543859649122806,0.08045977011494253,0.5,0.0,0.06077348066298342,0.0,0.0,0.0,0.0,0.0,0.0,0.0,0.0,0.0,0.0,0.0,0.0,0.06569343065693431,0.0,0.0,0.0,0.0,0.0,0.0,0.0,0.0,0.0,0.08333333333333333,0.0,0.0,0.0,0.0,0.0,0.0,0.0,0.0,0.1111111111111111,0.0,0.0,0.0,0.0,0.0,0.0,0.0,0.16666666666666666,0.047619047619047616,0.0,0.0,0.056338028169014086,0.0,0.0,0.0,0.0,0.0,0.0,0.0,0.0,0.0,0.0,0.0,0.0,0.0,0.0,0.0,1.0,0.0,0.0,0.0,0.0,0.0,0.0,0.0,0.0,0.16666666666666666,0.0,0.0,0.0,0.0,0.05405405405405406,0.0
ESSEX-ROSELAND BORO,0.0390625,0.016666666666666666,0.05357142857142857,0.0,0.023529411764705882,0.09090909090909091,0.0267379679144385,0.0,0.0,0.0,0.0,0.13513513513513514,0.0,0.0,0.03225806451612903,0.0,0.0,0.0,0.14285714285714285,0.0,0.0,0.0,0.0,0.0,0.0,0.0,0.0,0.1388888888888889,0.0,0.0,0.0,0.0,0.0,0.0,0.0,0.24,0.0,0.0,0.0,0.0,0.0,0.0,0.0,0.0,0.0,0.16666666666666666,0.01818181818181818,0.0,0.0,0.15000000000000002,0.01948051948051948,0.0,0.0,0.0,0.0,0.0,0.0,0.0335195530726257,0.0,0.0,0.0,0.0,0.03048780487804878,0.0,0.0,0.25,0.0,0.0,0.0,0.0,0.0,0.0,0.03409090909090909,0.0,0.0,0.0,0.0625,0.029850746268656716,0.0,0.0,0.03067484662576687,0.0,0.0,0.0,0.0,0.3333333333333333,0.0,0.0,0.0,0.0,0.0,0.0,0.125,0.0,0.0625,0.0,0.0,0.0,0.0,0.03314917127071823,0.0,0.0,0.0,0.0,0.0,0.0,0.0,0.0,0.0,0.0,0.0,0.0,0.0,0.0,0.0,0.0,0.0,0.0,0.0,0.0,0.0,0.0,0.041666666666666664,0.0,0.0,0.25,0.0,0.0,0.0,0.0,0.2222222222222222,0.1111111111111111,0.0,0.0,0.0,0.0,0.0,0.0,0.0,0.0,0.0,0.0,0.0,0.014084507042253521,0.0,0.0,0.0,0.0,0.0,0.0,0.0,0.0,0.0,0.0,0.5,0.0,0.0,0.0,0.0,0.0,0.0,0.0,0.0,0.0,0.0,0.0,0.0,0.0,0.0,0.0,0.0,0.0,0.0,0.02702702702702703,0.0
ESSEX-SOUTH ORANGE VILLAGE TWP,0.0546875,0.03333333333333333,0.03571428571428571,0.06578947368421052,0.052941176470588235,0.0,0.0427807486631016,0.0,0.07575757575757576,0.015873015873015872,0.1111111111111111,0.05405405405405406,0.0,0.0,0.0,0.0,0.0,0.0,0.0,0.041666666666666664,0.0,0.0,0.0,0.0,0.0,0.0,0.1111111111111111,0.027777777777777776,0.0,0.07462686567164178,0.0,0.0,0.0,0.1,0.0,0.0,0.0,0.0,0.0,0.1111111111111111,0.0,0.0297029702970297,0.0,0.0,0.0,0.05555555555555555,0.03636363636363636,0.0,0.4,0.05,0.03896103896103896,0.0,0.5,0.0,0.0,0.0,0.0,0.05027932960893855,0.0,0.0,0.0,0.0,0.04878048780487805,0.043478260869565216,0.0,0.0,0.0,0.0,0.0,0.0,0.0,0.0,0.03409090909090909,0.0,0.25,0.0,0.0625,0.04477611940298507,0.03571428571428571,0.0,0.04294478527607362,0.0,0.0,0.0,0.11764705882352941,0.0,0.0,0.0,0.0,0.0,0.0,0.0,0.0,0.05,0.0,0.05263157894736842,0.05747126436781609,0.0,0.0,0.049723756906077346,0.0,0.0,0.0,0.0,0.0,0.0,0.0,0.0,0.0,0.0,0.0,0.0,0.043795620437956206,0.0,0.0,0.0,0.13636363636363635,0.0,0.0,0.0,0.0,0.0,0.0,0.0,0.0,0.0,0.0,0.16666666666666666,0.0,0.0,0.1111111111111111,0.0,0.0,0.0,0.5,0.0,0.0,0.0,0.0,0.0,0.07936507936507936,0.0,0.0,0.014084507042253521,0.0,0.0,0.0,0.0,0.0,0.0,0.0,0.0,0.0,0.0,0.0,0.0,0.0,0.0,0.0,0.0,0.0,0.0,0.0,0.0,0.0,0.0,0.0,0.0,0.0,0.0,0.0,0.0,0.0,0.043243243243243246,0.0