location,severity_rating5_4,severity_rating5_5,intersection_N,intersection_Y,alcohol_involved_N,alcohol_involved_Y,hazmat_involved_N,hazmat_involved_Y,hs_collision_type_1,hs_collision_type_2,hs_collision_type_3,hs_collision_type_4,hs_collision_type_5,hs_collision_type_6,hs_collision_type_7,hs_collision_type_8,hs_collision_type_9,crash_type_1.0,crash_type_2.0,crash_type_3.0,crash_type_4.0,crash_type_5.0,crash_type_6.0,crash_type_7.0,crash_type_8.0,crash_type_9.0,crash_type_10.0,crash_type_11.0,crash_type_12.0,crash_type_13.0,crash_type_14.0,crash_type_15.0,crash_type_16.0,crash_type_99.0,road_sys_code_0,road_sys_code_1,road_sys_code_2,road_sys_code_3,road_sys_code_4,road_sys_code_5,road_sys_code_6,road_sys_code_7,road_sys_code_8,road_sys_code_9,road_sys_code_10,road_horiz_align_code_0.0,road_horiz_align_code_1.0,road_horiz_align_code_2.0,road_horiz_align_code_3.0,road_grade_code_0.0,road_grade_code_4.0,road_grade_code_5.0,road_grade_code_6.0,road_grade_code_7.0,road_grade_code_8.0,road_surf_code_0.0,road_surf_code_1.0,road_surf_code_2.0,road_surf_code_3.0,road_surf_code_5.0,road_surf_code_99.0,surf_cond_code_0.0,surf_cond_code_1.0,surf_cond_code_2.0,surf_cond_code_3.0,surf_cond_code_4.0,surf_cond_code_5.0,surf_cond_code_6.0,surf_cond_code_7.0,surf_cond_code_9.0,surf_cond_code_99.0,light_cond_code_0.0,light_cond_code_1.0,light_cond_code_2.0,light_cond_code_3.0,light_cond_code_4.0,light_cond_code_5.0,light_cond_code_6.0,light_cond_code_7.0,environ_cond_code_0.0,environ_cond_code_1.0,environ_cond_code_2.0,environ_cond_code_3.0,environ_cond_code_4.0,environ_cond_code_5.0,environ_cond_code_6.0,environ_cond_code_7.0,environ_cond_code_8.0,environ_cond_code_9.0,environ_cond_code_10.0,environ_cond_code_99.0,road_median_code_0.0,road_median_code_1.0,road_median_code_2.0,road_median_code_3.0,road_median_code_4.0,road_median_code_5.0,road_median_code_99.0,temp_traffic_zone_0.0,temp_traffic_zone_1.0,temp_traffic_zone_2.0,temp_traffic_zone_3.0,temp_traffic_zone_4.0,temp_traffic_zone_5.0,posted_speed_0.0,posted_speed_2.0,posted_speed_3.0,posted_speed_4.0,posted_speed_5.0,posted_speed_10.0,posted_speed_15.0,posted_speed_20.0,posted_speed_25.0,posted_speed_26.0,posted_speed_28.0,posted_speed_30.0,posted_speed_35.0,posted_speed_36.0,posted_speed_40.0,posted_speed_45.0,posted_speed_47.0,posted_speed_50.0,posted_speed_55.0,posted_speed_56.0,posted_speed_60.0,posted_speed_65.0,first_harmful_event_0.0,first_harmful_event_1.0,first_harmful_event_2.0,first_harmful_event_3.0,first_harmful_event_5.0,first_harmful_event_6.0,first_harmful_event_7.0,first_harmful_event_9.0,first_harmful_event_11.0,first_harmful_event_12.0,first_harmful_event_13.0,first_harmful_event_14.0,first_harmful_event_19.0,first_harmful_event_21.0,first_harmful_event_22.0,first_harmful_event_23.0,first_harmful_event_24.0,first_harmful_event_26.0,first_harmful_event_27.0,first_harmful_event_28.0,first_harmful_event_29.0,first_harmful_event_30.0,first_harmful_event_39.0,first_harmful_event_41.0,first_harmful_event_42.0,first_harmful_event_43.0,first_harmful_event_44.0,first_harmful_event_45.0,first_harmful_event_46.0,first_harmful_event_47.0,first_harmful_event_48.0,first_harmful_event_49.0,first_harmful_event_50.0,first_harmful_event_51.0,first_harmful_event_52.0,first_harmful_event_53.0,first_harmful_event_54.0,first_harmful_event_55.0,first_harmful_event_56.0,first_harmful_event_57.0,first_harmful_event_58.0,first_harmful_event_59.0,first_harmful_event_60.0,first_harmful_event_61.0,first_harmful_event_62.0,first_harmful_event_69.0,first_harmful_event_99.0,flg_cell_in_use_N,flg_cell_in_use_Y
ESSEX-VERONA TWP,0.0234375,0.05,0.017857142857142856,0.05263157894736842,0.029411764705882353,0.045454545454545456,0.0267379679144385,0.0,0.015151515151515152,0.015873015873015872,0.0,0.0,0.0,0.0,0.12903225806451613,0.0,0.0,0.0,0.14285714285714285,0.125,0.0,0.0,0.0,0.0,0.0,0.0,0.0,0.027777777777777776,0.0,0.014925373134328358,0.0,0.0,0.0,0.0,0.0,0.0,0.021739130434782608,0.0,0.0,0.07407407407407407,0.0,0.009900990099009901,0.0,0.0,0.0,0.0,0.030303030303030304,0.0,0.2,0.05,0.03246753246753247,0.0,0.0,0.0,0.0,0.0,0.0,0.02793296089385475,0.5,0.0,0.0,0.0,0.024390243902439025,0.08695652173913043,0.0,0.0,0.0,0.0,0.0,0.0,0.0,0.0,0.045454545454545456,0.0,0.0,0.0,0.0,0.029850746268656716,0.0,0.0,0.024539877300613498,0.0625,0.0,0.5,0.0,0.0,0.0,0.0,0.0,0.0,0.0,0.0,0.0,0.0,0.0,0.0,0.06896551724137931,0.0,0.0,0.03314917127071823,0.0,0.0,0.0,0.0,0.0,0.0,0.0,0.0,0.0,0.0,0.0,0.0,0.014598540145985401,0.0,0.0,0.0,0.13636363636363635,0.0,0.03571428571428571,0.0,0.0,0.0,0.0,0.0,0.0,0.0,0.0,0.0,0.0,0.0,0.0,0.0,0.0,0.0,0.0,0.0,0.0,0.0,0.0,0.0,0.015873015873015872,0.0,0.0,0.056338028169014086,0.0,0.0,0.0,0.0,0.0,0.0,0.0,0.0,0.0,0.0,0.0,0.0,0.0,0.0,0.0,0.0,0.0,0.0,0.0,0.0,0.0,0.0,0.0,0.0,0.16666666666666666,0.0,0.0,0.0,0.0,0.02702702702702703,0.0
ESSEX-WEST CALDWELL TWP,0.015625,0.016666666666666666,0.017857142857142856,0.013157894736842105,0.01764705882352941,0.0,0.010695187165775399,0.0,0.015151515151515152,0.015873015873015872,0.0,0.02702702702702703,0.0,0.0,0.0,0.0,0.0,0.058823529411764705,0.0,0.0,0.0,0.0,0.0,0.0,0.0,0.0,0.0,0.027777777777777776,0.0,0.014925373134328358,0.0,0.0,0.0,0.0,0.0,0.0,0.0,0.0,0.0,0.037037037037037035,0.0,0.009900990099009901,0.0,0.0,0.0,0.0,0.01818181818181818,0.0,0.0,0.1,0.006493506493506494,0.0,0.0,0.0,0.0,0.0,0.0,0.01675977653631285,0.0,0.0,0.0,0.0,0.01829268292682927,0.0,0.0,0.0,0.0,0.0,0.0,0.0,0.0,0.0,0.022727272727272728,0.0,0.0,0.0,0.0,0.014925373134328358,0.0,0.0,0.018404907975460124,0.0,0.0,0.0,0.0,0.0,0.0,0.0,0.0,0.0,0.0,0.0,0.0,0.05,0.0,0.0,0.022988505747126436,0.0,0.0,0.016574585635359115,0.0,0.0,0.0,0.0,0.0,0.0,0.0,0.0,0.0,0.0,0.0,0.0,0.0072992700729927005,0.0,0.0,0.0,0.0,0.0,0.0,0.07407407407407407,0.0,0.0,0.0,0.0,0.0,0.0,0.0,0.0,0.0,0.0,0.0,0.1111111111111111,0.0,0.0,0.0,0.0,0.0,0.0,0.0,0.0,0.015873015873015872,0.0,0.0,0.014084507042253521,0.0,0.0,0.0,0.0,0.0,0.0,0.0,0.0,0.0,0.0,0.0,0.0,0.0,0.0,0.0,0.0,0.0,0.0,0.0,0.0,0.0,0.0,0.0,0.0,0.0,0.0,0.0,0.0,0.0,0.010810810810810811,0.0
ESSEX-WEST ORANGE TWP,0.0625,0.11666666666666667,0.11607142857142856,0.02631578947368421,0.08235294117647059,0.045454545454545456,0.07486631016042782,0.0,0.07575757575757576,0.06349206349206349,0.1111111111111111,0.05405405405405406,0.0,0.0,0.06451612903225806,1.0,0.0,0.058823529411764705,0.14285714285714285,0.0,0.06666666666666667,0.0,0.06666666666666667,0.08333333333333333,0.0,0.0,0.2222222222222222,0.08333333333333333,0.0,0.07462686567164178,0.0,0.0,0.0,0.0,0.0,0.2,0.021739130434782608,0.0,0.0,0.09259259259259259,0.0,0.039603960396039604,0.0,0.0,0.0,0.1111111111111111,0.06060606060606061,0.2,0.4,0.15000000000000002,0.05194805194805195,0.375,0.25,0.0,0.0,0.0,0.0,0.08379888268156425,0.0,0.0,0.0,0.0,0.07317073170731708,0.13043478260869565,0.0,0.0,0.0,0.0,0.0,0.0,0.0,0.0,0.125,0.0,0.0,0.0,0.125,0.029850746268656716,0.0,0.0,0.0736196319018405,0.0625,0.0,0.0,0.11764705882352941,0.0,0.0,0.0,0.0,0.0,0.0,0.0,0.1,0.05,0.0625,0.03508771929824561,0.08045977011494253,0.0,0.0,0.0718232044198895,0.3333333333333333,0.0,0.0,0.3333333333333333,0.0,0.0,0.0,0.0,0.0,0.0,0.0,0.0,0.021897810218978103,0.0,0.0,0.0,0.18181818181818182,0.0,0.10714285714285714,0.0,0.0,0.02127659574468085,0.041666666666666664,0.0,0.0,0.15000000000000002,0.0,0.3333333333333333,0.0,0.0,0.0,0.0,0.0,0.0,0.0,0.0,0.0,0.0,0.0,0.0,0.07936507936507936,0.0,0.0,0.07042253521126761,0.0,0.125,0.0,0.0,0.0,0.0,0.0,0.0,0.0,0.0,0.0,0.0,0.0,1.0,0.0,0.0,0.0,0.0,0.5,0.0,0.0,0.0,0.0,0.0,0.0,0.0,0.0,0.0,0.0,0.07567567567567568,0.0
GLOUCESTER-CLAYTON BORO,0.0390625,0.0,0.026785714285714284,0.02631578947368421,0.023529411764705882,0.045454545454545456,0.0213903743315508,0.0,0.0,0.0,0.0,0.08108108108108109,0.0,0.3333333333333333,0.03225806451612903,0.0,0.0,0.0,0.0,0.125,0.0,0.0,0.0,0.0,0.0,0.0,0.0,0.027777777777777776,0.3333333333333333,0.0,0.0,0.0,0.0,0.0,0.0,0.0,0.021739130434782608,0.0,0.0,0.037037037037037035,0.0,0.019801980198019802,0.0,0.0,0.0,0.0,0.030303030303030304,0.0,0.0,0.0,0.03246753246753247,0.0,0.0,0.0,0.0,0.0,0.0,0.02793296089385475,0.0,0.0,0.0,0.0,0.024390243902439025,0.043478260869565216,0.0,0.0,0.0,0.0,0.0,0.0,0.0,0.0,0.03409090909090909,0.0,0.0,0.0,0.0,0.029850746268656716,0.0,0.0,0.03067484662576687,0.0,0.0,0.0,0.0,0.0,0.0,0.0,0.0,0.0,0.0,0.0,0.0,0.0,0.0,0.03508771929824561,0.034482758620689655,0.0,0.0,0.027624309392265192,0.0,0.0,0.0,0.0,0.0,0.0,0.0,0.0,0.0,0.0,0.0,0.0,0.014598540145985401,0.0,0.0,0.0,0.0,0.0,0.03571428571428571,0.0,0.0,0.0425531914893617,0.0,0.0,0.0,0.0,0.0,0.0,0.0,0.0,0.1111111111111111,0.0,0.0,0.0,0.0,0.0,0.0,0.0,0.0,0.0,0.0,0.0,0.3333333333333333,0.04225352112676056,0.0,0.0,0.0,0.0,0.0,0.0,0.0,0.0,0.0,0.0,0.0,0.0,0.0,0.0,0.0,0.0,0.0,0.0,0.0,0.0,0.0,0.0,0.0,0.0,0.0,0.0,0.0,0.0,0.0,0.021621621621621623,0.0
GLOUCESTER-DEPTFORD TWP,0.21875,0.3,0.3214285714285714,0.13157894736842105,0.22352941176470587,0.36363636363636365,0.24064171122994651,0.0,0.07575757575757576,0.2698412698412698,0.0,0.4864864864864865,0.14285714285714285,0.0,0.16129032258064516,0.0,0.0,0.23529411764705882,0.2857142857142857,0.29166666666666663,0.13333333333333333,0.0,0.13333333333333333,0.0,0.0,0.0,0.2222222222222222,0.5555555555555556,0.0,0.07462686567164178,0.125,0.0,0.0,0.1,0.0,0.04,0.6956521739130435,0.0,0.0,0.2037037037037037,0.0,0.009900990099009901,0.0,0.25,0.0,0.2222222222222222,0.24242424242424243,0.0,0.4,0.25,0.25974025974025977,0.0,0.25,0.0,0.0,0.0,0.3125,0.22905027932960895,0.0,0.0,0.0,0.0,0.20731707317073172,0.4782608695652174,0.3333333333333333,0.0,0.0,0.0,0.0,0.0,0.0,0.0,0.3181818181818182,0.2,0.25,0.0,0.625,0.04477611940298507,0.10714285714285714,0.0,0.2147239263803681,0.4375,0.5,0.0,0.1764705882352941,0.0,0.0,0.0,0.0,0.0,0.0,0.0,0.2,0.05,0.6875,0.08771929824561403,0.24137931034482757,0.0,0.0,0.24861878453038672,0.3333333333333333,0.0,0.0,0.0,0.0,0.0,0.0,0.0,0.0,0.0,0.3333333333333333,0.0,0.0364963503649635,0.0,0.0,0.0,0.2727272727272727,0.0,0.10714285714285714,0.2962962962962963,0.0,0.10638297872340426,0.4583333333333333,0.0,0.0,0.35000000000000003,0.0,0.0,0.0,0.0,0.4444444444444444,0.7777777777777777,0.1111111111111111,0.0,0.0,0.0,0.0,0.0,0.0,0.16666666666666666,0.06349206349206349,0.0,0.0,0.2535211267605634,0.0,0.125,0.0,0.0,0.0,0.0,0.0,0.0,0.0,1.0,0.25,0.0,0.0,0.0,0.3333333333333333,0.0,0.14285714285714285,0.0,0.0,0.0,0.16666666666666666,0.0,0.0,0.0,0.6666666666666666,0.0,0.0,0.0,0.0,0.24324324324324326,0.0
GLOUCESTER-EAST GREENWICH TWP,0.046875,0.1,0.08928571428571427,0.02631578947368421,0.047058823529411764,0.18181818181818182,0.0588235294117647,0.0,0.015151515151515152,0.07936507936507936,0.0,0.16216216216216217,0.0,0.0,0.0,0.0,0.0,0.058823529411764705,0.14285714285714285,0.041666666666666664,0.2,0.0,0.0,0.0,0.0,0.0,0.0,0.1388888888888889,0.0,0.014925373134328358,0.0,0.0,0.0,0.0,0.0,0.16,0.0,0.10344827586206896,0.0,0.09259259259259259,0.0,0.0,0.0,0.0,0.0,0.0,0.06666666666666667,0.2,0.0,0.0,0.07792207792207792,0.0,0.0,0.0,0.0,0.0,0.0,0.0670391061452514,0.0,0.0,0.0,0.0,0.07317073170731708,0.0,0.0,0.0,0.0,0.0,0.0,0.0,0.0,0.0,0.09090909090909091,0.2,0.0,0.0,0.1875,0.0,0.0,0.0,0.0736196319018405,0.0,0.0,0.0,0.0,0.0,0.0,0.0,0.0,0.0,0.0,0.0,0.17500000000000002,0.0,0.0,0.017543859649122806,0.04597701149425287,0.0,0.0,0.06629834254143646,0.0,0.0,0.0,0.0,0.0,0.0,0.0,0.0,0.0,0.0,0.0,0.0,0.0,0.0,0.0,0.0,0.045454545454545456,0.0,0.0,0.14814814814814814,0.0,0.0,0.041666666666666664,0.0,0.0,0.30000000000000004,0.0,0.0,0.0,0.0,0.3333333333333333,0.1111111111111111,0.0,0.0,0.0,0.0,0.0,0.0,0.0,0.0,0.015873015873015872,0.0,0.0,0.08450704225352113,0.0,0.0,0.0,0.0,0.0,0.0,0.0,0.0,0.0,0.0,0.25,0.0,0.0,0.0,0.0,0.0,0.0,0.0,0.0,0.0,0.0,0.0,0.0,0.0,0.0,0.0,0.0,0.0,0.0,0.05945945945945946,0.0
GLOUCESTER-ELK TWP,0.0703125,0.08333333333333333,0.09821428571428571,0.039473684210526314,0.07647058823529412,0.045454545454545456,0.06951871657754011,0.0,0.0,0.015873015873015872,0.1111111111111111,0.2972972972972973,0.0,0.0,0.03225806451612903,0.0,0.0,0.11764705882352941,0.0,0.08333333333333333,0.06666666666666667,0.0,0.0,0.0,0.0,0.0,0.2222222222222222,0.19444444444444442,0.0,0.0,0.0,0.0,0.0,0.0,0.0,0.0,0.19565217391304346,0.0,0.0,0.09259259259259259,0.0,0.0,0.0,0.0,0.0,0.2222222222222222,0.048484848484848485,0.4,0.0,0.0,0.08441558441558442,0.0,0.0,0.09090909090909091,0.0,0.0,0.0,0.0782122905027933,0.0,0.0,0.0,0.0,0.07926829268292683,0.043478260869565216,0.0,0.0,0.0,0.0,0.0,0.0,0.0,0.0,0.10227272727272728,0.2,0.0,0.0,0.125,0.029850746268656716,0.0,0.0,0.07975460122699386,0.0,0.0,0.0,0.058823529411764705,0.0,0.0,0.0,0.0,0.0,0.0,0.0,0.025,0.0,0.4375,0.017543859649122806,0.05747126436781609,0.0,0.0,0.07734806629834254,0.0,0.0,0.0,0.0,0.0,0.0,0.0,1.0,0.6666666666666666,0.0,0.0,0.0,0.0,0.0,0.0,0.0,0.0,0.0,0.03571428571428571,0.037037037037037035,0.0,0.02127659574468085,0.125,0.0,0.0,0.25,0.0,0.16666666666666666,0.0,0.0,0.3333333333333333,0.3333333333333333,0.0,0.0,0.0,0.0,0.0,0.0,0.0,0.0,0.0,0.0,0.0,0.07042253521126761,0.0,0.0,0.0,0.0,0.0,0.0,0.0,0.0,0.0,0.0,0.0,0.0,0.0,0.0,0.0,0.0,0.0,0.0,0.0,0.0,0.0,1.0,0.0,0.0,0.16666666666666666,0.0,0.0,0.0,0.0,0.07027027027027027,0.0
GLOUCESTER-FRANKLIN TWP,0.375,0.3333333333333333,0.39285714285714285,0.3157894736842105,0.32941176470588235,0.5454545454545454,0.35828877005347587,0.0,0.10606060606060606,0.23809523809523808,0.3333333333333333,0.918918918918919,0.2857142857142857,0.3333333333333333,0.1935483870967742,0.0,0.0,0.4117647058823529,0.0,0.7083333333333333,0.26666666666666666,0.3333333333333333,0.0,0.16666666666666666,0.0,0.0,0.1111111111111111,0.5833333333333333,0.3333333333333333,0.13432835820895522,0.375,0.0,0.0,0.2,0.0,0.0,0.5434782608695652,0.0,0.0,0.5740740740740741,0.0,0.1188118811881188,0.0,0.0,0.0,0.2777777777777778,0.34545454545454546,1.0,0.2,0.05,0.4350649350649351,0.0,0.0,0.0,0.0,0.0,0.0,0.37988826815642457,0.0,0.0,0.0,0.0,0.29878048780487804,0.7391304347826086,0.3333333333333333,0.0,1.0,0.0,0.0,0.0,0.0,0.0,0.4772727272727273,0.2,0.0,0.125,0.625,0.1044776119402985,0.25,0.0,0.31901840490797545,0.6875,0.0,0.0,0.23529411764705882,0.0,0.0,1.0,0.0,0.0,0.0,0.0,0.0,0.0,0.3125,0.03508771929824561,0.6896551724137931,0.5,0.0,0.3756906077348066,0.0,0.0,0.0,0.0,0.0,0.0,0.0,0.0,0.0,0.0,0.0,0.0,0.0,0.0,0.0,0.0,0.2272727272727273,0.0,0.3571428571428571,0.4074074074074074,0.0,0.7872340425531915,0.0,0.0,0.0,0.25,0.0,0.3333333333333333,0.0,0.0,0.4444444444444444,0.4444444444444444,0.1111111111111111,0.0,0.0,0.0,1.0,0.0,1.0,0.5,0.09523809523809523,0.0,0.3333333333333333,0.4647887323943662,0.0,0.0,0.0,0.0,0.0,0.0,0.0,0.0,1.0,0.0,0.0,0.0,0.0,0.0,0.0,0.0,0.7142857142857142,0.0,0.0,0.0,0.08333333333333333,0.0,0.0,0.0,0.6666666666666666,0.3333333333333333,0.0,0.0,0.0,0.3621621621621622,0.0
GLOUCESTER-GLASSBORO BORO,0.109375,0.11666666666666667,0.14285714285714285,0.06578947368421052,0.07058823529411765,0.4090909090909091,0.10695187165775401,0.0,0.09090909090909091,0.1111111111111111,0.0,0.16216216216216217,0.0,0.0,0.06451612903225806,0.0,0.0,0.11764705882352941,0.14285714285714285,0.041666666666666664,0.26666666666666666,0.0,0.0,0.0,0.0,0.0,0.1111111111111111,0.1111111111111111,0.0,0.11940298507462686,0.0,0.0,0.0,0.0,0.0,0.0,0.2391304347826087,0.0,0.0,0.14814814814814814,0.0,0.019801980198019802,0.0,0.0,0.0,0.0,0.12727272727272726,0.0,0.0,0.0,0.13636363636363638,0.0,0.0,0.0,0.0,0.0,0.0,0.11731843575418995,0.0,0.0,0.0,0.0,0.10975609756097561,0.13043478260869565,0.0,0.0,0.0,0.0,0.0,0.0,0.0,0.0,0.11363636363636365,0.0,0.0,0.0,0.0,0.07462686567164178,0.21428571428571427,0.0,0.10429447852760737,0.125,0.0,0.5,0.058823529411764705,0.0,0.0,0.0,0.0,0.0,0.0,0.0,0.025,0.0,0.1875,0.0,0.1954022988505747,0.0,0.0,0.11602209944751381,0.0,0.0,0.0,0.0,0.0,0.0,0.0,0.0,0.0,0.0,0.0,0.0,0.029197080291970802,0.0,0.0,0.0,0.18181818181818182,0.0,0.07142857142857142,0.2222222222222222,1.0,0.0,0.041666666666666664,0.0,0.0,0.15000000000000002,0.0,0.0,0.0,0.0,0.1111111111111111,0.0,0.0,0.0,0.0,0.0,0.0,0.0,0.0,0.0,0.07936507936507936,0.0,0.0,0.15492957746478875,0.0,0.0,0.0,0.0,0.0,0.0,0.0,0.0,0.0,0.0,0.0,0.0,0.0,0.0,0.3333333333333333,0.0,0.14285714285714285,0.0,0.0,0.0,0.0,0.0,0.5,0.0,0.16666666666666666,0.0,0.0,0.0,0.0,0.10810810810810811,0.0
GLOUCESTER-GREENWICH TWP,0.046875,0.016666666666666666,0.017857142857142856,0.06578947368421052,0.03529411764705882,0.045454545454545456,0.0320855614973262,0.0,0.015151515151515152,0.015873015873015872,0.0,0.05405405405405406,0.0,0.0,0.0967741935483871,0.0,0.0,0.058823529411764705,0.0,0.08333333333333333,0.0,0.0,0.0,0.0,0.0,0.0,0.0,0.08333333333333333,0.0,0.014925373134328358,0.0,0.0,0.0,0.0,0.0,0.08,0.021739130434782608,0.0,0.0,0.07407407407407407,0.0,0.0,0.0,0.0,0.0,0.05555555555555555,0.03636363636363636,0.0,0.0,0.0,0.045454545454545456,0.0,0.0,0.0,0.0,0.0,0.0,0.03910614525139665,0.0,0.0,0.0,0.0,0.042682926829268296,0.0,0.0,0.0,0.0,0.0,0.0,0.0,0.0,0.0,0.045454545454545456,0.0,0.0,0.0,0.0,0.029850746268656716,0.03571428571428571,0.0,0.03680981595092025,0.0,0.0,0.0,0.058823529411764705,0.0,0.0,0.0,0.0,0.0,0.0,0.0,0.05,0.0,0.0,0.0,0.05747126436781609,0.0,0.0,0.03867403314917127,0.0,0.0,0.0,0.0,0.0,0.0,0.0,0.0,0.0,0.0,0.0,0.0,0.0072992700729927005,0.0,0.0,0.0,0.09090909090909091,0.0,0.03571428571428571,0.037037037037037035,0.0,0.0,0.0,0.0,0.0,0.1,0.0,0.0,0.0,0.0,0.1111111111111111,0.0,0.0,0.0,0.0,0.0,0.0,0.0,0.0,0.0,0.015873015873015872,0.0,0.0,0.04225352112676056,0.0,0.0,0.0,0.0,0.0,0.0,0.0,0.0,0.0,0.0,0.0,0.0,0.0,0.0,0.0,0.0,0.0,0.0,0.0,0.0,0.08333333333333333,0.0,0.0,0.25,0.0,0.0,0.0,0.0,0.0,0.02702702702702703,0.3333333333333333
GLOUCESTER-HARRISON TWP,0.1015625,0.06666666666666667,0.05357142857142857,0.14473684210526316,0.08823529411764705,0.09090909090909091,0.0855614973262032,0.0,0.0,0.12698412698412698,0.0,0.1891891891891892,0.0,0.0,0.06451612903225806,0.0,0.0,0.0,0.14285714285714285,0.25,0.13333333333333333,0.3333333333333333,0.0,0.25,0.0,0.0,0.0,0.1111111111111111,0.0,0.0,0.0,0.0,0.0,0.0,0.0,0.0,0.08695652173913043,0.0,0.0,0.24074074074074073,0.0,0.0,0.0,0.0,0.0,0.0,0.09696969696969697,0.0,0.2,0.0,0.1103896103896104,0.0,0.0,0.0,0.0,0.0,0.0,0.09497206703910614,0.0,0.0,0.0,0.0,0.09146341463414634,0.08695652173913043,0.0,0.0,0.0,0.0,0.0,0.0,0.0,0.0,0.125,0.0,0.25,0.0,0.0625,0.0,0.14285714285714285,0.0,0.08588957055214724,0.125,0.0,0.0,0.058823529411764705,0.0,0.0,0.0,0.0,0.0,0.0,0.0,0.0,0.0,0.125,0.0,0.1724137931034483,0.0,0.0,0.09392265193370165,0.0,0.0,0.0,0.0,0.0,0.0,0.0,0.0,0.0,0.0,0.0,0.0,0.0,0.0,0.0,0.0,0.0,0.0,0.14285714285714285,0.2962962962962963,0.0,0.06382978723404255,0.041666666666666664,0.0,0.0,0.05,0.0,0.0,0.0,0.0,0.2222222222222222,0.0,0.0,0.0,0.0,0.0,0.0,0.0,0.0,0.0,0.0,0.0,0.0,0.18309859154929578,0.0,0.0,0.0,0.0,0.0,0.0,0.0,0.0,0.0,0.0,0.0,0.0,0.0,0.0,0.0,0.0,0.0,0.0,0.0,0.0,0.0,0.0,0.0,0.0,0.16666666666666666,0.0,0.0,0.25,0.0,0.08108108108108109,0.3333333333333333
GLOUCESTER-LOGAN TWP,0.0703125,0.1,0.09821428571428571,0.05263157894736842,0.07058823529411765,0.13636363636363635,0.06951871657754011,0.3333333333333333,0.0,0.047619047619047616,0.0,0.2702702702702703,0.0,0.0,0.06451612903225806,0.0,0.0,0.11764705882352941,0.0,0.041666666666666664,0.06666666666666667,0.0,0.0,0.0,0.0,0.0,0.1111111111111111,0.25,0.0,0.0,0.0,0.0,0.0,0.1,0.0,0.24,0.08695652173913043,0.0,0.0,0.09259259259259259,0.0,0.0,0.0,0.0,0.0,0.16666666666666666,0.06666666666666667,0.2,0.0,0.0,0.09090909090909091,0.0,0.0,0.09090909090909091,0.0,0.0,0.0,0.08379888268156425,0.0,0.0,0.0,0.0,0.07317073170731708,0.13043478260869565,0.0,0.0,0.0,0.0,0.0,0.0,0.0,0.0,0.10227272727272728,0.0,0.0,0.0,0.1875,0.029850746268656716,0.03571428571428571,0.0,0.07975460122699386,0.0625,0.0,0.0,0.058823529411764705,0.0,0.0,0.0,0.0,0.0,0.0,0.0,0.05,0.15000000000000002,0.25,0.0,0.06896551724137931,0.0,0.0,0.08287292817679558,0.0,0.0,0.0,0.0,0.0,0.0,0.0,0.0,0.0,0.0,0.0,0.0,0.0,0.0,0.0,0.0,0.09090909090909091,0.0,0.0,0.14814814814814814,0.0,0.0425531914893617,0.041666666666666664,0.0,0.0,0.30000000000000004,0.0,0.16666666666666666,0.0,0.0,0.2222222222222222,0.1111111111111111,0.0,0.0,0.0,0.0,0.0,0.0,0.0,0.0,0.0,0.0,0.0,0.07042253521126761,0.0,0.0,0.0,0.0,0.0,0.0,0.0,0.0,0.0,0.0,0.25,0.0,0.125,0.0,0.0,0.0,0.0,0.0,0.0,0.0,0.08333333333333333,0.0,0.0,0.0,0.5,0.0,0.0,0.0,0.0,0.07567567567567568,0.0