location,severity_rating5_4,severity_rating5_5,intersection_N,intersection_Y,alcohol_involved_N,alcohol_involved_Y,hazmat_involved_N,hazmat_involved_Y,hs_collision_type_1,hs_collision_type_2,hs_collision_type_3,hs_collision_type_4,hs_collision_type_5,hs_collision_type_6,hs_collision_type_7,hs_collision_type_8,hs_collision_type_9,crash_type_1.0,crash_type_2.0,crash_type_3.0,crash_type_4.0,crash_type_5.0,crash_type_6.0,crash_type_7.0,crash_type_8.0,crash_type_9.0,crash_type_10.0,crash_type_11.0,crash_type_12.0,crash_type_13.0,crash_type_14.0,crash_type_15.0,crash_type_16.0,crash_type_99.0,road_sys_code_0,road_sys_code_1,road_sys_code_2,road_sys_code_3,road_sys_code_4,road_sys_code_5,road_sys_code_6,road_sys_code_7,road_sys_code_8,road_sys_code_9,road_sys_code_10,road_horiz_align_code_0.0,road_horiz_align_code_1.0,road_horiz_align_code_2.0,road_horiz_align_code_3.0,road_grade_code_0.0,road_grade_code_4.0,road_grade_code_5.0,road_grade_code_6.0,road_grade_code_7.0,road_grade_code_8.0,road_surf_code_0.0,road_surf_code_1.0,road_surf_code_2.0,road_surf_code_3.0,road_surf_code_5.0,road_surf_code_99.0,surf_cond_code_0.0,surf_cond_code_1.0,surf_cond_code_2.0,surf_cond_code_3.0,surf_cond_code_4.0,surf_cond_code_5.0,surf_cond_code_6.0,surf_cond_code_7.0,surf_cond_code_9.0,surf_cond_code_99.0,light_cond_code_0.0,light_cond_code_1.0,light_cond_code_2.0,light_cond_code_3.0,light_cond_code_4.0,light_cond_code_5.0,light_cond_code_6.0,light_cond_code_7.0,environ_cond_code_0.0,environ_cond_code_1.0,environ_cond_code_2.0,environ_cond_code_3.0,environ_cond_code_4.0,environ_cond_code_5.0,environ_cond_code_6.0,environ_cond_code_7.0,environ_cond_code_8.0,environ_cond_code_9.0,environ_cond_code_10.0,environ_cond_code_99.0,road_median_code_0.0,road_median_code_1.0,road_median_code_2.0,road_median_code_3.0,road_median_code_4.0,road_median_code_5.0,road_median_code_99.0,temp_traffic_zone_0.0,temp_traffic_zone_1.0,temp_traffic_zone_2.0,temp_traffic_zone_3.0,temp_traffic_zone_4.0,temp_traffic_zone_5.0,posted_speed_0.0,posted_speed_2.0,posted_speed_3.0,posted_speed_4.0,posted_speed_5.0,posted_speed_10.0,posted_speed_15.0,posted_speed_20.0,posted_speed_25.0,posted_speed_26.0,posted_speed_28.0,posted_speed_30.0,posted_speed_35.0,posted_speed_36.0,posted_speed_40.0,posted_speed_45.0,posted_speed_47.0,posted_speed_50.0,posted_speed_55.0,posted_speed_56.0,posted_speed_60.0,posted_speed_65.0,first_harmful_event_0.0,first_harmful_event_1.0,first_harmful_event_2.0,first_harmful_event_3.0,first_harmful_event_5.0,first_harmful_event_6.0,first_harmful_event_7.0,first_harmful_event_9.0,first_harmful_event_11.0,first_harmful_event_12.0,first_harmful_event_13.0,first_harmful_event_14.0,first_harmful_event_19.0,first_harmful_event_21.0,first_harmful_event_22.0,first_harmful_event_23.0,first_harmful_event_24.0,first_harmful_event_26.0,first_harmful_event_27.0,first_harmful_event_28.0,first_harmful_event_29.0,first_harmful_event_30.0,first_harmful_event_39.0,first_harmful_event_41.0,first_harmful_event_42.0,first_harmful_event_43.0,first_harmful_event_44.0,first_harmful_event_45.0,first_harmful_event_46.0,first_harmful_event_47.0,first_harmful_event_48.0,first_harmful_event_49.0,first_harmful_event_50.0,first_harmful_event_51.0,first_harmful_event_52.0,first_harmful_event_53.0,first_harmful_event_54.0,first_harmful_event_55.0,first_harmful_event_56.0,first_harmful_event_57.0,first_harmful_event_58.0,first_harmful_event_59.0,first_harmful_event_60.0,first_harmful_event_61.0,first_harmful_event_62.0,first_harmful_event_69.0,first_harmful_event_99.0,flg_cell_in_use_N,flg_cell_in_use_Y
GLOUCESTER-MANTUA TWP,0.09375,0.18333333333333332,0.15178571428571427,0.07894736842105263,0.11764705882352941,0.13636363636363635,0.11764705882352941,0.0,0.0,0.09523809523809523,0.0,0.3783783783783784,0.0,0.0,0.0967741935483871,0.0,0.0,0.1764705882352941,0.0,0.125,0.2,0.0,0.0,0.25,0.0,0.0,0.5555555555555556,0.16666666666666666,0.0,0.0,0.0,0.0,0.0,0.0,0.0,0.0,0.19565217391304346,0.0,0.0,0.25925925925925924,0.0,0.0,0.0,0.0,0.0,0.1111111111111111,0.10909090909090909,0.2,0.4,0.1,0.1038961038961039,0.5,0.0,0.09090909090909091,0.0,0.0,0.0,0.12849162011173185,0.0,0.0,0.0,0.0,0.0975609756097561,0.21739130434782608,0.0,0.25,1.0,0.0,0.0,0.0,0.0,0.0,0.17045454545454547,0.0,0.0,0.125,0.1875,0.04477611940298507,0.03571428571428571,0.0,0.09202453987730061,0.375,0.0,0.5,0.0,0.0,1.0,0.0,0.0,0.0,0.0,0.0,0.025,0.0,0.3125,0.0,0.1954022988505747,0.0,0.0,0.1270718232044199,0.0,0.0,0.0,0.0,0.0,0.0,0.0,0.0,0.0,0.0,0.0,0.0,0.0,0.0,0.0,0.0,0.18181818181818182,0.0,0.10714285714285714,0.18518518518518517,0.0,0.10638297872340426,0.125,0.0,0.0,0.15000000000000002,0.0,0.16666666666666666,0.0,0.0,0.4444444444444444,0.2222222222222222,0.0,0.0,0.0,0.0,0.0,0.0,0.0,0.0,0.0,0.0,0.0,0.16901408450704225,0.0,0.0,0.0,0.0,0.0,0.0,0.0,0.0,0.0,0.0,0.25,0.0,0.0,0.0,0.0,0.0,0.0,0.0,0.0,0.0,0.0,0.0,1.0,0.0,0.16666666666666666,0.0,0.0,0.0,0.0,0.11891891891891893,0.0
GLOUCESTER-MONROE TWP,0.3828125,0.5333333333333333,0.4821428571428571,0.35526315789473684,0.3941176470588235,0.6363636363636364,0.427807486631016,0.0,0.21212121212121213,0.47619047619047616,0.2222222222222222,0.7837837837837838,0.14285714285714285,0.0,0.16129032258064516,0.0,0.0,0.5294117647058824,0.0,0.375,0.9333333333333333,0.6666666666666666,0.0,0.25,0.0,1.0,0.2222222222222222,0.5555555555555556,0.0,0.23880597014925373,0.125,0.0,0.0,0.1,0.0,0.0,0.8478260869565217,0.0,0.0,0.5555555555555556,0.0,0.1188118811881188,0.0,0.0,0.0,0.2777777777777778,0.4484848484848485,0.4,0.0,0.0,0.5194805194805195,0.0,0.0,0.09090909090909091,0.0,0.0,0.0625,0.446927374301676,0.0,0.0,0.0,0.0,0.4024390243902439,0.5652173913043478,0.0,0.25,0.0,1.0,0.0,0.0,0.0,0.0,0.4090909090909091,0.2,0.0,0.0,0.3125,0.23880597014925373,0.8214285714285714,0.0,0.43558282208588955,0.4375,0.5,0.0,0.11764705882352941,0.0,0.0,0.0,0.0,0.0,0.0,0.0,0.0,0.0,1.0,0.24561403508771928,0.5862068965517241,0.0,0.0,0.4475138121546961,0.0,0.0,0.0,0.0,0.0,0.0,0.0,0.0,0.0,0.0,0.0,0.0,0.0072992700729927005,0.0,0.0,0.125,0.3181818181818182,0.0,0.3214285714285714,0.7777777777777777,0.0,0.5744680851063829,0.625,0.0,0.0,0.0,0.0,0.0,0.0,0.0,0.7777777777777777,0.4444444444444444,0.3333333333333333,0.0,0.0,0.0,0.0,0.0,0.0,0.16666666666666666,0.20634920634920634,0.0,0.0,0.6056338028169014,0.0,0.0,0.0,0.0,0.0,0.0,0.0,0.0,0.0,0.0,0.0,0.0,0.0,0.0,0.0,0.0,0.7142857142857142,0.0,0.5,0.0,0.16666666666666666,0.0,0.0,0.0,0.16666666666666666,0.3333333333333333,0.0,0.0,0.0,0.43243243243243246,0.0
GLOUCESTER-NEWFIELD BORO,0.015625,0.0,0.008928571428571428,0.013157894736842105,0.011764705882352941,0.0,0.0053475935828877,0.0,0.0,0.0,0.0,0.05405405405405406,0.0,0.0,0.0,0.0,0.0,0.0,0.0,0.0,0.0,0.0,0.0,0.0,0.0,0.0,0.1111111111111111,0.0,0.0,0.0,0.0,0.0,0.0,0.1,0.0,0.0,0.0,0.0,0.0,0.018518518518518517,0.0,0.009900990099009901,0.0,0.0,0.0,0.0,0.012121212121212121,0.0,0.0,0.0,0.012987012987012988,0.0,0.0,0.0,0.0,0.0,0.0,0.0111731843575419,0.0,0.0,0.0,0.0,0.012195121951219513,0.0,0.0,0.0,0.0,0.0,0.0,0.0,0.0,0.0,0.011363636363636364,0.0,0.0,0.0,0.0,0.014925373134328358,0.0,0.0,0.012269938650306749,0.0,0.0,0.0,0.0,0.0,0.0,0.0,0.0,0.0,0.0,0.0,0.0,0.0,0.0,0.0,0.022988505747126436,0.0,0.0,0.011049723756906077,0.0,0.0,0.0,0.0,0.0,0.0,0.0,0.0,0.0,0.0,0.0,0.0,0.0,0.0,0.0,0.0,0.045454545454545456,0.0,0.0,0.0,0.0,0.02127659574468085,0.0,0.0,0.0,0.0,0.0,0.0,0.0,0.0,0.1111111111111111,0.0,0.0,0.0,0.5,0.0,0.0,0.0,0.0,0.0,0.0,0.0,0.0,0.0,0.0,0.0,0.0,0.0,0.0,0.0,0.0,0.0,0.0,0.0,0.0,0.0,0.0,0.0,0.0,0.0,0.0,0.0,0.0,0.0,0.0,0.0,0.0,0.0,0.0,0.0,0.0,0.0,0.0,0.005405405405405406,0.0
GLOUCESTER-PAULSBORO BORO,0.015625,0.016666666666666666,0.017857142857142856,0.013157894736842105,0.01764705882352941,0.0,0.010695187165775399,0.0,0.0,0.015873015873015872,0.0,0.02702702702702703,0.0,0.0,0.03225806451612903,0.0,0.0,0.0,0.0,0.041666666666666664,0.0,0.0,0.06666666666666667,0.0,0.0,0.0,0.0,0.027777777777777776,0.0,0.0,0.0,0.0,0.0,0.0,0.0,0.04,0.0,0.0,0.0,0.0,0.0,0.019801980198019802,0.0,0.0,0.0,0.0,0.01818181818181818,0.0,0.0,0.0,0.012987012987012988,0.125,0.0,0.0,0.0,0.0,0.0,0.01675977653631285,0.0,0.0,0.0,0.0,0.006097560975609756,0.043478260869565216,0.0,0.25,0.0,0.0,0.0,0.0,0.0,0.0,0.022727272727272728,0.0,0.0,0.0,0.0,0.014925373134328358,0.0,0.0,0.006134969325153374,0.125,0.0,0.0,0.0,0.0,0.0,0.0,0.0,0.0,0.0,0.0,0.025,0.0,0.0,0.0,0.022988505747126436,0.0,0.0,0.016574585635359115,0.0,0.0,0.0,0.0,0.0,0.0,0.0,0.0,0.0,0.0,0.0,0.0,0.014598540145985401,0.0,0.0,0.0,0.0,0.0,0.0,0.0,0.0,0.0,0.0,0.0,0.0,0.05,0.0,0.0,0.0,0.0,0.0,0.0,0.0,0.0,0.0,0.0,0.0,0.0,0.0,0.0,0.0,0.0,0.0,0.028169014084507043,0.0,0.0,0.0,0.0,0.0,0.0,0.0,0.0,0.0,0.0,0.25,0.0,0.0,0.0,0.0,0.0,0.0,0.0,0.0,0.0,0.0,0.0,0.0,0.0,0.0,0.0,0.0,0.0,0.0,0.010810810810810811,0.0
GLOUCESTER-PITMAN BORO,0.0234375,0.0,0.008928571428571428,0.02631578947368421,0.011764705882352941,0.045454545454545456,0.010695187165775399,0.0,0.0,0.031746031746031744,0.0,0.0,0.0,0.0,0.03225806451612903,0.0,0.0,0.0,0.0,0.041666666666666664,0.06666666666666667,0.0,0.0,0.0,0.0,0.0,0.0,0.027777777777777776,0.0,0.0,0.0,0.0,0.0,0.0,0.0,0.0,0.0,0.0,0.0,0.037037037037037035,0.0,0.009900990099009901,0.0,0.0,0.0,0.0,0.01818181818181818,0.0,0.0,0.05,0.012987012987012988,0.0,0.0,0.0,0.0,0.0,0.0,0.01675977653631285,0.0,0.0,0.0,0.0,0.012195121951219513,0.043478260869565216,0.0,0.0,0.0,0.0,0.0,0.0,0.0,0.0,0.022727272727272728,0.0,0.0,0.0,0.0,0.0,0.03571428571428571,0.0,0.012269938650306749,0.0625,0.0,0.0,0.0,0.0,0.0,0.0,0.0,0.0,0.0,0.0,0.025,0.0,0.0,0.0,0.022988505747126436,0.0,0.0,0.016574585635359115,0.0,0.0,0.0,0.0,0.0,0.0,0.0,0.0,0.0,0.0,0.0,0.0,0.0072992700729927005,0.0,0.0,0.125,0.0,0.0,0.0,0.0,0.0,0.02127659574468085,0.0,0.0,0.0,0.0,0.0,0.0,0.0,0.0,0.0,0.0,0.0,0.0,0.0,0.0,0.0,0.0,0.0,0.0,0.0,0.0,0.0,0.028169014084507043,0.0,0.0,0.0,0.0,0.0,0.0,0.0,0.0,0.0,0.0,0.0,0.0,0.0,0.0,0.0,0.0,0.0,0.0,0.0,0.0,0.08333333333333333,0.0,0.0,0.0,0.0,0.0,0.0,0.0,0.0,0.010810810810810811,0.0
GLOUCESTER-SOUTH HARRISON TWP,0.0078125,0.016666666666666666,0.008928571428571428,0.013157894736842105,0.0058823529411764705,0.045454545454545456,0.0053475935828877,0.0,0.0,0.015873015873015872,0.0,0.02702702702702703,0.0,0.0,0.0,0.0,0.0,0.0,0.0,0.08333333333333333,0.0,0.0,0.0,0.0,0.0,0.0,0.0,0.0,0.0,0.0,0.0,0.0,0.0,0.0,0.0,0.0,0.021739130434782608,0.0,0.0,0.018518518518518517,0.0,0.0,0.0,0.0,0.0,0.0,0.012121212121212121,0.0,0.0,0.0,0.012987012987012988,0.0,0.0,0.0,0.0,0.0,0.0,0.0111731843575419,0.0,0.0,0.0,0.0,0.012195121951219513,0.0,0.0,0.0,0.0,0.0,0.0,0.0,0.0,0.0,0.022727272727272728,0.0,0.0,0.0,0.0,0.0,0.0,0.0,0.012269938650306749,0.0,0.0,0.0,0.0,0.0,0.0,0.0,0.0,0.0,0.0,0.0,0.0,0.0,0.0,0.0,0.022988505747126436,0.0,0.0,0.011049723756906077,0.0,0.0,0.0,0.0,0.0,0.0,0.0,0.0,0.0,0.0,0.0,0.0,0.0,0.0,0.0,0.0,0.0,0.0,0.0,0.0,0.0,0.0425531914893617,0.0,0.0,0.0,0.0,0.0,0.0,0.0,0.0,0.0,0.0,0.0,0.0,0.0,0.0,0.0,0.0,0.0,0.0,0.0,0.0,0.0,0.028169014084507043,0.0,0.0,0.0,0.0,0.0,0.0,0.0,0.0,0.0,0.0,0.0,0.0,0.0,0.0,0.0,0.0,0.0,0.0,0.0,0.0,0.0,0.0,0.0,0.0,0.0,0.0,0.0,0.0,0.0,0.005405405405405406,0.0
GLOUCESTER-WASHINGTON TWP,0.171875,0.21666666666666667,0.2232142857142857,0.13157894736842105,0.13529411764705881,0.5454545454545454,0.18181818181818182,0.0,0.13636363636363635,0.12698412698412698,0.1111111111111111,0.24324324324324326,0.0,0.0,0.25806451612903225,0.0,0.0,0.058823529411764705,0.14285714285714285,0.16666666666666666,0.13333333333333333,1.0,0.13333333333333333,0.08333333333333333,0.0,0.0,0.1111111111111111,0.25,0.0,0.13432835820895522,0.0,0.5,0.0,0.1,0.0,0.0,0.32608695652173914,0.0,0.0,0.31481481481481477,0.0,0.0297029702970297,0.0,0.0,0.0,0.3333333333333333,0.1696969696969697,0.0,0.2,0.0,0.2207792207792208,0.0,0.0,0.09090909090909091,0.0,0.0,0.0,0.19553072625698326,0.0,0.0,0.0,0.0,0.17682926829268295,0.21739130434782608,0.3333333333333333,0.0,0.0,0.0,0.0,0.0,0.0,0.0,0.19318181818181818,0.0,0.5,0.0,0.4375,0.07462686567164178,0.14285714285714285,0.0,0.17177914110429449,0.3125,0.0,0.0,0.11764705882352941,0.0,0.0,0.0,0.0,0.0,0.0,0.0,0.025,0.1,0.625,0.05263157894736842,0.21839080459770116,0.0,0.0,0.19337016574585636,0.0,0.0,0.0,0.0,0.0,0.0,0.0,0.0,0.0,0.0,0.0,0.0,0.021897810218978103,0.0,0.0,0.0,0.045454545454545456,0.0,0.17857142857142855,0.7037037037037037,0.0,0.10638297872340426,0.041666666666666664,0.0,0.0,0.05,0.0,0.16666666666666666,0.0,0.0,0.3333333333333333,0.0,0.1111111111111111,0.0,0.0,0.0,0.0,0.0,0.0,0.0,0.14285714285714285,0.0,0.0,0.1971830985915493,0.0,0.0,0.0,0.0,0.0,0.0,0.0,0.0,0.0,0.0,0.25,0.0,0.0,0.0,0.0,1.0,0.0,0.0,0.0,0.0,0.25,0.0,0.0,0.0,0.3333333333333333,0.0,0.0,0.0,0.0,0.1837837837837838,0.0
GLOUCESTER-WENONAH BORO,0.0078125,0.0,0.008928571428571428,0.0,0.0,0.045454545454545456,0.0,0.0,0.0,0.015873015873015872,0.0,0.0,0.0,0.0,0.0,0.0,0.0,0.0,0.0,0.0,0.0,0.0,0.06666666666666667,0.0,0.0,0.0,0.0,0.0,0.0,0.0,0.0,0.0,0.0,0.0,0.0,0.0,0.0,0.0,0.0,0.0,0.0,0.009900990099009901,0.0,0.0,0.0,0.0,0.006060606060606061,0.0,0.0,0.0,0.006493506493506494,0.0,0.0,0.0,0.0,0.0,0.0,0.00558659217877095,0.0,0.0,0.0,0.0,0.006097560975609756,0.0,0.0,0.0,0.0,0.0,0.0,0.0,0.0,0.0,0.011363636363636364,0.0,0.0,0.0,0.0,0.0,0.0,0.0,0.006134969325153374,0.0,0.0,0.0,0.0,0.0,0.0,0.0,0.0,0.0,0.0,0.0,0.0,0.0,0.0,0.0,0.011494252873563218,0.0,0.0,0.0055248618784530384,0.0,0.0,0.0,0.0,0.0,0.0,0.0,0.0,0.0,0.0,0.0,0.0,0.0072992700729927005,0.0,0.0,0.0,0.0,0.0,0.0,0.0,0.0,0.0,0.0,0.0,0.0,0.0,0.0,0.0,0.0,0.0,0.0,0.0,0.0,0.0,0.0,0.0,0.0,0.0,0.0,0.0,0.0,0.0,0.0,0.0,0.0,0.125,0.0,0.0,0.0,0.0,0.0,0.0,0.0,0.0,0.0,0.0,0.0,0.0,0.0,0.0,0.0,0.0,0.0,0.0,0.0,0.0,0.0,0.0,0.0,0.0,0.0,0.0,0.0,0.0,0.0
GLOUCESTER-WEST DEPTFORD TWP,0.1015625,0.11666666666666667,0.17857142857142855,0.0,0.07647058823529412,0.3181818181818182,0.10160427807486631,0.0,0.06060606060606061,0.06349206349206349,0.0,0.24324324324324326,0.14285714285714285,0.0,0.06451612903225806,0.0,0.0,0.11764705882352941,0.0,0.0,0.06666666666666667,0.0,0.06666666666666667,0.0,0.0,0.0,0.1111111111111111,0.25,0.0,0.05970149253731343,0.25,0.0,0.0,0.0,0.0,0.44,0.08695652173913043,0.0,0.0,0.07407407407407407,0.0,0.009900990099009901,0.0,0.0,0.0,0.1111111111111111,0.10303030303030303,0.2,0.0,0.1,0.07792207792207792,0.125,0.0,0.4545454545454546,0.0,0.0,0.0625,0.10614525139664804,0.0,0.0,0.0,0.0,0.10365853658536586,0.13043478260869565,0.0,0.0,0.0,0.0,0.0,0.0,0.0,0.0,0.11363636363636365,0.0,0.25,0.0,0.3125,0.04477611940298507,0.03571428571428571,0.0,0.11042944785276074,0.0625,0.5,0.0,0.0,0.0,0.0,0.0,0.0,0.0,0.0,0.0,0.275,0.05,0.0625,0.0,0.08045977011494253,0.0,0.0,0.10497237569060773,0.0,0.0,0.0,0.3333333333333333,0.0,0.0,0.0,0.0,0.0,0.0,0.0,0.0,0.0072992700729927005,0.0,0.0,0.0,0.0,0.0,0.03571428571428571,0.14814814814814814,0.0,0.06382978723404255,0.08333333333333333,0.0,0.0,0.45,0.0,0.0,0.0,0.0,0.1111111111111111,0.2222222222222222,0.0,0.0,0.0,0.0,0.0,0.0,0.0,0.3333333333333333,0.06349206349206349,0.0,0.0,0.04225352112676056,0.0,0.125,0.0,0.0,0.0,0.0,0.0,0.0,0.0,0.0,0.75,0.0,0.125,0.0,0.0,0.0,0.14285714285714285,0.0,0.0,0.0,0.08333333333333333,0.0,0.0,0.0,0.16666666666666666,0.0,0.0,0.0,0.0,0.10270270270270271,0.0
GLOUCESTER-WESTVILLE BORO,0.0,0.05,0.017857142857142856,0.013157894736842105,0.01764705882352941,0.0,0.010695187165775399,0.0,0.015151515151515152,0.015873015873015872,0.0,0.02702702702702703,0.0,0.0,0.0,0.0,0.0,0.058823529411764705,0.0,0.0,0.0,0.0,0.0,0.0,0.0,0.0,0.0,0.027777777777777776,0.0,0.014925373134328358,0.0,0.0,0.0,0.0,0.0,0.04,0.021739130434782608,0.0,0.0,0.0,0.0,0.009900990099009901,0.0,0.0,0.0,0.0,0.012121212121212121,0.2,0.0,0.0,0.01948051948051948,0.0,0.0,0.0,0.0,0.0,0.0,0.01675977653631285,0.0,0.0,0.0,0.0,0.01829268292682927,0.0,0.0,0.0,0.0,0.0,0.0,0.0,0.0,0.0,0.011363636363636364,0.0,0.0,0.0,0.0,0.014925373134328358,0.03571428571428571,0.0,0.012269938650306749,0.0,0.0,0.0,0.058823529411764705,0.0,0.0,0.0,0.0,0.0,0.0,0.0,0.0,0.0,0.0625,0.0,0.022988505747126436,0.0,0.0,0.016574585635359115,0.0,0.0,0.0,0.0,0.0,0.0,0.0,0.0,0.0,0.0,0.0,0.0,0.0072992700729927005,0.0,0.0,0.0,0.045454545454545456,0.0,0.0,0.0,0.0,0.0,0.0,0.0,0.0,0.05,0.0,0.0,0.0,0.0,0.0,0.0,0.0,0.0,0.0,0.0,0.0,0.0,0.0,0.0,0.015873015873015872,0.0,0.0,0.014084507042253521,0.0,0.0,0.0,0.0,0.0,0.0,0.0,0.0,0.0,0.0,0.0,0.0,0.0,0.0,0.3333333333333333,0.0,0.0,0.0,0.0,0.0,0.0,0.0,0.0,0.0,0.0,0.0,0.0,0.0,0.0,0.010810810810810811,0.0
GLOUCESTER-WOODBURY CITY,0.0390625,0.05,0.03571428571428571,0.05263157894736842,0.029411764705882353,0.13636363636363635,0.0374331550802139,0.0,0.045454545454545456,0.047619047619047616,0.0,0.02702702702702703,0.0,0.0,0.03225806451612903,0.0,0.0,0.058823529411764705,0.0,0.041666666666666664,0.0,0.0,0.06666666666666667,0.0,0.0,0.0,0.1111111111111111,0.027777777777777776,0.0,0.04477611940298507,0.0,0.0,0.0,0.0,0.0,0.0,0.10869565217391304,0.0,0.0,0.05555555555555555,0.0,0.0,0.0,0.0,0.0,0.0,0.04242424242424243,0.2,0.0,0.0,0.05194805194805195,0.0,0.0,0.0,0.0,0.0,0.0,0.0446927374301676,0.0,0.0,0.0,0.0,0.042682926829268296,0.043478260869565216,0.0,0.0,0.0,0.0,0.0,0.0,0.0,0.0,0.03409090909090909,0.0,0.0,0.0,0.0,0.07462686567164178,0.0,0.0,0.04294478527607362,0.0625,0.0,0.0,0.0,0.0,0.0,0.0,0.0,0.0,0.0,0.0,0.0,0.0,0.0,0.07017543859649122,0.04597701149425287,0.0,0.0,0.04419889502762431,0.0,0.0,0.0,0.0,0.0,0.0,0.0,0.0,0.0,0.0,0.0,0.0,0.029197080291970802,0.0,0.0,0.5,0.0,0.0,0.0,0.0,0.0,0.0,0.0,0.0,0.0,0.0,0.0,0.0,0.0,0.0,0.0,0.0,0.0,0.0,0.0,0.0,0.0,0.0,0.0,0.0,0.031746031746031744,0.0,0.0,0.056338028169014086,0.0,0.0,0.0,0.0,0.0,0.0,0.0,0.0,0.0,0.0,0.0,0.0,0.0,0.0,0.0,0.0,0.14285714285714285,0.0,0.0,0.0,0.08333333333333333,0.0,0.0,0.0,0.0,0.0,0.0,0.0,0.0,0.03783783783783784,0.0
GLOUCESTER-WOODBURY HEIGHTS BORO,0.0078125,0.0,0.0,0.013157894736842105,0.0058823529411764705,0.0,0.0,0.0,0.0,0.015873015873015872,0.0,0.0,0.0,0.0,0.0,0.0,0.0,0.0,0.0,0.041666666666666664,0.0,0.0,0.0,0.0,0.0,0.0,0.0,0.0,0.0,0.0,0.0,0.0,0.0,0.0,0.0,0.0,0.0,0.0,0.0,0.018518518518518517,0.0,0.0,0.0,0.0,0.0,0.0,0.006060606060606061,0.0,0.0,0.0,0.006493506493506494,0.0,0.0,0.0,0.0,0.0,0.0,0.00558659217877095,0.0,0.0,0.0,0.0,0.006097560975609756,0.0,0.0,0.0,0.0,0.0,0.0,0.0,0.0,0.0,0.011363636363636364,0.0,0.0,0.0,0.0,0.0,0.0,0.0,0.006134969325153374,0.0,0.0,0.0,0.0,0.0,0.0,0.0,0.0,0.0,0.0,0.0,0.0,0.0,0.0,0.0,0.011494252873563218,0.0,0.0,0.0055248618784530384,0.0,0.0,0.0,0.0,0.0,0.0,0.0,0.0,0.0,0.0,0.0,0.0,0.0,0.0,0.0,0.0,0.045454545454545456,0.0,0.0,0.0,0.0,0.0,0.0,0.0,0.0,0.0,0.0,0.0,0.0,0.0,0.0,0.0,0.0,0.0,0.0,0.0,0.0,0.0,0.0,0.0,0.0,0.0,0.0,0.014084507042253521,0.0,0.0,0.0,0.0,0.0,0.0,0.0,0.0,0.0,0.0,0.0,0.0,0.0,0.0,0.0,0.0,0.0,0.0,0.0,0.0,0.0,0.0,0.0,0.0,0.0,0.0,0.0,0.0,0.0,0.0,0.0
GLOUCESTER-WOOLWICH TWP,0.046875,0.15,0.08035714285714285,0.07894736842105263,0.08235294117647059,0.045454545454545456,0.07486631016042782,0.0,0.015151515151515152,0.09523809523809523,0.0,0.21621621621621623,0.0,0.0,0.0,0.0,0.0,0.29411764705882354,0.0,0.16666666666666666,0.13333333333333333,0.0,0.0,0.0,0.0,0.0,0.0,0.05555555555555555,0.0,0.014925373134328358,0.0,0.0,0.0,0.1,0.0,0.0,0.13043478260869565,0.10344827586206896,0.0,0.09259259259259259,0.0,0.009900990099009901,0.0,0.0,0.0,0.0,0.08484848484848485,0.2,0.0,0.0,0.09090909090909091,0.0,0.25,0.0,0.0,0.0,0.0,0.08379888268156425,0.0,0.0,0.0,0.0,0.08536585365853659,0.043478260869565216,0.0,0.0,0.0,0.0,0.0,0.0,0.0,0.0,0.09090909090909091,0.2,0.0,0.0,0.1875,0.04477611940298507,0.0,0.0,0.08588957055214724,0.0625,0.0,0.0,0.0,0.0,0.0,0.0,0.0,0.0,0.0,0.0,0.07500000000000001,0.0,0.0,0.0,0.13793103448275862,0.0,0.0,0.07734806629834254,0.0,1.0,0.0,0.0,0.0,0.0,0.0,0.0,0.0,0.0,0.0,0.0,0.0,0.0,0.0,0.0,0.045454545454545456,0.0,0.0,0.37037037037037035,0.0,0.06382978723404255,0.0,0.0,0.0,0.05,0.0,0.0,0.0,0.0,0.0,0.0,0.1111111111111111,0.0,0.0,0.0,0.0,0.0,0.0,0.0,0.015873015873015872,0.0,0.0,0.15492957746478875,0.0,0.0,0.0,0.0,0.0,0.0,0.0,0.0,0.0,0.0,0.0,0.0,0.0,0.0,0.0,1.0,0.0,0.0,0.0,0.0,0.0,0.0,0.0,0.0,0.16666666666666666,0.0,0.0,0.0,0.0,0.07567567567567568,0.0
HUDSON-BAYONNE CITY,0.171875,0.23333333333333334,0.16964285714285712,0.22368421052631576,0.18823529411764706,0.18181818181818182,0.18716577540106952,0.0,0.19696969696969696,0.2222222222222222,0.0,0.02702702702702703,0.42857142857142855,0.0,0.16129032258064516,0.0,0.0,0.29411764705882354,0.14285714285714285,0.125,0.06666666666666667,0.0,0.2,0.0,0.5,0.0,0.0,0.1388888888888889,0.0,0.19402985074626866,0.375,0.5,0.0,0.0,0.0,0.0,0.08695652173913043,0.06896551724137931,0.0,0.05555555555555555,0.0,0.24752475247524752,1.0,0.25,0.0,0.0,0.21212121212121213,0.0,0.2,0.05,0.2142857142857143,0.125,0.0,0.09090909090909091,0.0,0.0,0.0625,0.19553072625698326,0.0,0.0,0.0,1.0,0.20121951219512196,0.08695652173913043,0.0,0.0,0.0,0.0,0.0,0.0,0.0,0.0,0.23863636363636365,0.2,0.0,0.0,0.0,0.19402985074626866,0.03571428571428571,1.0,0.18404907975460122,0.125,0.0,0.0,0.1764705882352941,0.0,0.0,0.0,0.0,0.0,0.0,0.0,0.025,0.2,0.0,0.14035087719298245,0.26436781609195403,0.0,0.0,0.18232044198895025,0.6666666666666666,1.0,0.0,0.0,0.0,0.0,0.0,0.0,0.0,0.0,0.0,0.0,0.218978102189781,0.0,0.0,0.0,0.045454545454545456,0.0,0.0,0.14814814814814814,0.0,0.02127659574468085,0.0,0.0,0.0,0.0,0.0,0.0,0.0,0.0,0.0,0.0,0.0,0.0,0.0,0.0,0.0,0.0,0.0,0.3333333333333333,0.20634920634920634,0.0,0.0,0.18309859154929578,0.0,0.25,0.0,0.0,0.5,0.0,0.0,0.0,0.0,0.0,0.0,0.0,0.125,0.0,0.0,0.0,0.0,1.0,0.0,0.0,0.16666666666666666,0.0,0.0,0.25,0.0,0.0,0.0,0.0,0.0,0.1891891891891892,0.0