location,severity_rating5_4,severity_rating5_5,intersection_N,intersection_Y,alcohol_involved_N,alcohol_involved_Y,hazmat_involved_N,hazmat_involved_Y,hs_collision_type_1,hs_collision_type_2,hs_collision_type_3,hs_collision_type_4,hs_collision_type_5,hs_collision_type_6,hs_collision_type_7,hs_collision_type_8,hs_collision_type_9,crash_type_1.0,crash_type_2.0,crash_type_3.0,crash_type_4.0,crash_type_5.0,crash_type_6.0,crash_type_7.0,crash_type_8.0,crash_type_9.0,crash_type_10.0,crash_type_11.0,crash_type_12.0,crash_type_13.0,crash_type_14.0,crash_type_15.0,crash_type_16.0,crash_type_99.0,road_sys_code_0,road_sys_code_1,road_sys_code_2,road_sys_code_3,road_sys_code_4,road_sys_code_5,road_sys_code_6,road_sys_code_7,road_sys_code_8,road_sys_code_9,road_sys_code_10,road_horiz_align_code_0.0,road_horiz_align_code_1.0,road_horiz_align_code_2.0,road_horiz_align_code_3.0,road_grade_code_0.0,road_grade_code_4.0,road_grade_code_5.0,road_grade_code_6.0,road_grade_code_7.0,road_grade_code_8.0,road_surf_code_0.0,road_surf_code_1.0,road_surf_code_2.0,road_surf_code_3.0,road_surf_code_5.0,road_surf_code_99.0,surf_cond_code_0.0,surf_cond_code_1.0,surf_cond_code_2.0,surf_cond_code_3.0,surf_cond_code_4.0,surf_cond_code_5.0,surf_cond_code_6.0,surf_cond_code_7.0,surf_cond_code_9.0,surf_cond_code_99.0,light_cond_code_0.0,light_cond_code_1.0,light_cond_code_2.0,light_cond_code_3.0,light_cond_code_4.0,light_cond_code_5.0,light_cond_code_6.0,light_cond_code_7.0,environ_cond_code_0.0,environ_cond_code_1.0,environ_cond_code_2.0,environ_cond_code_3.0,environ_cond_code_4.0,environ_cond_code_5.0,environ_cond_code_6.0,environ_cond_code_7.0,environ_cond_code_8.0,environ_cond_code_9.0,environ_cond_code_10.0,environ_cond_code_99.0,road_median_code_0.0,road_median_code_1.0,road_median_code_2.0,road_median_code_3.0,road_median_code_4.0,road_median_code_5.0,road_median_code_99.0,temp_traffic_zone_0.0,temp_traffic_zone_1.0,temp_traffic_zone_2.0,temp_traffic_zone_3.0,temp_traffic_zone_4.0,temp_traffic_zone_5.0,posted_speed_0.0,posted_speed_2.0,posted_speed_3.0,posted_speed_4.0,posted_speed_5.0,posted_speed_10.0,posted_speed_15.0,posted_speed_20.0,posted_speed_25.0,posted_speed_26.0,posted_speed_28.0,posted_speed_30.0,posted_speed_35.0,posted_speed_36.0,posted_speed_40.0,posted_speed_45.0,posted_speed_47.0,posted_speed_50.0,posted_speed_55.0,posted_speed_56.0,posted_speed_60.0,posted_speed_65.0,first_harmful_event_0.0,first_harmful_event_1.0,first_harmful_event_2.0,first_harmful_event_3.0,first_harmful_event_5.0,first_harmful_event_6.0,first_harmful_event_7.0,first_harmful_event_9.0,first_harmful_event_11.0,first_harmful_event_12.0,first_harmful_event_13.0,first_harmful_event_14.0,first_harmful_event_19.0,first_harmful_event_21.0,first_harmful_event_22.0,first_harmful_event_23.0,first_harmful_event_24.0,first_harmful_event_26.0,first_harmful_event_27.0,first_harmful_event_28.0,first_harmful_event_29.0,first_harmful_event_30.0,first_harmful_event_39.0,first_harmful_event_41.0,first_harmful_event_42.0,first_harmful_event_43.0,first_harmful_event_44.0,first_harmful_event_45.0,first_harmful_event_46.0,first_harmful_event_47.0,first_harmful_event_48.0,first_harmful_event_49.0,first_harmful_event_50.0,first_harmful_event_51.0,first_harmful_event_52.0,first_harmful_event_53.0,first_harmful_event_54.0,first_harmful_event_55.0,first_harmful_event_56.0,first_harmful_event_57.0,first_harmful_event_58.0,first_harmful_event_59.0,first_harmful_event_60.0,first_harmful_event_61.0,first_harmful_event_62.0,first_harmful_event_69.0,first_harmful_event_99.0,flg_cell_in_use_N,flg_cell_in_use_Y
HUDSON-GUTTENBERG TOWN,0.046875,0.016666666666666666,0.03571428571428571,0.039473684210526314,0.03529411764705882,0.045454545454545456,0.0320855614973262,0.0,0.045454545454545456,0.047619047619047616,0.0,0.0,0.0,0.0,0.03225806451612903,0.0,0.0,0.058823529411764705,0.0,0.041666666666666664,0.0,0.0,0.13333333333333333,0.0,0.0,0.0,0.0,0.0,0.0,0.04477611940298507,0.0,0.0,0.0,0.0,0.0,0.0,0.0,0.0,0.0,0.037037037037037035,0.0,0.04950495049504951,0.0,0.0,0.0,0.0,0.04242424242424243,0.0,0.0,0.0,0.03246753246753247,0.25,0.0,0.0,0.0,0.0,0.0625,0.0335195530726257,0.0,0.0,0.0,0.0,0.03658536585365854,0.043478260869565216,0.0,0.0,0.0,0.0,0.0,0.0,0.0,0.0,0.05681818181818182,0.0,0.0,0.0,0.0,0.029850746268656716,0.0,0.0,0.03680981595092025,0.0625,0.0,0.0,0.0,0.0,0.0,0.0,0.0,0.0,0.0,0.0,0.0,0.0,0.0,0.07017543859649122,0.034482758620689655,0.0,0.0,0.03867403314917127,0.0,0.0,0.0,0.0,0.0,0.0,0.0,0.0,0.0,0.0,0.0,0.0,0.051094890510948905,0.0,0.0,0.0,0.0,0.0,0.0,0.0,0.0,0.0,0.0,0.0,0.0,0.0,0.0,0.0,0.0,0.0,0.0,0.0,0.0,0.0,0.0,0.0,0.0,0.0,0.0,0.0,0.047619047619047616,0.0,0.0,0.04225352112676056,0.0,0.125,0.0,0.0,0.0,0.0,0.0,0.0,0.0,0.0,0.0,0.0,0.0,0.0,0.0,0.0,0.0,0.0,0.0,0.0,0.0,0.0,0.0,0.0,0.0,0.0,0.0,0.0,0.0,0.032432432432432434,0.0
HUDSON-HARRISON TOWN,0.0390625,0.016666666666666666,0.026785714285714284,0.039473684210526314,0.029411764705882353,0.045454545454545456,0.0267379679144385,0.0,0.07575757575757576,0.015873015873015872,0.0,0.0,0.0,0.0,0.0,0.0,0.0,0.058823529411764705,0.0,0.0,0.0,0.0,0.0,0.0,0.0,0.0,0.0,0.0,0.0,0.07462686567164178,0.0,0.0,0.0,0.0,0.0,0.04,0.0,0.0,0.0,0.018518518518518517,0.0,0.039603960396039604,0.0,0.0,0.0,0.0,0.03636363636363636,0.0,0.0,0.05,0.03246753246753247,0.0,0.0,0.0,0.0,0.0,0.0,0.0335195530726257,0.0,0.0,0.0,0.0,0.03048780487804878,0.043478260869565216,0.0,0.0,0.0,0.0,0.0,0.0,0.0,0.0,0.03409090909090909,0.0,0.25,0.0,0.0,0.014925373134328358,0.03571428571428571,0.0,0.03067484662576687,0.0625,0.0,0.0,0.0,0.0,0.0,0.0,0.0,0.0,0.0,0.0,0.025,0.05,0.0,0.017543859649122806,0.034482758620689655,0.0,0.0,0.03314917127071823,0.0,0.0,0.0,0.0,0.0,0.0,0.0,0.0,0.0,0.0,0.0,0.0,0.0364963503649635,0.0,0.0,0.0,0.0,0.0,0.0,0.0,0.0,0.02127659574468085,0.0,0.0,0.0,0.0,0.0,0.0,0.0,0.0,0.0,0.0,0.0,0.0,0.0,0.0,0.0,0.0,0.0,0.0,0.06349206349206349,0.0,0.0,0.028169014084507043,0.0,0.0,0.0,0.0,0.0,0.0,0.0,0.0,0.0,0.0,0.0,0.0,0.0,0.0,0.0,0.0,0.0,0.0,0.0,0.0,0.0,0.0,0.0,0.0,0.0,0.0,0.0,0.0,0.0,0.02702702702702703,0.0
HUDSON-HOBOKEN CITY,0.0859375,0.05,0.08928571428571427,0.05263157894736842,0.07058823529411765,0.09090909090909091,0.06951871657754011,0.0,0.12121212121212122,0.06349206349206349,0.0,0.0,0.2857142857142857,0.0,0.0,0.0,0.0,0.058823529411764705,0.0,0.041666666666666664,0.06666666666666667,0.0,0.06666666666666667,0.0,0.0,0.0,0.0,0.0,0.0,0.11940298507462686,0.25,0.0,0.0,0.0,0.0,0.0,0.0,0.0,0.0,0.07407407407407407,0.0,0.0891089108910891,1.0,0.0,0.0,0.05555555555555555,0.07878787878787878,0.0,0.0,0.0,0.08441558441558442,0.0,0.25,0.0,0.0,0.0,0.125,0.0670391061452514,0.0,0.0,0.0,0.0,0.054878048780487805,0.21739130434782608,0.0,0.0,0.0,0.0,0.0,0.0,0.0,0.0,0.05681818181818182,0.0,0.0,0.0,0.0,0.1044776119402985,0.07142857142857142,0.0,0.05521472392638037,0.3125,0.0,0.0,0.0,0.0,0.0,0.0,0.0,0.0,0.0,0.0,0.0,0.0,0.0,0.10526315789473684,0.09195402298850575,0.0,0.0,0.07734806629834254,0.0,0.0,0.0,0.0,0.0,0.0,0.0,0.0,0.0,0.0,0.0,0.0,0.10218978102189781,0.0,0.0,0.0,0.0,0.0,0.0,0.0,0.0,0.0,0.0,0.0,0.0,0.0,0.0,0.0,0.0,0.0,0.0,0.0,0.0,0.0,0.0,0.0,0.0,0.0,0.0,0.3333333333333333,0.09523809523809523,0.0,0.0,0.056338028169014086,0.0,0.25,0.0,0.0,0.0,0.0,0.0,0.0,0.0,0.0,0.0,0.0,0.0,0.0,0.0,0.0,0.0,0.0,0.0,0.0,0.0,0.0,0.0,0.0,0.0,0.0,0.0,0.0,0.0,0.07027027027027027,0.0
HUDSON-JERSEY CITY,0.5234375,0.5,0.46428571428571425,0.5921052631578947,0.5294117647058824,0.3181818181818182,0.5080213903743315,0.3333333333333333,0.5303030303030303,0.5873015873015872,0.2222222222222222,0.08108108108108109,0.5714285714285714,0.0,0.5161290322580645,0.0,0.0,0.47058823529411764,0.42857142857142855,0.4583333333333333,0.4,1.0,0.4666666666666667,0.16666666666666666,0.0,0.0,0.1111111111111111,0.3055555555555555,0.0,0.5970149253731343,0.375,0.0,0.0,0.2,0.0,0.0,0.2608695652173913,0.20689655172413793,0.0,0.35185185185185186,0.5,0.5643564356435644,0.0,0.5,0.0,0.38888888888888884,0.5272727272727272,0.4,0.2,0.45,0.564935064935065,0.125,0.0,0.0,0.0,0.0,0.25,0.5195530726256984,0.0,0.0,0.0,0.0,0.45121951219512196,0.8695652173913043,1.0,0.0,0.0,0.0,0.0,0.0,0.0,0.0,0.48863636363636365,0.4,1.0,0.0,0.0625,0.6417910447761194,0.14285714285714285,0.0,0.4723926380368098,1.0,1.0,0.5,0.058823529411764705,0.0,0.0,0.0,0.0,0.0,0.0,0.0,0.275,0.15000000000000002,0.125,0.7894736842105263,0.3908045977011494,1.0,0.0,0.5138121546961326,0.6666666666666666,0.0,0.0,0.6666666666666666,0.0,0.0,0.0,0.0,0.0,0.0,0.3333333333333333,0.0,0.5985401459854014,0.0,0.0,0.0,0.045454545454545456,0.0,0.07142857142857142,0.2962962962962963,0.0,0.06382978723404255,0.0,0.0,0.0,0.0,0.0,0.16666666666666666,0.0,0.0,0.1111111111111111,0.0,0.0,0.0,0.0,1.0,0.0,0.0,0.0,0.6666666666666666,0.5238095238095237,0.0,0.0,0.5633802816901409,0.0,0.75,0.0,0.0,0.0,0.0,0.0,0.0,0.0,0.0,0.0,0.0,0.0,1.0,0.0,0.0,0.0,0.0,0.0,0.0,0.3333333333333333,0.0,0.0,0.25,0.16666666666666666,0.0,0.0,1.0,0.0,0.5135135135135136,0.3333333333333333
HUDSON-KEARNY TOWN,0.140625,0.21666666666666667,0.16964285714285712,0.15789473684210525,0.17058823529411765,0.09090909090909091,0.16042780748663102,0.0,0.13636363636363635,0.25396825396825395,0.0,0.05405405405405406,0.0,0.0,0.12903225806451613,0.0,0.0,0.1764705882352941,0.0,0.16666666666666666,0.13333333333333333,0.0,0.4,0.16666666666666666,0.0,0.0,0.1111111111111111,0.1111111111111111,0.0,0.13432835820895522,0.0,0.0,0.0,0.0,0.0,0.04,0.10869565217391304,0.10344827586206896,0.0,0.18518518518518517,0.0,0.10891089108910891,0.0,0.25,0.0,0.1111111111111111,0.16363636363636364,0.4,0.0,0.15000000000000002,0.16233766233766234,0.0,0.5,0.09090909090909091,0.0,0.0,0.0,0.17318435754189945,0.0,0.0,0.0,0.0,0.15853658536585366,0.17391304347826086,0.0,0.25,0.0,0.0,0.0,0.0,0.0,0.0,0.17045454545454547,0.0,0.0,0.0,0.0625,0.14925373134328357,0.17857142857142855,0.0,0.15950920245398773,0.25,0.0,0.0,0.058823529411764705,0.0,0.0,0.0,0.0,0.0,0.0,0.0,0.225,0.0,0.0,0.08771929824561403,0.1839080459770115,0.5,0.0,0.1712707182320442,0.0,0.0,0.0,0.0,0.0,0.0,0.0,0.0,0.0,0.0,0.0,0.0,0.1386861313868613,0.0,0.0,0.125,0.13636363636363635,0.0,0.0,0.07407407407407407,0.0,0.06382978723404255,0.125,0.0,0.0,0.0,0.0,0.0,0.0,0.0,0.1111111111111111,0.0,0.0,0.0,0.0,0.0,0.0,0.0,0.0,0.0,0.14285714285714285,0.0,0.0,0.1971830985915493,0.0,0.125,0.0,0.0,0.0,0.0,0.0,0.0,0.0,0.0,0.0,0.0,0.125,0.0,0.0,0.0,0.0,1.0,0.0,0.0,0.25,0.0,0.0,0.0,0.0,0.0,0.0,0.0,1.0,0.16216216216216217,0.0
HUDSON-NORTH BERGEN TWP,0.125,0.2,0.17857142857142855,0.10526315789473684,0.14705882352941177,0.13636363636363635,0.1443850267379679,0.0,0.12121212121212122,0.23809523809523808,0.0,0.02702702702702703,0.14285714285714285,0.0,0.0967741935483871,0.0,0.0,0.3529411764705882,0.14285714285714285,0.041666666666666664,0.0,0.0,0.13333333333333333,0.16666666666666666,0.0,0.0,0.1111111111111111,0.08333333333333333,0.0,0.14925373134328357,0.125,0.0,0.0,0.1,0.0,0.0,0.17391304347826086,0.06896551724137931,0.0,0.24074074074074073,0.0,0.0297029702970297,0.0,0.5,0.0,0.2777777777777778,0.12727272727272726,0.0,0.4,0.1,0.15584415584415584,0.0,0.25,0.09090909090909091,0.0,0.0,0.0625,0.15083798882681565,0.0,0.0,0.0,0.0,0.12804878048780488,0.30434782608695654,0.0,0.0,0.0,0.0,0.0,0.0,0.0,0.0,0.09090909090909091,0.4,0.5,0.0,0.1875,0.19402985074626866,0.0,0.0,0.12883435582822086,0.3125,0.0,0.0,0.11764705882352941,0.0,0.0,0.0,0.0,0.0,0.0,0.0,0.15000000000000002,0.0,0.0,0.2631578947368421,0.08045977011494253,0.0,0.0,0.15469613259668508,0.0,0.0,0.0,0.0,0.0,0.0,0.0,0.0,0.6666666666666666,0.0,0.0,0.0,0.11678832116788321,0.0,0.0,0.0,0.045454545454545456,0.0,0.14285714285714285,0.07407407407407407,0.0,0.0425531914893617,0.041666666666666664,0.0,0.0,0.0,0.0,0.0,0.0,0.0,0.0,0.1111111111111111,0.0,0.0,0.0,0.0,0.0,0.0,0.0,0.16666666666666666,0.12698412698412698,0.0,0.0,0.16901408450704225,0.0,0.25,0.0,0.0,0.0,0.0,0.0,0.0,0.0,0.0,0.0,0.0,0.125,0.0,0.0,0.0,0.0,0.0,0.0,0.0,0.16666666666666666,0.0,0.0,0.0,0.0,0.0,0.0,0.0,1.0,0.14054054054054055,0.3333333333333333
HUDSON-SECAUCUS TOWN,0.1171875,0.13333333333333333,0.16964285714285712,0.05263157894736842,0.12352941176470589,0.09090909090909091,0.11764705882352941,0.0,0.07575757575757576,0.14285714285714285,0.0,0.02702702702702703,0.0,0.0,0.25806451612903225,0.0,0.0,0.29411764705882354,0.2857142857142857,0.041666666666666664,0.0,0.0,0.0,0.0,0.0,0.0,0.0,0.19444444444444442,0.0,0.08955223880597014,0.0,0.5,0.0,0.1,0.0,0.0,0.10869565217391304,0.27586206896551724,0.0,0.037037037037037035,0.0,0.06930693069306931,0.0,0.25,0.0,0.1111111111111111,0.12121212121212122,0.0,0.2,0.0,0.14935064935064937,0.0,0.0,0.0,0.0,0.0,0.0,0.12849162011173185,0.0,0.0,0.0,0.0,0.12195121951219512,0.13043478260869565,0.0,0.0,0.0,0.0,0.0,0.0,0.0,0.0,0.11363636363636365,0.6000000000000001,0.0,0.0,0.0625,0.11940298507462686,0.03571428571428571,0.0,0.13496932515337423,0.0625,0.0,0.0,0.0,0.0,0.0,0.0,0.0,0.0,0.0,0.0,0.325,0.1,0.0,0.05263157894736842,0.05747126436781609,0.0,0.0,0.1270718232044199,0.0,0.0,0.0,0.0,0.0,0.0,0.0,0.0,0.0,0.0,0.0,0.0,0.051094890510948905,0.0,0.0,0.125,0.0,0.0,0.07142857142857142,0.037037037037037035,0.0,0.02127659574468085,0.41666666666666663,0.0,0.0,0.05,0.0,0.0,0.0,0.0,0.0,0.1111111111111111,0.0,0.0,0.0,0.0,0.0,0.0,0.0,0.0,0.07936507936507936,0.0,0.0,0.15492957746478875,0.0,0.0,0.0,1.0,0.0,0.0,0.0,1.0,0.0,0.0,0.0,0.0,0.125,0.0,0.0,0.0,0.0,0.0,0.0,0.0,0.25,0.0,0.0,0.0,0.0,0.0,0.0,0.0,0.0,0.11891891891891893,0.0
HUDSON-UNION CITY,0.078125,0.05,0.0625,0.07894736842105263,0.06470588235294117,0.09090909090909091,0.06417112299465241,0.0,0.10606060606060606,0.047619047619047616,0.0,0.0,0.2857142857142857,0.0,0.03225806451612903,0.0,0.0,0.058823529411764705,0.0,0.0,0.0,0.3333333333333333,0.0,0.0,0.5,0.0,0.0,0.027777777777777776,0.0,0.11940298507462686,0.125,0.0,0.0,0.0,0.0,0.0,0.0,0.0,0.0,0.05555555555555555,0.0,0.09900990099009901,0.0,0.0,0.0,0.05555555555555555,0.07272727272727272,0.0,0.0,0.05,0.07792207792207792,0.0,0.0,0.0,0.0,0.0,0.0,0.07262569832402235,0.0,0.0,0.0,0.0,0.07317073170731708,0.043478260869565216,0.0,0.0,0.0,0.0,0.0,0.0,0.0,0.0,0.06818181818181818,0.0,0.0,0.0,0.0,0.1044776119402985,0.0,0.0,0.0736196319018405,0.0,0.0,0.0,0.058823529411764705,0.0,0.0,0.0,0.0,0.0,0.0,0.0,0.0,0.0,0.0,0.08771929824561403,0.09195402298850575,0.0,0.0,0.06629834254143646,0.0,0.0,0.0,0.3333333333333333,0.0,0.0,0.0,0.0,0.0,0.0,0.0,0.0,0.0948905109489051,0.0,0.0,0.0,0.0,0.0,0.0,0.0,0.0,0.0,0.0,0.0,0.0,0.0,0.0,0.0,0.0,0.0,0.0,0.0,0.0,0.0,0.0,0.0,0.0,0.0,0.0,0.3333333333333333,0.1111111111111111,0.0,0.0,0.028169014084507043,0.0,0.125,0.0,0.0,0.0,0.0,0.0,0.0,0.0,0.0,0.0,0.0,0.0,0.0,0.3333333333333333,0.0,0.0,0.0,0.0,0.0,0.0,0.0,0.0,0.0,0.0,0.0,0.0,0.0,0.0,0.06486486486486487,0.0
HUDSON-WEEHAWKEN TWP,0.0546875,0.0,0.03571428571428571,0.039473684210526314,0.041176470588235294,0.0,0.0320855614973262,0.0,0.015151515151515152,0.015873015873015872,0.0,0.08108108108108109,0.14285714285714285,0.0,0.03225806451612903,0.0,0.0,0.058823529411764705,0.0,0.0,0.06666666666666667,0.3333333333333333,0.0,0.0,0.0,0.0,0.0,0.027777777777777776,0.0,0.014925373134328358,0.125,0.0,0.0,0.1,0.0,0.0,0.0,0.0,0.0,0.05555555555555555,0.0,0.039603960396039604,0.0,0.0,0.0,0.0,0.03636363636363636,0.0,0.2,0.0,0.03246753246753247,0.125,0.25,0.0,0.0,0.0,0.0,0.03910614525139665,0.0,0.0,0.0,0.0,0.03048780487804878,0.08695652173913043,0.0,0.0,0.0,0.0,0.0,0.0,0.0,0.0,0.05681818181818182,0.0,0.0,0.0,0.0,0.029850746268656716,0.0,0.0,0.03067484662576687,0.125,0.0,0.0,0.0,0.0,0.0,0.0,0.0,0.0,0.0,0.0,0.0,0.0,0.0,0.07017543859649122,0.034482758620689655,0.0,0.0,0.03867403314917127,0.0,0.0,0.0,0.0,0.0,0.0,0.0,0.0,0.0,0.0,0.0,0.0,0.043795620437956206,0.0,0.0,0.0,0.045454545454545456,0.0,0.0,0.0,0.0,0.0,0.0,0.0,0.0,0.0,0.0,0.0,0.0,0.0,0.0,0.0,0.2222222222222222,0.0,0.0,0.0,0.0,0.0,0.0,0.16666666666666666,0.015873015873015872,0.0,0.0,0.028169014084507043,0.0,0.0,0.0,0.0,0.0,0.0,0.0,0.0,0.0,0.0,0.0,0.0,0.0,0.0,0.0,0.0,0.0,0.0,0.0,0.0,0.08333333333333333,0.0,0.0,0.0,0.0,0.0,0.0,0.0,0.0,0.032432432432432434,0.0
HUDSON-WEST NEW YORK TOWN,0.0078125,0.016666666666666666,0.017857142857142856,0.0,0.0058823529411764705,0.045454545454545456,0.0053475935828877,0.0,0.0,0.031746031746031744,0.0,0.0,0.0,0.0,0.0,0.0,0.0,0.0,0.0,0.0,0.06666666666666667,0.3333333333333333,0.0,0.0,0.0,0.0,0.0,0.0,0.0,0.0,0.0,0.0,0.0,0.0,0.0,0.0,0.0,0.0,0.0,0.018518518518518517,0.0,0.009900990099009901,0.0,0.0,0.0,0.0,0.012121212121212121,0.0,0.0,0.0,0.006493506493506494,0.0,0.0,0.09090909090909091,0.0,0.0,0.0,0.0111731843575419,0.0,0.0,0.0,0.0,0.006097560975609756,0.043478260869565216,0.0,0.0,0.0,0.0,0.0,0.0,0.0,0.0,0.0,0.0,0.0,0.0,0.0,0.029850746268656716,0.0,0.0,0.006134969325153374,0.0625,0.0,0.0,0.0,0.0,0.0,0.0,0.0,0.0,0.0,0.0,0.0,0.0,0.0,0.017543859649122806,0.011494252873563218,0.0,0.0,0.011049723756906077,0.0,0.0,0.0,0.0,0.0,0.0,0.0,0.0,0.0,0.0,0.0,0.0,0.014598540145985401,0.0,0.0,0.0,0.0,0.0,0.0,0.0,0.0,0.0,0.0,0.0,0.0,0.0,0.0,0.0,0.0,0.0,0.0,0.0,0.0,0.0,0.0,0.0,0.0,0.0,0.0,0.0,0.0,0.0,0.0,0.028169014084507043,0.0,0.0,0.0,0.0,0.0,0.0,0.0,0.0,0.0,0.0,0.0,0.0,0.0,0.0,0.0,0.0,0.0,0.0,0.0,0.0,0.0,0.0,0.0,0.0,0.0,0.0,0.0,0.0,0.0,0.005405405405405406,0.0
HUNTERDON-ALEXANDRIA TWP,0.0234375,0.03333333333333333,0.03571428571428571,0.013157894736842105,0.023529411764705882,0.045454545454545456,0.0213903743315508,0.0,0.0,0.031746031746031744,0.0,0.08108108108108109,0.0,0.0,0.0,0.0,0.0,0.0,0.0,0.0,0.0,0.0,0.0,0.16666666666666666,0.0,0.0,0.0,0.027777777777777776,0.0,0.0,0.0,0.0,0.0,0.2,0.0,0.0,0.0,0.0,0.0,0.07407407407407407,0.0,0.009900990099009901,0.0,0.0,0.0,0.05555555555555555,0.024242424242424242,0.0,0.0,0.05,0.01948051948051948,0.0,0.0,0.09090909090909091,0.0,0.0,0.0,0.02793296089385475,0.0,0.0,0.0,0.0,0.03048780487804878,0.0,0.0,0.0,0.0,0.0,0.0,0.0,0.0,0.0,0.045454545454545456,0.0,0.0,0.0,0.0,0.0,0.03571428571428571,0.0,0.03067484662576687,0.0,0.0,0.0,0.0,0.0,0.0,0.0,0.0,0.0,0.0,0.0,0.0,0.0,0.0,0.0,0.05747126436781609,0.0,0.0,0.027624309392265192,0.0,0.0,0.0,0.0,0.0,0.0,0.0,0.0,0.0,0.0,0.0,0.0,0.0,0.0,0.0,0.0,0.09090909090909091,0.0,0.03571428571428571,0.037037037037037035,0.0,0.02127659574468085,0.0,0.0,0.0,0.0,0.0,0.0,0.0,0.0,0.0,0.0,0.2222222222222222,0.0,0.0,0.0,0.0,0.0,0.0,0.0,0.0,0.0,0.0,0.028169014084507043,0.0,0.0,0.0,0.0,0.0,0.0,0.0,0.0,0.0,0.0,0.0,0.0,0.0,0.0,0.0,0.0,0.0,0.0,0.0,0.0,0.0,1.0,0.0,0.0,0.0,0.0,0.0,0.0,0.0,0.021621621621621623,0.0
HUNTERDON-BETHLEHEM TWP,0.015625,0.016666666666666666,0.017857142857142856,0.013157894736842105,0.01764705882352941,0.0,0.010695187165775399,0.0,0.0,0.015873015873015872,0.0,0.02702702702702703,0.0,0.3333333333333333,0.0,0.0,0.0,0.0,0.0,0.0,0.0,0.0,0.06666666666666667,0.0,0.0,0.0,0.0,0.027777777777777776,0.3333333333333333,0.0,0.0,0.0,0.0,0.0,0.0,0.08,0.0,0.0,0.0,0.0,0.0,0.009900990099009901,0.0,0.0,0.0,0.1111111111111111,0.006060606060606061,0.0,0.0,0.1,0.0,0.125,0.0,0.0,0.0,0.0,0.0,0.01675977653631285,0.0,0.0,0.0,0.0,0.012195121951219513,0.0,0.3333333333333333,0.0,0.0,0.0,0.0,0.0,0.0,0.0,0.022727272727272728,0.0,0.0,0.0,0.0625,0.0,0.0,0.0,0.012269938650306749,0.0,0.5,0.0,0.0,0.0,0.0,0.0,0.0,0.0,0.0,0.0,0.05,0.0,0.0,0.0,0.011494252873563218,0.0,0.0,0.016574585635359115,0.0,0.0,0.0,0.0,0.0,0.0,0.0,0.0,0.0,0.0,0.0,0.0,0.0072992700729927005,0.0,0.0,0.0,0.0,0.0,0.0,0.0,0.0,0.0,0.0,0.0,0.0,0.1,0.0,0.0,0.0,0.0,0.0,0.0,0.0,0.0,0.0,0.0,0.0,0.0,0.0,0.0,0.0,0.0,0.3333333333333333,0.0,0.0,0.125,0.0,0.0,0.0,0.0,0.0,0.0,0.0,0.0,0.25,0.0,0.0,0.0,0.0,0.0,0.0,0.0,0.0,0.0,0.0,0.0,0.0,0.0,0.0,0.0,0.0,0.0,0.0,0.010810810810810811,0.0
HUNTERDON-BLOOMSBURY BORO,0.0,0.016666666666666666,0.008928571428571428,0.0,0.0058823529411764705,0.0,0.0,0.0,0.0,0.015873015873015872,0.0,0.0,0.0,0.0,0.0,0.0,0.0,0.0,0.0,0.0,0.0,0.0,0.06666666666666667,0.0,0.0,0.0,0.0,0.0,0.0,0.0,0.0,0.0,0.0,0.0,0.0,0.04,0.0,0.0,0.0,0.0,0.0,0.0,0.0,0.0,0.0,0.0,0.006060606060606061,0.0,0.0,0.0,0.006493506493506494,0.0,0.0,0.0,0.0,0.0,0.0,0.00558659217877095,0.0,0.0,0.0,0.0,0.006097560975609756,0.0,0.0,0.0,0.0,0.0,0.0,0.0,0.0,0.0,0.011363636363636364,0.0,0.0,0.0,0.0,0.0,0.0,0.0,0.006134969325153374,0.0,0.0,0.0,0.0,0.0,0.0,0.0,0.0,0.0,0.0,0.0,0.025,0.0,0.0,0.0,0.0,0.0,0.0,0.0055248618784530384,0.0,0.0,0.0,0.0,0.0,0.0,0.0,0.0,0.0,0.0,0.0,0.0,0.0,0.0,0.0,0.0,0.0,0.0,0.0,0.0,0.0,0.0,0.0,0.0,0.0,0.05,0.0,0.0,0.0,0.0,0.0,0.0,0.0,0.0,0.0,0.0,0.0,0.0,0.0,0.0,0.0,0.0,0.0,0.0,0.0,0.125,0.0,0.0,0.0,0.0,0.0,0.0,0.0,0.0,0.0,0.0,0.0,0.0,0.0,0.0,0.0,0.0,0.0,0.0,0.0,0.0,0.0,0.0,0.0,0.0,0.0,0.0,0.0,0.0,0.0