location,severity_rating5_4,severity_rating5_5,intersection_N,intersection_Y,alcohol_involved_N,alcohol_involved_Y,hazmat_involved_N,hazmat_involved_Y,hs_collision_type_1,hs_collision_type_2,hs_collision_type_3,hs_collision_type_4,hs_collision_type_5,hs_collision_type_6,hs_collision_type_7,hs_collision_type_8,hs_collision_type_9,crash_type_1.0,crash_type_2.0,crash_type_3.0,crash_type_4.0,crash_type_5.0,crash_type_6.0,crash_type_7.0,crash_type_8.0,crash_type_9.0,crash_type_10.0,crash_type_11.0,crash_type_12.0,crash_type_13.0,crash_type_14.0,crash_type_15.0,crash_type_16.0,crash_type_99.0,road_sys_code_0,road_sys_code_1,road_sys_code_2,road_sys_code_3,road_sys_code_4,road_sys_code_5,road_sys_code_6,road_sys_code_7,road_sys_code_8,road_sys_code_9,road_sys_code_10,road_horiz_align_code_0.0,road_horiz_align_code_1.0,road_horiz_align_code_2.0,road_horiz_align_code_3.0,road_grade_code_0.0,road_grade_code_4.0,road_grade_code_5.0,road_grade_code_6.0,road_grade_code_7.0,road_grade_code_8.0,road_surf_code_0.0,road_surf_code_1.0,road_surf_code_2.0,road_surf_code_3.0,road_surf_code_5.0,road_surf_code_99.0,surf_cond_code_0.0,surf_cond_code_1.0,surf_cond_code_2.0,surf_cond_code_3.0,surf_cond_code_4.0,surf_cond_code_5.0,surf_cond_code_6.0,surf_cond_code_7.0,surf_cond_code_9.0,surf_cond_code_99.0,light_cond_code_0.0,light_cond_code_1.0,light_cond_code_2.0,light_cond_code_3.0,light_cond_code_4.0,light_cond_code_5.0,light_cond_code_6.0,light_cond_code_7.0,environ_cond_code_0.0,environ_cond_code_1.0,environ_cond_code_2.0,environ_cond_code_3.0,environ_cond_code_4.0,environ_cond_code_5.0,environ_cond_code_6.0,environ_cond_code_7.0,environ_cond_code_8.0,environ_cond_code_9.0,environ_cond_code_10.0,environ_cond_code_99.0,road_median_code_0.0,road_median_code_1.0,road_median_code_2.0,road_median_code_3.0,road_median_code_4.0,road_median_code_5.0,road_median_code_99.0,temp_traffic_zone_0.0,temp_traffic_zone_1.0,temp_traffic_zone_2.0,temp_traffic_zone_3.0,temp_traffic_zone_4.0,temp_traffic_zone_5.0,posted_speed_0.0,posted_speed_2.0,posted_speed_3.0,posted_speed_4.0,posted_speed_5.0,posted_speed_10.0,posted_speed_15.0,posted_speed_20.0,posted_speed_25.0,posted_speed_26.0,posted_speed_28.0,posted_speed_30.0,posted_speed_35.0,posted_speed_36.0,posted_speed_40.0,posted_speed_45.0,posted_speed_47.0,posted_speed_50.0,posted_speed_55.0,posted_speed_56.0,posted_speed_60.0,posted_speed_65.0,first_harmful_event_0.0,first_harmful_event_1.0,first_harmful_event_2.0,first_harmful_event_3.0,first_harmful_event_5.0,first_harmful_event_6.0,first_harmful_event_7.0,first_harmful_event_9.0,first_harmful_event_11.0,first_harmful_event_12.0,first_harmful_event_13.0,first_harmful_event_14.0,first_harmful_event_19.0,first_harmful_event_21.0,first_harmful_event_22.0,first_harmful_event_23.0,first_harmful_event_24.0,first_harmful_event_26.0,first_harmful_event_27.0,first_harmful_event_28.0,first_harmful_event_29.0,first_harmful_event_30.0,first_harmful_event_39.0,first_harmful_event_41.0,first_harmful_event_42.0,first_harmful_event_43.0,first_harmful_event_44.0,first_harmful_event_45.0,first_harmful_event_46.0,first_harmful_event_47.0,first_harmful_event_48.0,first_harmful_event_49.0,first_harmful_event_50.0,first_harmful_event_51.0,first_harmful_event_52.0,first_harmful_event_53.0,first_harmful_event_54.0,first_harmful_event_55.0,first_harmful_event_56.0,first_harmful_event_57.0,first_harmful_event_58.0,first_harmful_event_59.0,first_harmful_event_60.0,first_harmful_event_61.0,first_harmful_event_62.0,first_harmful_event_69.0,first_harmful_event_99.0,flg_cell_in_use_N,flg_cell_in_use_Y
MERCER-PRINCETON TWP,0.0,0.016666666666666666,0.008928571428571428,0.0,0.0058823529411764705,0.0,0.0,0.0,0.015151515151515152,0.0,0.0,0.0,0.0,0.0,0.0,0.0,0.0,0.0,0.0,0.0,0.0,0.0,0.0,0.0,0.0,0.0,0.0,0.0,0.0,0.014925373134328358,0.0,0.0,0.0,0.0,0.0,0.0,0.0,0.0,0.0,0.0,0.0,0.009900990099009901,0.0,0.0,0.0,0.0,0.006060606060606061,0.0,0.0,0.0,0.006493506493506494,0.0,0.0,0.0,0.0,0.0,0.0,0.00558659217877095,0.0,0.0,0.0,0.0,0.006097560975609756,0.0,0.0,0.0,0.0,0.0,0.0,0.0,0.0,0.0,0.0,0.0,0.0,0.0,0.0,0.0,0.03571428571428571,0.0,0.006134969325153374,0.0,0.0,0.0,0.0,0.0,0.0,0.0,0.0,0.0,0.0,0.0,0.0,0.0,0.0,0.0,0.011494252873563218,0.0,0.0,0.0055248618784530384,0.0,0.0,0.0,0.0,0.0,0.0,0.0,0.0,0.0,0.0,0.0,0.0,0.0,0.0,0.0,0.0,0.0,0.0,0.0,0.037037037037037035,0.0,0.0,0.0,0.0,0.0,0.0,0.0,0.0,0.0,0.0,0.0,0.0,0.0,0.0,0.0,0.0,0.0,0.0,0.0,0.0,0.015873015873015872,0.0,0.0,0.0,0.0,0.0,0.0,0.0,0.0,0.0,0.0,0.0,0.0,0.0,0.0,0.0,0.0,0.0,0.0,0.0,0.0,0.0,0.0,0.0,0.0,0.0,0.0,0.0,0.0,0.0,0.0,0.0,0.0,0.0,0.0
MERCER-ROBBINSVILLE TWP,0.1015625,0.1,0.125,0.06578947368421052,0.08823529411764705,0.18181818181818182,0.0962566844919786,0.0,0.015151515151515152,0.06349206349206349,0.1111111111111111,0.1891891891891892,0.0,0.0,0.1935483870967742,0.0,0.0,0.29411764705882354,0.14285714285714285,0.0,0.06666666666666667,0.0,0.0,0.0,0.0,0.0,0.2222222222222222,0.25,0.0,0.014925373134328358,0.0,0.0,0.0,0.0,0.0,0.08,0.15217391304347827,0.10344827586206896,0.0,0.05555555555555555,0.0,0.039603960396039604,0.0,0.0,0.0,0.1111111111111111,0.07272727272727272,0.0,1.0,0.0,0.1168831168831169,0.0,0.25,0.0,0.0,0.0,0.0,0.10614525139664804,0.0,0.0,0.0,0.0,0.07317073170731708,0.30434782608695654,0.0,0.0,0.0,0.0,0.0,0.0,0.0,0.0,0.11363636363636365,0.4,0.25,0.0,0.0,0.05970149253731343,0.07142857142857142,0.0,0.0736196319018405,0.25,0.5,0.0,0.11764705882352941,0.0,0.0,0.0,0.0,0.0,0.0,0.0,0.125,0.0,0.375,0.017543859649122806,0.08045977011494253,0.0,0.0,0.09392265193370165,0.6666666666666666,0.0,0.0,0.0,0.0,0.0,0.0,0.0,0.0,0.0,0.0,1.0,0.0072992700729927005,0.0,0.0,0.0,0.09090909090909091,0.0,0.0,0.14814814814814814,0.0,0.02127659574468085,0.25,0.0,0.0,0.2,0.0,0.16666666666666666,0.0,0.0,0.1111111111111111,0.1111111111111111,0.0,0.0,0.0,0.0,0.0,0.0,0.0,0.0,0.015873015873015872,0.0,0.0,0.09859154929577466,0.0,0.0,0.0,0.0,0.0,0.0,0.0,0.0,0.0,0.0,0.25,0.0,0.125,0.0,0.0,0.0,0.14285714285714285,0.0,0.0,0.0,0.16666666666666666,0.0,0.0,0.0,0.5,0.0,0.0,0.0,0.0,0.0918918918918919,0.3333333333333333
MERCER-TRENTON CITY,0.1875,0.3833333333333333,0.19642857142857142,0.3289473684210526,0.22941176470588234,0.36363636363636365,0.24598930481283424,0.0,0.2727272727272727,0.1746031746031746,0.0,0.10810810810810811,0.5714285714285714,0.0,0.3225806451612903,0.0,0.0,0.0,0.2857142857142857,0.16666666666666666,0.4,0.0,0.06666666666666667,0.0,0.0,0.0,0.1111111111111111,0.16666666666666666,0.0,0.3283582089552239,0.5,0.0,0.0,0.1,0.0,0.0,0.34782608695652173,0.0,0.0,0.16666666666666666,0.0,0.2079207920792079,0.0,0.0,1.0,0.2222222222222222,0.23030303030303031,0.8,0.2,0.15000000000000002,0.24675324675324678,0.5,0.0,0.18181818181818182,0.0,0.0,0.0625,0.2569832402234637,0.0,0.0,0.0,0.0,0.25,0.17391304347826086,0.0,0.5,0.0,0.0,0.0,0.0,0.0,0.0,0.18181818181818182,0.4,0.75,0.25,0.125,0.31343283582089554,0.03571428571428571,0.0,0.2392638036809816,0.125,0.0,0.0,0.3529411764705882,0.0,0.0,0.0,0.0,0.0,0.0,0.0,0.07500000000000001,0.30000000000000004,0.4375,0.05263157894736842,0.3218390804597701,0.0,0.0,0.2596685082872928,0.0,0.0,0.0,0.0,0.0,1.0,0.0,0.0,0.0,0.0,0.0,0.0,0.2408759124087591,0.0,0.0,0.0,0.0,0.0,0.3571428571428571,0.037037037037037035,0.0,0.02127659574468085,0.041666666666666664,0.0,0.0,0.0,0.0,0.0,0.0,0.0,0.0,0.1111111111111111,0.0,0.0,0.5,0.0,0.0,0.0,0.0,0.6666666666666666,0.20634920634920634,0.0,0.0,0.29577464788732394,0.0,0.0,0.0,0.0,0.0,0.0,0.0,0.0,0.0,0.0,0.0,0.0,0.0,0.0,0.0,0.0,0.14285714285714285,0.0,0.0,0.0,0.25,0.0,0.0,0.5,0.16666666666666666,0.0,0.0,0.0,0.0,0.24864864864864866,0.0
MERCER-WEST WINDSOR TWP,0.109375,0.15,0.16964285714285712,0.05263157894736842,0.08235294117647059,0.4090909090909091,0.11764705882352941,0.0,0.030303030303030304,0.07936507936507936,0.0,0.2702702702702703,0.14285714285714285,0.0,0.16129032258064516,0.0,0.0,0.29411764705882354,0.42857142857142855,0.08333333333333333,0.2,0.0,0.0,0.0,0.0,0.0,0.0,0.16666666666666666,0.0,0.029850746268656716,0.125,0.0,0.0,0.1,0.0,0.0,0.13043478260869565,0.0,0.0,0.2222222222222222,0.5,0.039603960396039604,0.0,0.0,0.0,0.2222222222222222,0.10909090909090909,0.0,0.2,0.1,0.12987012987012989,0.125,0.0,0.0,0.0,0.0,0.0625,0.1229050279329609,0.0,0.0,0.0,0.0,0.10975609756097561,0.13043478260869565,0.0,0.5,0.0,0.0,0.0,0.0,0.0,0.0,0.14772727272727273,0.0,0.0,0.0,0.0,0.13432835820895522,0.03571428571428571,0.0,0.11656441717791412,0.125,0.5,0.5,0.0,0.0,0.0,0.0,0.0,0.0,0.0,0.0,0.1,0.2,0.125,0.017543859649122806,0.13793103448275862,0.0,0.0,0.1270718232044199,0.0,0.0,0.0,0.0,0.0,0.0,0.0,0.0,0.0,0.0,0.0,0.0,0.021897810218978103,0.0,0.0,0.0,0.18181818181818182,0.0,0.07142857142857142,0.1111111111111111,0.0,0.1276595744680851,0.20833333333333331,0.0,0.0,0.0,0.0,0.0,0.0,0.0,0.0,0.2222222222222222,0.1111111111111111,0.0,0.0,0.0,0.0,0.0,0.0,0.0,0.015873015873015872,0.0,0.0,0.2112676056338028,0.0,0.0,0.0,0.0,0.0,0.0,0.0,0.0,0.0,0.0,0.25,0.0,0.0,0.0,0.0,0.0,0.0,0.0,0.0,0.0,0.16666666666666666,0.0,0.0,0.0,0.16666666666666666,0.0,0.0,0.0,0.0,0.11891891891891893,0.0
MIDDLESEX-CARTERET BORO,0.0703125,0.05,0.08928571428571427,0.02631578947368421,0.06470588235294117,0.045454545454545456,0.0588235294117647,0.0,0.030303030303030304,0.06349206349206349,0.0,0.05405405405405406,0.14285714285714285,0.0,0.06451612903225806,1.0,0.0,0.0,0.14285714285714285,0.041666666666666664,0.06666666666666667,0.0,0.06666666666666667,0.0,0.0,0.0,0.0,0.08333333333333333,0.0,0.029850746268656716,0.125,1.0,0.0,0.0,0.0,0.0,0.0,0.034482758620689655,0.0,0.05555555555555555,0.0,0.07920792079207921,0.0,0.0,0.0,0.05555555555555555,0.05454545454545454,0.2,0.2,0.1,0.06493506493506494,0.0,0.0,0.0,0.0,0.0,0.0,0.0670391061452514,0.0,0.0,0.0,0.0,0.054878048780487805,0.13043478260869565,0.0,0.0,0.0,0.0,0.0,0.0,0.0,0.0,0.06818181818181818,0.2,0.0,0.0,0.125,0.04477611940298507,0.0,0.0,0.06134969325153374,0.0625,0.0,0.0,0.058823529411764705,0.0,0.0,0.0,0.0,0.0,0.0,0.0,0.05,0.0,0.0,0.03508771929824561,0.09195402298850575,0.0,0.0,0.06629834254143646,0.0,0.0,0.0,0.0,0.0,0.0,0.0,0.0,0.0,0.0,0.0,0.0,0.058394160583941604,0.0,0.0,0.0,0.0,0.0,0.0,0.1111111111111111,0.0,0.0,0.0,0.0,0.0,0.05,0.0,0.0,0.0,0.0,0.0,0.0,0.0,0.0,0.0,0.0,0.0,0.0,0.0,0.16666666666666666,0.031746031746031744,0.0,0.0,0.056338028169014086,0.0,0.0,0.0,0.0,1.0,0.0,0.0,0.0,0.0,0.0,0.0,0.0,0.0,0.0,0.0,0.0,0.14285714285714285,0.0,0.0,0.0,0.08333333333333333,0.0,0.0,0.25,0.0,0.0,0.0,0.0,0.0,0.05945945945945946,0.0
MIDDLESEX-CRANBURY TWP,0.1328125,0.2,0.2232142857142857,0.05263157894736842,0.14705882352941177,0.18181818181818182,0.1497326203208556,0.0,0.045454545454545456,0.047619047619047616,0.0,0.43243243243243246,0.14285714285714285,0.0,0.1935483870967742,0.0,0.0,0.47058823529411764,0.0,0.041666666666666664,0.26666666666666666,0.0,0.0,0.0,0.0,0.0,0.1111111111111111,0.2777777777777778,0.0,0.04477611940298507,0.125,0.0,0.0,0.1,0.0,0.0,0.13043478260869565,0.3448275862068966,0.0,0.16666666666666666,0.0,0.039603960396039604,0.0,0.0,0.0,0.1111111111111111,0.15757575757575756,0.0,0.2,0.05,0.16883116883116883,0.25,0.0,0.0,0.0,0.0,0.25,0.13966480446927373,0.0,0.0,0.0,0.0,0.13414634146341464,0.2608695652173913,0.0,0.25,0.0,0.0,0.0,0.0,0.0,0.0,0.17045454545454547,0.0,0.25,0.375,0.375,0.04477611940298507,0.03571428571428571,0.0,0.1411042944785276,0.1875,0.0,0.5,0.058823529411764705,0.3333333333333333,0.0,0.0,0.0,0.0,0.0,0.0,0.25,0.30000000000000004,0.0625,0.0,0.13793103448275862,0.0,0.0,0.14917127071823205,0.6666666666666666,0.0,0.0,0.0,0.0,0.0,0.0,0.0,0.0,0.0,0.0,0.0,0.021897810218978103,0.0,0.0,0.0,0.045454545454545456,0.0,0.0,0.14814814814814814,0.0,0.14893617021276595,0.29166666666666663,0.0,0.0,0.35000000000000003,0.0,0.0,1.0,0.0,0.5555555555555556,0.1111111111111111,0.0,0.0,1.0,0.0,0.0,0.0,0.0,0.16666666666666666,0.047619047619047616,0.0,0.0,0.18309859154929578,0.0,0.0,0.0,0.0,0.0,0.0,0.0,0.0,0.0,0.0,0.25,0.0,0.125,0.0,0.0,0.0,0.0,0.0,0.0,0.0,0.08333333333333333,0.0,0.0,0.0,0.0,0.0,0.0,0.0,0.0,0.15135135135135136,0.0
MIDDLESEX-DUNELLEN BORO,0.03125,0.016666666666666666,0.017857142857142856,0.039473684210526314,0.01764705882352941,0.09090909090909091,0.0213903743315508,0.0,0.030303030303030304,0.047619047619047616,0.0,0.0,0.0,0.0,0.0,0.0,0.0,0.0,0.0,0.08333333333333333,0.0,0.0,0.0,0.0,0.0,0.0,0.1111111111111111,0.0,0.0,0.029850746268656716,0.0,0.0,0.0,0.0,0.0,0.0,0.021739130434782608,0.0,0.0,0.05555555555555555,0.0,0.009900990099009901,0.0,0.0,0.0,0.0,0.030303030303030304,0.0,0.0,0.0,0.03246753246753247,0.0,0.0,0.0,0.0,0.0,0.0,0.02793296089385475,0.0,0.0,0.0,0.0,0.03048780487804878,0.0,0.0,0.0,0.0,0.0,0.0,0.0,0.0,0.0,0.022727272727272728,0.0,0.0,0.0,0.0,0.04477611940298507,0.0,0.0,0.03067484662576687,0.0,0.0,0.0,0.0,0.0,0.0,0.0,0.0,0.0,0.0,0.0,0.0,0.0,0.0,0.0,0.05747126436781609,0.0,0.0,0.027624309392265192,0.0,0.0,0.0,0.0,0.0,0.0,0.0,0.0,0.0,0.0,0.0,0.0,0.029197080291970802,0.0,0.0,0.125,0.0,0.0,0.0,0.0,0.0,0.0,0.0,0.0,0.0,0.0,0.0,0.0,0.0,0.0,0.0,0.0,0.0,0.0,0.0,0.0,0.0,0.0,0.0,0.0,0.031746031746031744,0.0,0.0,0.028169014084507043,0.0,0.125,0.0,0.0,0.0,0.0,0.0,0.0,0.0,0.0,0.0,0.0,0.0,0.0,0.0,0.0,0.0,0.0,0.0,0.0,0.0,0.0,0.0,0.0,0.0,0.0,0.0,0.0,0.0,0.021621621621621623,0.0
MIDDLESEX-EAST BRUNSWICK TWP,0.375,0.18333333333333332,0.36607142857142855,0.23684210526315788,0.31176470588235294,0.2727272727272727,0.3101604278074866,0.0,0.09090909090909091,0.5714285714285714,0.2222222222222222,0.10810810810810811,0.14285714285714285,0.3333333333333333,0.29032258064516125,0.0,0.0,0.9411764705882353,0.0,0.5833333333333333,0.26666666666666666,0.0,0.06666666666666667,0.16666666666666666,0.0,0.0,0.2222222222222222,0.3055555555555555,0.3333333333333333,0.08955223880597014,0.25,0.0,0.0,0.0,0.0,0.0,0.34782608695652173,0.24137931034482757,0.0,0.35185185185185186,0.0,0.15841584158415842,0.0,0.25,0.0,0.2222222222222222,0.3333333333333333,0.0,0.0,0.30000000000000004,0.33116883116883117,0.125,0.25,0.0,0.0,0.0,0.0,0.329608938547486,0.0,0.0,0.0,0.0,0.3231707317073171,0.21739130434782608,0.3333333333333333,0.0,0.0,0.0,0.0,0.0,0.0,0.0,0.32954545454545453,0.6000000000000001,0.25,0.0,0.125,0.3283582089552239,0.07142857142857142,0.0,0.31901840490797545,0.1875,0.5,0.0,0.1764705882352941,0.0,0.0,0.0,0.0,0.0,0.0,0.0,0.5,0.45,0.0,0.22807017543859648,0.1954022988505747,0.0,0.5,0.30386740331491713,1.0,0.0,0.0,0.0,0.0,0.0,0.0,0.0,0.0,0.0,0.3333333333333333,0.0,0.058394160583941604,0.0,0.0,0.125,0.36363636363636365,0.0,0.42857142857142855,0.6666666666666666,0.0,0.0851063829787234,0.0,0.0,0.0,0.35000000000000003,0.0,0.3333333333333333,0.0,0.0,0.1111111111111111,0.1111111111111111,0.0,0.0,0.0,0.0,0.0,0.0,0.0,0.0,0.07936507936507936,0.0,0.3333333333333333,0.5492957746478874,0.0,0.125,0.0,0.0,0.0,0.0,0.0,0.0,0.0,0.0,0.25,0.0,0.125,0.0,0.0,0.0,0.14285714285714285,0.0,0.0,0.0,0.41666666666666663,0.0,0.0,0.0,0.16666666666666666,0.0,0.0,0.0,0.0,0.31351351351351353,0.0
MIDDLESEX-EDISON TWP,0.3359375,0.48333333333333334,0.45535714285714285,0.2763157894736842,0.36470588235294116,0.4545454545454546,0.3796791443850267,0.0,0.18181818181818182,0.3968253968253968,0.3333333333333333,0.32432432432432434,0.42857142857142855,0.0,0.5483870967741935,0.0,0.0,0.5294117647058824,0.7142857142857142,0.29166666666666663,0.2,0.6666666666666666,0.06666666666666667,0.3333333333333333,0.0,0.0,0.2222222222222222,0.5,0.0,0.208955223880597,0.375,0.5,0.0,0.30000000000000004,0.0,0.24,0.5652173913043478,0.1724137931034483,0.0,0.3333333333333333,0.0,0.12871287128712872,0.0,1.0,0.0,0.2222222222222222,0.38181818181818183,0.4,0.6000000000000001,0.4,0.37662337662337664,0.25,0.75,0.09090909090909091,0.0,0.0,0.125,0.3910614525139665,0.0,0.0,0.0,0.0,0.34756097560975613,0.6086956521739131,0.0,0.0,0.0,0.0,0.0,0.0,1.0,0.5,0.4431818181818182,0.0,0.75,0.375,0.125,0.31343283582089554,0.10714285714285714,0.0,0.3619631901840491,0.6875,0.0,0.0,0.11764705882352941,0.0,0.0,0.0,0.0,0.0,0.0,0.0,0.775,0.1,0.125,0.12280701754385964,0.3448275862068966,0.0,0.0,0.39226519337016574,0.3333333333333333,0.0,0.0,0.0,0.0,0.0,0.0,0.0,0.0,0.0,1.0,0.0,0.0948905109489051,0.0,0.0,0.0,0.4545454545454546,0.0,0.3571428571428571,0.2222222222222222,0.0,0.2978723404255319,0.20833333333333331,0.0,0.0,0.55,0.0,0.3333333333333333,0.0,0.0,0.4444444444444444,0.1111111111111111,0.0,0.0,0.0,0.0,0.0,0.0,1.0,0.3333333333333333,0.1746031746031746,0.0,0.0,0.47887323943661975,0.0,0.125,0.0,0.0,0.0,1.0,0.0,0.0,0.0,0.0,0.25,1.0,0.125,0.0,0.0,0.0,0.2857142857142857,0.0,0.0,0.0,0.5,0.0,0.0,0.0,0.16666666666666666,0.0,0.0,0.25,1.0,0.3783783783783784,0.3333333333333333
MIDDLESEX-HIGHLAND PARK BORO,0.0078125,0.06666666666666667,0.017857142857142856,0.039473684210526314,0.023529411764705882,0.045454545454545456,0.0213903743315508,0.0,0.030303030303030304,0.015873015873015872,0.0,0.02702702702702703,0.0,0.0,0.03225806451612903,0.0,0.0,0.058823529411764705,0.0,0.0,0.0,0.0,0.0,0.0,0.0,0.0,0.0,0.027777777777777776,0.0,0.04477611940298507,0.0,0.0,0.0,0.0,0.0,0.0,0.08695652173913043,0.0,0.0,0.018518518518518517,0.0,0.0,0.0,0.0,0.0,0.0,0.030303030303030304,0.0,0.0,0.05,0.01948051948051948,0.0,0.0,0.0,1.0,0.0,0.0625,0.0223463687150838,0.0,0.0,0.0,0.0,0.03048780487804878,0.0,0.0,0.0,0.0,0.0,0.0,0.0,0.0,0.0,0.022727272727272728,0.0,0.0,0.0,0.0625,0.029850746268656716,0.0,0.0,0.03067484662576687,0.0,0.0,0.0,0.0,0.0,0.0,0.0,0.0,0.0,0.0,0.0,0.0,0.0,0.0,0.0,0.05747126436781609,0.0,0.0,0.027624309392265192,0.0,0.0,0.0,0.0,0.0,0.0,0.0,0.0,0.0,0.0,0.0,0.0,0.0,0.0,0.0,0.25,0.045454545454545456,0.0,0.07142857142857142,0.0,0.0,0.0,0.0,0.0,0.0,0.0,0.0,0.0,0.0,0.0,0.1111111111111111,0.0,0.0,0.0,0.0,0.0,0.0,0.0,0.0,0.0,0.031746031746031744,0.0,0.0,0.014084507042253521,0.0,0.0,0.0,0.0,0.0,0.0,0.0,0.0,0.0,0.0,0.0,0.0,0.125,0.0,0.0,0.0,0.0,0.0,0.0,0.0,0.0,0.0,0.0,0.0,0.0,0.0,0.0,0.0,0.0,0.021621621621621623,0.0
MIDDLESEX-JAMESBURG BORO,0.03125,0.0,0.008928571428571428,0.039473684210526314,0.01764705882352941,0.045454545454545456,0.0160427807486631,0.0,0.015151515151515152,0.047619047619047616,0.0,0.0,0.0,0.0,0.0,0.0,0.0,0.0,0.0,0.041666666666666664,0.06666666666666667,0.0,0.06666666666666667,0.0,0.0,0.0,0.0,0.0,0.0,0.014925373134328358,0.0,0.0,0.0,0.0,0.0,0.0,0.0,0.0,0.0,0.037037037037037035,0.0,0.019801980198019802,0.0,0.0,0.0,0.0,0.024242424242424242,0.0,0.0,0.0,0.025974025974025976,0.0,0.0,0.0,0.0,0.0,0.0,0.0223463687150838,0.0,0.0,0.0,0.0,0.024390243902439025,0.0,0.0,0.0,0.0,0.0,0.0,0.0,0.0,0.0,0.03409090909090909,0.0,0.0,0.0,0.0,0.014925373134328358,0.0,0.0,0.024539877300613498,0.0,0.0,0.0,0.0,0.0,0.0,0.0,0.0,0.0,0.0,0.0,0.0,0.0,0.0,0.0,0.04597701149425287,0.0,0.0,0.022099447513812154,0.0,0.0,0.0,0.0,0.0,0.0,0.0,0.0,0.0,0.0,0.0,0.0,0.014598540145985401,0.0,0.0,0.125,0.0,0.0,0.03571428571428571,0.0,0.0,0.0,0.0,0.0,0.0,0.0,0.0,0.0,0.0,0.0,0.0,0.0,0.0,0.0,0.0,0.0,0.0,0.0,0.0,0.0,0.015873015873015872,0.0,0.0,0.028169014084507043,0.0,0.125,0.0,0.0,0.0,0.0,0.0,0.0,0.0,0.0,0.0,0.0,0.0,0.0,0.0,0.0,0.0,0.0,0.0,0.0,0.0,0.0,0.0,0.0,0.0,0.0,0.0,0.0,0.0,0.016216216216216217,0.0
MIDDLESEX-METUCHEN BORO,0.0390625,0.03333333333333333,0.03571428571428571,0.039473684210526314,0.041176470588235294,0.0,0.0320855614973262,0.0,0.015151515151515152,0.06349206349206349,0.0,0.02702702702702703,0.0,0.0,0.03225806451612903,0.0,0.0,0.11764705882352941,0.0,0.041666666666666664,0.0,0.0,0.0,0.08333333333333333,0.0,0.0,0.0,0.05555555555555555,0.0,0.014925373134328358,0.0,0.0,0.0,0.0,0.0,0.0,0.06521739130434782,0.0,0.0,0.037037037037037035,0.0,0.019801980198019802,0.0,0.0,0.0,0.0,0.04242424242424243,0.0,0.0,0.05,0.03896103896103896,0.0,0.0,0.0,0.0,0.0,0.0,0.03910614525139665,0.0,0.0,0.0,0.0,0.042682926829268296,0.0,0.0,0.0,0.0,0.0,0.0,0.0,0.0,0.0,0.07954545454545454,0.0,0.0,0.0,0.0,0.0,0.0,0.0,0.04294478527607362,0.0,0.0,0.0,0.0,0.0,0.0,0.0,0.0,0.0,0.0,0.0,0.0,0.0,0.0,0.0,0.08045977011494253,0.0,0.0,0.03867403314917127,0.0,0.0,0.0,0.0,0.0,0.0,0.0,0.0,0.0,0.0,0.0,0.0,0.029197080291970802,0.0,0.0,0.125,0.045454545454545456,0.0,0.03571428571428571,0.0,0.0,0.0,0.0,0.0,0.0,0.0,0.0,0.0,0.0,0.0,0.0,0.1111111111111111,0.0,0.0,0.0,0.0,0.0,0.0,0.0,0.0,0.015873015873015872,0.0,0.0,0.056338028169014086,0.0,0.0,0.0,0.0,0.0,0.0,0.0,0.0,0.0,0.0,0.0,0.0,0.0,0.0,0.0,0.0,0.0,0.0,0.0,0.0,0.08333333333333333,0.0,0.0,0.0,0.0,0.0,0.0,0.0,0.0,0.032432432432432434,0.0
MIDDLESEX-MIDDLESEX BORO,0.0234375,0.03333333333333333,0.017857142857142856,0.039473684210526314,0.023529411764705882,0.045454545454545456,0.0213903743315508,0.0,0.0,0.06349206349206349,0.0,0.02702702702702703,0.0,0.0,0.0,0.0,0.0,0.0,0.0,0.125,0.06666666666666667,0.0,0.0,0.0,0.0,0.0,0.1111111111111111,0.0,0.0,0.0,0.0,0.0,0.0,0.0,0.0,0.0,0.08695652173913043,0.0,0.0,0.018518518518518517,0.0,0.0,0.0,0.0,0.0,0.0,0.030303030303030304,0.0,0.0,0.0,0.03246753246753247,0.0,0.0,0.0,0.0,0.0,0.0,0.02793296089385475,0.0,0.0,0.0,0.0,0.024390243902439025,0.043478260869565216,0.0,0.0,0.0,0.0,0.0,0.0,0.0,0.0,0.045454545454545456,0.0,0.0,0.0,0.0,0.014925373134328358,0.0,0.0,0.018404907975460124,0.0625,0.0,0.0,0.058823529411764705,0.0,0.0,0.0,0.0,0.0,0.0,0.0,0.0,0.0,0.0,0.017543859649122806,0.04597701149425287,0.0,0.0,0.027624309392265192,0.0,0.0,0.0,0.0,0.0,0.0,0.0,0.0,0.0,0.0,0.0,0.0,0.0,0.0,0.0,0.0,0.2272727272727273,0.0,0.0,0.0,0.0,0.0,0.0,0.0,0.0,0.0,0.0,0.0,0.0,0.0,0.0,0.0,0.0,0.0,0.5,0.0,0.0,0.0,0.0,0.0,0.0,0.0,0.0,0.056338028169014086,0.0,0.0,0.0,0.0,0.0,0.0,0.0,0.0,0.0,0.0,0.0,0.0,0.0,0.0,0.0,0.0,0.0,0.0,0.0,0.0,0.0,0.0,0.0,0.0,0.0,0.0,0.0,0.0,0.0,0.021621621621621623,0.0