location,severity_rating5_4,severity_rating5_5,intersection_N,intersection_Y,alcohol_involved_N,alcohol_involved_Y,hazmat_involved_N,hazmat_involved_Y,hs_collision_type_1,hs_collision_type_2,hs_collision_type_3,hs_collision_type_4,hs_collision_type_5,hs_collision_type_6,hs_collision_type_7,hs_collision_type_8,hs_collision_type_9,crash_type_1.0,crash_type_2.0,crash_type_3.0,crash_type_4.0,crash_type_5.0,crash_type_6.0,crash_type_7.0,crash_type_8.0,crash_type_9.0,crash_type_10.0,crash_type_11.0,crash_type_12.0,crash_type_13.0,crash_type_14.0,crash_type_15.0,crash_type_16.0,crash_type_99.0,road_sys_code_0,road_sys_code_1,road_sys_code_2,road_sys_code_3,road_sys_code_4,road_sys_code_5,road_sys_code_6,road_sys_code_7,road_sys_code_8,road_sys_code_9,road_sys_code_10,road_horiz_align_code_0.0,road_horiz_align_code_1.0,road_horiz_align_code_2.0,road_horiz_align_code_3.0,road_grade_code_0.0,road_grade_code_4.0,road_grade_code_5.0,road_grade_code_6.0,road_grade_code_7.0,road_grade_code_8.0,road_surf_code_0.0,road_surf_code_1.0,road_surf_code_2.0,road_surf_code_3.0,road_surf_code_5.0,road_surf_code_99.0,surf_cond_code_0.0,surf_cond_code_1.0,surf_cond_code_2.0,surf_cond_code_3.0,surf_cond_code_4.0,surf_cond_code_5.0,surf_cond_code_6.0,surf_cond_code_7.0,surf_cond_code_9.0,surf_cond_code_99.0,light_cond_code_0.0,light_cond_code_1.0,light_cond_code_2.0,light_cond_code_3.0,light_cond_code_4.0,light_cond_code_5.0,light_cond_code_6.0,light_cond_code_7.0,environ_cond_code_0.0,environ_cond_code_1.0,environ_cond_code_2.0,environ_cond_code_3.0,environ_cond_code_4.0,environ_cond_code_5.0,environ_cond_code_6.0,environ_cond_code_7.0,environ_cond_code_8.0,environ_cond_code_9.0,environ_cond_code_10.0,environ_cond_code_99.0,road_median_code_0.0,road_median_code_1.0,road_median_code_2.0,road_median_code_3.0,road_median_code_4.0,road_median_code_5.0,road_median_code_99.0,temp_traffic_zone_0.0,temp_traffic_zone_1.0,temp_traffic_zone_2.0,temp_traffic_zone_3.0,temp_traffic_zone_4.0,temp_traffic_zone_5.0,posted_speed_0.0,posted_speed_2.0,posted_speed_3.0,posted_speed_4.0,posted_speed_5.0,posted_speed_10.0,posted_speed_15.0,posted_speed_20.0,posted_speed_25.0,posted_speed_26.0,posted_speed_28.0,posted_speed_30.0,posted_speed_35.0,posted_speed_36.0,posted_speed_40.0,posted_speed_45.0,posted_speed_47.0,posted_speed_50.0,posted_speed_55.0,posted_speed_56.0,posted_speed_60.0,posted_speed_65.0,first_harmful_event_0.0,first_harmful_event_1.0,first_harmful_event_2.0,first_harmful_event_3.0,first_harmful_event_5.0,first_harmful_event_6.0,first_harmful_event_7.0,first_harmful_event_9.0,first_harmful_event_11.0,first_harmful_event_12.0,first_harmful_event_13.0,first_harmful_event_14.0,first_harmful_event_19.0,first_harmful_event_21.0,first_harmful_event_22.0,first_harmful_event_23.0,first_harmful_event_24.0,first_harmful_event_26.0,first_harmful_event_27.0,first_harmful_event_28.0,first_harmful_event_29.0,first_harmful_event_30.0,first_harmful_event_39.0,first_harmful_event_41.0,first_harmful_event_42.0,first_harmful_event_43.0,first_harmful_event_44.0,first_harmful_event_45.0,first_harmful_event_46.0,first_harmful_event_47.0,first_harmful_event_48.0,first_harmful_event_49.0,first_harmful_event_50.0,first_harmful_event_51.0,first_harmful_event_52.0,first_harmful_event_53.0,first_harmful_event_54.0,first_harmful_event_55.0,first_harmful_event_56.0,first_harmful_event_57.0,first_harmful_event_58.0,first_harmful_event_59.0,first_harmful_event_60.0,first_harmful_event_61.0,first_harmful_event_62.0,first_harmful_event_69.0,first_harmful_event_99.0,flg_cell_in_use_N,flg_cell_in_use_Y
MIDDLESEX-MILLTOWN BORO,0.015625,0.03333333333333333,0.03571428571428571,0.0,0.023529411764705882,0.0,0.0160427807486631,0.0,0.0,0.047619047619047616,0.0,0.0,0.0,0.0,0.03225806451612903,0.0,0.0,0.0,0.14285714285714285,0.0,0.06666666666666667,0.0,0.06666666666666667,0.0,0.0,0.0,0.0,0.027777777777777776,0.0,0.0,0.0,0.0,0.0,0.0,0.0,0.0,0.0,0.06896551724137931,0.0,0.018518518518518517,0.0,0.009900990099009901,0.0,0.0,0.0,0.0,0.024242424242424242,0.0,0.0,0.05,0.012987012987012988,0.0,0.0,0.09090909090909091,0.0,0.0,0.0625,0.01675977653631285,0.0,0.0,0.0,0.0,0.01829268292682927,0.043478260869565216,0.0,0.0,0.0,0.0,0.0,0.0,0.0,0.0,0.011363636363636364,0.0,0.0,0.0,0.0625,0.014925373134328358,0.03571428571428571,0.0,0.018404907975460124,0.0625,0.0,0.0,0.0,0.0,0.0,0.0,0.0,0.0,0.0,0.0,0.05,0.0,0.0,0.0,0.022988505747126436,0.0,0.0,0.016574585635359115,0.3333333333333333,0.0,0.0,0.0,0.0,0.0,0.0,0.0,0.0,0.0,0.0,0.0,0.0072992700729927005,0.0,0.0,0.125,0.0,0.0,0.0,0.0,0.0,0.0,0.041666666666666664,0.0,0.0,0.05,0.0,0.0,0.0,0.0,0.0,0.0,0.0,0.0,0.0,0.0,0.0,0.0,0.0,0.0,0.0,0.0,0.0,0.028169014084507043,0.0,0.125,0.0,0.0,0.0,0.0,0.0,0.0,0.0,0.0,0.0,0.5,0.0,0.0,0.0,0.0,0.0,0.0,0.0,0.0,0.0,0.0,0.0,0.0,0.0,0.0,0.0,0.0,0.0,0.016216216216216217,0.0
MIDDLESEX-MONROE TWP,0.0546875,0.2,0.10714285714285714,0.09210526315789473,0.09411764705882353,0.13636363636363635,0.0962566844919786,0.0,0.045454545454545456,0.015873015873015872,0.3333333333333333,0.2972972972972973,0.0,0.3333333333333333,0.0,0.0,0.0,0.058823529411764705,0.0,0.125,0.2,0.0,0.0,0.0,0.0,0.0,0.1111111111111111,0.1111111111111111,0.3333333333333333,0.04477611940298507,0.0,0.0,0.0,0.30000000000000004,0.0,0.0,0.021739130434782608,0.06896551724137931,0.0,0.24074074074074073,0.0,0.0297029702970297,0.0,0.0,0.0,0.2222222222222222,0.07272727272727272,0.2,0.4,0.05,0.1103896103896104,0.125,0.0,0.0,0.0,0.0,0.0,0.10614525139664804,0.0,0.0,0.0,0.0,0.09146341463414634,0.17391304347826086,0.0,0.0,0.0,0.0,0.0,0.0,0.0,0.0,0.09090909090909091,0.2,0.5,0.0,0.0625,0.04477611940298507,0.14285714285714285,0.0,0.09202453987730061,0.125,0.0,0.0,0.11764705882352941,0.0,0.0,0.0,0.0,0.0,0.0,0.0,0.05,0.05,0.0625,0.0,0.1724137931034483,0.0,0.0,0.09944751381215469,0.3333333333333333,0.0,0.0,0.0,0.0,0.0,0.0,0.0,0.0,0.0,0.0,0.0,0.0,0.0,0.0,0.0,0.09090909090909091,0.0,0.14285714285714285,0.2222222222222222,0.0,0.0851063829787234,0.041666666666666664,0.0,0.0,0.1,0.0,0.0,0.0,0.0,0.4444444444444444,0.0,0.0,0.0,0.0,0.0,0.0,0.0,0.0,0.0,0.047619047619047616,0.0,0.3333333333333333,0.14084507042253522,0.0,0.0,0.0,0.0,0.0,0.0,0.0,0.0,0.0,0.0,0.0,0.0,0.0,0.0,0.0,0.0,0.0,0.0,0.0,0.0,0.0,0.0,0.0,0.0,0.16666666666666666,0.0,0.0,0.0,0.0,0.0972972972972973,0.0
MIDDLESEX-NEW BRUNSWICK CITY,0.109375,0.03333333333333333,0.11607142857142856,0.039473684210526314,0.06470588235294117,0.2272727272727273,0.08021390374331551,0.0,0.06060606060606061,0.09523809523809523,0.0,0.08108108108108109,0.0,0.0,0.0967741935483871,0.0,0.0,0.1764705882352941,0.0,0.125,0.0,0.0,0.0,0.08333333333333333,0.0,0.0,0.0,0.1111111111111111,0.0,0.07462686567164178,0.0,0.0,0.0,0.0,0.0,0.0,0.08695652173913043,0.0,0.0,0.09259259259259259,0.0,0.06930693069306931,0.0,0.0,0.0,0.0,0.09696969696969697,0.0,0.0,0.15000000000000002,0.07792207792207792,0.0,0.25,0.0,0.0,1.0,0.0,0.08379888268156425,0.0,0.0,0.0,0.0,0.09146341463414634,0.043478260869565216,0.0,0.0,0.0,0.0,0.0,0.0,0.0,0.0,0.09090909090909091,0.0,0.25,0.0,0.0,0.1044776119402985,0.0,0.0,0.07975460122699386,0.0,0.0,0.0,0.1764705882352941,0.0,0.0,0.0,0.0,0.0,0.0,0.0,0.05,0.05,0.0,0.07017543859649122,0.10344827586206896,0.0,0.5,0.08287292817679558,0.0,0.0,0.0,0.0,0.0,0.0,0.0,0.0,0.0,0.0,0.0,0.0,0.08029197080291971,0.0,0.0,0.0,0.045454545454545456,0.0,0.0,0.037037037037037035,0.0,0.06382978723404255,0.0,0.0,0.0,0.0,0.0,0.0,0.0,0.0,0.1111111111111111,0.0,0.0,0.0,0.0,0.0,0.0,0.0,0.0,0.0,0.031746031746031744,0.0,0.0,0.1267605633802817,0.0,0.0,0.0,0.0,0.0,0.0,0.0,0.0,0.0,0.0,0.0,0.0,0.0,0.0,0.0,0.0,0.0,0.0,0.0,0.0,0.25,0.0,0.0,0.0,0.0,0.0,0.0,0.25,0.0,0.08108108108108109,0.0
MIDDLESEX-NORTH BRUNSWICK TWP,0.0703125,0.15,0.125,0.05263157894736842,0.08235294117647059,0.18181818181818182,0.09090909090909091,0.0,0.06060606060606061,0.07936507936507936,0.0,0.16216216216216217,0.0,0.0,0.0967741935483871,0.0,0.0,0.23529411764705882,0.0,0.041666666666666664,0.2,0.0,0.0,0.0,0.0,0.0,0.0,0.1388888888888889,0.0,0.05970149253731343,0.0,0.0,0.0,0.1,0.0,0.0,0.2608695652173913,0.0,0.0,0.05555555555555555,0.0,0.019801980198019802,0.0,0.25,0.0,0.05555555555555555,0.09696969696969697,0.0,0.2,0.05,0.1038961038961039,0.125,0.0,0.0,0.0,0.0,0.0625,0.09497206703910614,0.0,0.0,0.0,0.0,0.07926829268292683,0.17391304347826086,0.0,0.0,1.0,0.0,0.0,0.0,0.0,0.0,0.06818181818181818,0.4,0.25,0.125,0.1875,0.04477611940298507,0.07142857142857142,0.0,0.09202453987730061,0.125,0.0,0.0,0.0,0.3333333333333333,0.0,0.0,0.0,0.0,0.0,0.0,0.15000000000000002,0.1,0.3125,0.03508771929824561,0.034482758620689655,0.0,0.0,0.09944751381215469,0.0,0.0,0.0,0.0,0.0,0.0,0.0,0.0,0.3333333333333333,0.0,0.0,0.0,0.014598540145985401,0.0,0.0,0.0,0.045454545454545456,0.0,0.0,0.14814814814814814,0.0,0.0425531914893617,0.3333333333333333,0.0,0.0,0.0,0.0,0.0,0.0,0.0,0.1111111111111111,0.0,0.0,0.0,0.0,0.0,0.0,0.0,0.0,0.0,0.047619047619047616,0.0,0.0,0.14084507042253522,0.0,0.0,0.0,0.0,0.0,0.0,0.0,0.0,0.0,0.0,0.25,0.0,0.125,0.0,0.0,0.0,0.0,0.0,0.0,0.0,0.16666666666666666,0.0,0.0,0.0,0.0,0.0,0.0,0.0,0.0,0.0918918918918919,0.0
MIDDLESEX-OLD BRIDGE TWP,0.171875,0.3333333333333333,0.3125,0.09210526315789473,0.2,0.36363636363636365,0.2192513368983957,0.0,0.045454545454545456,0.2698412698412698,0.3333333333333333,0.40540540540540543,0.0,0.0,0.12903225806451613,0.0,0.0,0.4117647058823529,0.2857142857142857,0.16666666666666666,0.3333333333333333,0.0,0.13333333333333333,0.08333333333333333,0.5,0.0,0.2222222222222222,0.38888888888888884,0.0,0.04477611940298507,0.0,0.0,0.0,0.1,0.0,0.0,0.41304347826086957,0.13793103448275862,0.0,0.24074074074074073,0.0,0.04950495049504951,0.0,0.25,0.0,0.16666666666666666,0.22424242424242424,0.2,0.2,0.25,0.2207792207792208,0.25,0.0,0.0,1.0,0.0,0.0,0.2346368715083799,0.0,0.0,0.0,0.0,0.22560975609756098,0.13043478260869565,0.3333333333333333,0.0,1.0,0.0,0.0,0.0,0.0,0.0,0.2727272727272727,0.0,0.5,0.125,0.1875,0.07462686567164178,0.25,0.0,0.2147239263803681,0.1875,1.0,0.5,0.058823529411764705,0.0,0.0,0.0,0.0,0.0,0.0,0.0,0.125,0.15000000000000002,0.875,0.05263157894736842,0.1839080459770115,0.5,0.0,0.23204419889502761,0.0,0.0,0.0,0.0,0.0,0.0,0.0,0.0,0.0,0.0,0.0,1.0,0.0364963503649635,0.0,0.0,0.0,0.045454545454545456,0.0,0.07142857142857142,0.14814814814814814,0.0,0.23404255319148937,0.5833333333333333,0.0,0.0,0.2,0.0,0.0,0.0,0.0,0.6666666666666666,0.3333333333333333,0.0,0.0,0.0,0.0,0.0,0.0,0.0,0.0,0.031746031746031744,0.0,0.0,0.28169014084507044,0.0,0.375,0.0,0.0,0.0,0.0,0.0,0.0,0.0,0.0,0.75,0.5,0.0,0.0,0.0,0.0,0.2857142857142857,0.0,0.0,0.0,0.0,0.0,0.0,0.0,0.3333333333333333,0.0,0.0,0.0,0.0,0.22162162162162163,0.0
MIDDLESEX-PERTH AMBOY CITY,0.1171875,0.1,0.11607142857142856,0.10526315789473684,0.11764705882352941,0.045454545454545456,0.10695187165775401,0.0,0.06060606060606061,0.12698412698412698,0.1111111111111111,0.16216216216216217,0.0,0.0,0.06451612903225806,0.0,0.0,0.058823529411764705,0.0,0.08333333333333333,0.06666666666666667,0.0,0.2,0.0,0.0,0.0,0.1111111111111111,0.1111111111111111,0.0,0.1044776119402985,0.125,0.0,0.0,0.1,0.0,0.0,0.17391304347826086,0.1724137931034483,0.0,0.037037037037037035,0.0,0.0594059405940594,0.0,0.0,0.0,0.1111111111111111,0.10303030303030303,0.4,0.0,0.1,0.1103896103896104,0.125,0.25,0.0,0.0,0.0,0.125,0.10614525139664804,0.0,0.0,0.0,0.0,0.11585365853658537,0.08695652173913043,0.0,0.0,0.0,0.0,0.0,0.0,0.0,0.0,0.11363636363636365,0.2,0.25,0.0,0.0625,0.08955223880597014,0.07142857142857142,0.0,0.11656441717791412,0.0625,0.0,0.0,0.058823529411764705,0.0,0.0,0.0,0.0,0.0,0.0,0.0,0.17500000000000002,0.0,0.0,0.03508771929824561,0.13793103448275862,0.0,0.0,0.11602209944751381,0.0,0.0,0.0,0.0,0.0,0.0,0.0,0.0,0.0,0.0,0.0,0.0,0.058394160583941604,0.0,0.0,0.0,0.13636363636363635,0.0,0.0,0.1111111111111111,0.0,0.0,0.25,0.0,0.0,0.05,0.0,0.16666666666666666,0.0,0.0,0.0,0.2222222222222222,0.0,0.0,0.0,0.0,0.0,0.0,0.0,0.0,0.07936507936507936,0.0,0.0,0.15492957746478875,0.0,0.0,0.0,0.0,0.0,0.0,0.0,0.0,0.0,0.0,0.0,0.0,0.125,0.0,0.0,0.0,0.0,0.0,0.0,0.0,0.08333333333333333,0.0,0.0,0.0,0.0,0.0,0.0,0.0,0.0,0.10810810810810811,0.0
MIDDLESEX-PISCATAWAY TWP,0.109375,0.21666666666666667,0.17857142857142855,0.09210526315789473,0.13529411764705881,0.18181818181818182,0.13903743315508021,0.0,0.07575757575757576,0.09523809523809523,0.0,0.35135135135135137,0.0,0.0,0.0967741935483871,0.0,0.0,0.058823529411764705,0.0,0.125,0.26666666666666666,0.0,0.0,0.25,0.0,0.0,0.2222222222222222,0.2222222222222222,0.0,0.08955223880597014,0.0,0.0,0.0,0.0,0.0,0.08,0.043478260869565216,0.0,0.0,0.25925925925925924,0.0,0.06930693069306931,0.0,0.5,0.0,0.1111111111111111,0.1393939393939394,0.2,0.2,0.0,0.16233766233766234,0.0,0.5,0.0,0.0,0.0,0.0625,0.1452513966480447,0.0,0.0,0.0,0.0,0.12804878048780488,0.2608695652173913,0.0,0.0,0.0,0.0,0.0,0.0,0.0,0.0,0.19318181818181818,0.2,0.25,0.125,0.0625,0.04477611940298507,0.10714285714285714,0.0,0.12269938650306748,0.125,0.0,0.0,0.29411764705882354,0.0,0.0,0.0,0.0,0.0,0.0,0.0,0.07500000000000001,0.25,0.0,0.017543859649122806,0.20689655172413793,0.0,0.0,0.14917127071823205,0.0,0.0,0.0,0.0,0.0,0.0,0.0,0.0,0.0,0.0,0.3333333333333333,0.0,0.029197080291970802,0.0,0.0,0.0,0.09090909090909091,0.0,0.3571428571428571,0.25925925925925924,0.0,0.0,0.041666666666666664,0.0,0.0,0.1,0.0,0.0,0.0,0.0,0.4444444444444444,0.0,0.0,0.0,0.0,0.0,0.0,0.0,0.0,0.0,0.06349206349206349,0.0,0.0,0.18309859154929578,0.0,0.0,0.0,0.0,0.0,0.0,0.0,0.0,0.0,0.0,0.0,0.0,0.0,0.0,0.0,0.0,0.0,0.0,0.0,0.0,0.16666666666666666,0.0,0.0,0.0,0.5,0.0,0.0,0.25,0.0,0.13513513513513514,0.3333333333333333
MIDDLESEX-PLAINSBORO TWP,0.015625,0.016666666666666666,0.008928571428571428,0.02631578947368421,0.01764705882352941,0.0,0.010695187165775399,0.0,0.015151515151515152,0.0,0.1111111111111111,0.02702702702702703,0.0,0.0,0.0,0.0,0.0,0.0,0.14285714285714285,0.0,0.0,0.0,0.0,0.0,0.0,0.0,0.0,0.0,0.0,0.014925373134328358,0.0,0.0,0.0,0.1,0.0,0.0,0.0,0.0,0.0,0.018518518518518517,0.0,0.019801980198019802,0.0,0.0,0.0,0.0,0.01818181818181818,0.0,0.0,0.0,0.01948051948051948,0.0,0.0,0.0,0.0,0.0,0.0,0.01675977653631285,0.0,0.0,0.0,0.0,0.006097560975609756,0.08695652173913043,0.0,0.0,0.0,0.0,0.0,0.0,0.0,0.0,0.03409090909090909,0.0,0.0,0.0,0.0,0.0,0.0,0.0,0.012269938650306749,0.0625,0.0,0.0,0.0,0.0,0.0,0.0,0.0,0.0,0.0,0.0,0.0,0.1,0.0625,0.0,0.0,0.0,0.0,0.016574585635359115,0.0,0.0,0.0,0.0,0.0,0.0,0.0,0.0,0.0,0.0,0.0,0.0,0.0,0.0,0.0,0.0,0.0,0.0,0.03571428571428571,0.037037037037037035,0.0,0.02127659574468085,0.0,0.0,0.0,0.0,0.0,0.0,0.0,0.0,0.0,0.1111111111111111,0.0,0.0,0.0,0.0,0.0,0.0,0.0,0.0,0.015873015873015872,0.0,0.0,0.014084507042253521,0.0,0.0,0.0,0.0,0.0,0.0,0.0,0.0,0.0,0.0,0.0,0.0,0.0,0.0,0.0,0.0,0.0,0.0,0.0,0.0,0.0,0.0,0.0,0.0,0.0,0.0,0.0,0.0,0.0,0.010810810810810811,0.0
MIDDLESEX-SAYREVILLE BORO,0.1484375,0.18333333333333332,0.2589285714285714,0.013157894736842105,0.11176470588235293,0.5,0.15508021390374332,0.0,0.10606060606060606,0.1111111111111111,0.0,0.21621621621621623,0.0,0.0,0.25806451612903225,0.0,0.0,0.23529411764705882,0.0,0.041666666666666664,0.2,0.0,0.06666666666666667,0.0,0.0,0.0,0.3333333333333333,0.3055555555555555,0.0,0.1044776119402985,0.0,0.0,0.0,0.0,0.0,0.0,0.17391304347826086,0.3103448275862069,0.0,0.14814814814814814,0.0,0.039603960396039604,0.0,0.25,0.0,0.2777777777777778,0.12121212121212122,0.6000000000000001,0.4,0.25,0.1168831168831169,0.375,0.75,0.09090909090909091,0.0,0.0,0.0625,0.16201117318435754,0.0,0.0,0.0,0.0,0.14634146341463417,0.2608695652173913,0.0,0.0,0.0,0.0,0.0,0.0,0.0,0.0,0.17045454545454547,0.0,1.0,0.0,0.0,0.1044776119402985,0.14285714285714285,0.0,0.13496932515337423,0.3125,0.0,0.0,0.1764705882352941,0.0,0.0,0.0,0.0,0.0,0.0,0.0,0.375,0.05,0.0,0.12280701754385964,0.08045977011494253,0.0,0.5,0.14917127071823205,0.6666666666666666,0.0,0.0,0.0,0.0,0.0,0.0,0.0,0.0,0.0,0.3333333333333333,0.0,0.014598540145985401,0.0,0.0,0.125,0.13636363636363635,0.0,0.14285714285714285,0.1111111111111111,0.0,0.14893617021276595,0.29166666666666663,0.0,0.0,0.1,0.0,0.0,0.0,0.0,0.5555555555555556,0.1111111111111111,0.0,0.0,0.0,0.0,0.0,0.0,0.0,0.0,0.1111111111111111,0.0,0.0,0.14084507042253522,0.0,0.0,0.0,0.0,0.0,0.0,0.0,0.0,0.0,0.0,0.0,0.5,0.25,0.0,0.0,0.0,0.14285714285714285,0.0,0.0,0.0,0.25,0.0,0.0,0.0,0.0,0.0,0.0,0.0,0.0,0.15675675675675677,0.0
MIDDLESEX-SOUTH AMBOY CITY,0.0,0.05,0.017857142857142856,0.013157894736842105,0.011764705882352941,0.045454545454545456,0.010695187165775399,0.0,0.0,0.031746031746031744,0.0,0.0,0.14285714285714285,0.0,0.0,0.0,0.0,0.0,0.0,0.041666666666666664,0.0,0.0,0.06666666666666667,0.0,0.0,0.0,0.0,0.0,0.0,0.0,0.125,0.0,0.0,0.0,0.0,0.0,0.0,0.0,0.0,0.018518518518518517,0.0,0.019801980198019802,0.0,0.0,0.0,0.0,0.01818181818181818,0.0,0.0,0.0,0.012987012987012988,0.125,0.0,0.0,0.0,0.0,0.0,0.01675977653631285,0.0,0.0,0.0,0.0,0.012195121951219513,0.043478260869565216,0.0,0.0,0.0,0.0,0.0,0.0,0.0,0.0,0.011363636363636364,0.0,0.0,0.0,0.0625,0.014925373134328358,0.0,0.0,0.012269938650306749,0.0625,0.0,0.0,0.0,0.0,0.0,0.0,0.0,0.0,0.0,0.0,0.0,0.05,0.0,0.017543859649122806,0.011494252873563218,0.0,0.0,0.016574585635359115,0.0,0.0,0.0,0.0,0.0,0.0,0.0,0.0,0.0,0.0,0.0,0.0,0.021897810218978103,0.0,0.0,0.0,0.0,0.0,0.0,0.0,0.0,0.0,0.0,0.0,0.0,0.0,0.0,0.0,0.0,0.0,0.0,0.0,0.0,0.0,0.0,0.0,0.0,0.0,0.0,0.16666666666666666,0.0,0.0,0.0,0.014084507042253521,0.0,0.125,0.0,0.0,0.0,0.0,0.0,0.0,0.0,0.0,0.0,0.0,0.0,0.0,0.0,0.0,0.0,0.0,0.0,0.0,0.0,0.0,0.0,0.0,0.0,0.0,0.0,0.0,0.0,0.010810810810810811,0.0
MIDDLESEX-SOUTH BRUNSWICK TWP,0.15625,0.21666666666666667,0.1875,0.15789473684210525,0.18823529411764706,0.045454545454545456,0.1711229946524064,0.0,0.10606060606060606,0.19047619047619047,0.0,0.2972972972972973,0.0,0.0,0.06451612903225806,1.0,0.0,0.3529411764705882,0.14285714285714285,0.20833333333333331,0.13333333333333333,0.0,0.0,0.08333333333333333,0.0,0.0,0.1111111111111111,0.16666666666666666,0.0,0.11940298507462686,0.0,0.5,0.0,0.2,0.0,0.0,0.34782608695652173,0.10344827586206896,0.0,0.1111111111111111,0.0,0.0594059405940594,0.0,0.5,0.0,0.16666666666666666,0.1696969696969697,0.2,0.2,0.1,0.19480519480519481,0.0,0.0,0.09090909090909091,0.0,0.0,0.0,0.18435754189944134,0.0,0.0,0.0,0.0,0.17682926829268295,0.13043478260869565,0.3333333333333333,0.0,0.0,0.0,0.0,0.0,0.0,0.0,0.18181818181818182,0.2,0.25,0.0,0.125,0.13432835820895522,0.14285714285714285,0.0,0.17177914110429449,0.125,0.5,0.0,0.11764705882352941,0.0,0.0,0.0,0.0,0.0,0.0,0.0,0.275,0.1,0.375,0.0,0.16091954022988506,0.0,0.0,0.1712707182320442,0.6666666666666666,0.0,0.0,0.0,0.0,0.0,0.0,0.0,0.0,0.0,0.0,0.0,0.029197080291970802,0.0,0.0,0.0,0.13636363636363635,0.0,0.07142857142857142,0.14814814814814814,0.0,0.10638297872340426,0.5833333333333333,0.0,0.0,0.05,0.0,0.0,0.0,0.0,0.4444444444444444,0.1111111111111111,0.0,0.0,0.0,0.0,0.0,0.0,1.0,0.0,0.1111111111111111,0.0,0.0,0.22535211267605634,0.0,0.125,0.0,0.0,0.0,0.0,0.0,0.0,0.0,0.0,0.25,0.0,0.0,0.0,0.0,0.0,0.0,0.0,0.0,0.0,0.0,0.0,0.0,0.0,0.3333333333333333,0.0,0.0,0.0,0.0,0.16756756756756758,0.3333333333333333
MIDDLESEX-SOUTH PLAINFIELD BORO,0.0625,0.05,0.05357142857142857,0.06578947368421052,0.041176470588235294,0.18181818181818182,0.053475935828877004,0.0,0.030303030303030304,0.047619047619047616,0.0,0.02702702702702703,0.0,0.0,0.16129032258064516,0.0,0.0,0.058823529411764705,0.14285714285714285,0.125,0.0,0.0,0.0,0.0,0.0,0.0,0.0,0.1111111111111111,0.0,0.029850746268656716,0.0,0.0,0.0,0.0,0.0,0.04,0.0,0.0,0.0,0.1111111111111111,0.0,0.039603960396039604,0.0,0.0,0.0,0.05555555555555555,0.048484848484848485,0.4,0.0,0.05,0.05844155844155845,0.125,0.0,0.0,0.0,0.0,0.0,0.06145251396648045,0.0,0.0,0.0,0.0,0.04878048780487805,0.13043478260869565,0.0,0.0,0.0,0.0,0.0,0.0,0.0,0.0,0.05681818181818182,0.4,0.0,0.0,0.0,0.05970149253731343,0.0,0.0,0.049079754601226995,0.1875,0.0,0.0,0.0,0.0,0.0,0.0,0.0,0.0,0.0,0.0,0.0,0.0,0.0,0.0,0.12643678160919541,0.0,0.0,0.06077348066298342,0.0,0.0,0.0,0.0,0.0,0.0,0.0,0.0,0.0,0.0,0.0,0.0,0.0364963503649635,0.0,0.0,0.0,0.18181818181818182,0.0,0.03571428571428571,0.0,0.0,0.0,0.0,0.0,0.0,0.05,0.0,0.0,0.0,0.0,0.0,0.1111111111111111,0.0,0.0,0.0,0.0,0.0,0.0,0.0,0.0,0.031746031746031744,0.0,0.0,0.07042253521126761,0.0,0.0,0.0,0.0,0.0,0.0,0.0,0.0,0.0,0.0,0.0,0.0,0.0,0.0,0.0,0.0,0.14285714285714285,0.0,0.0,0.0,0.16666666666666666,0.0,0.0,0.0,0.0,0.0,0.0,0.0,0.0,0.05405405405405406,0.0