location,severity_rating5_4,severity_rating5_5,intersection_N,intersection_Y,alcohol_involved_N,alcohol_involved_Y,hazmat_involved_N,hazmat_involved_Y,hs_collision_type_1,hs_collision_type_2,hs_collision_type_3,hs_collision_type_4,hs_collision_type_5,hs_collision_type_6,hs_collision_type_7,hs_collision_type_8,hs_collision_type_9,crash_type_1.0,crash_type_2.0,crash_type_3.0,crash_type_4.0,crash_type_5.0,crash_type_6.0,crash_type_7.0,crash_type_8.0,crash_type_9.0,crash_type_10.0,crash_type_11.0,crash_type_12.0,crash_type_13.0,crash_type_14.0,crash_type_15.0,crash_type_16.0,crash_type_99.0,road_sys_code_0,road_sys_code_1,road_sys_code_2,road_sys_code_3,road_sys_code_4,road_sys_code_5,road_sys_code_6,road_sys_code_7,road_sys_code_8,road_sys_code_9,road_sys_code_10,road_horiz_align_code_0.0,road_horiz_align_code_1.0,road_horiz_align_code_2.0,road_horiz_align_code_3.0,road_grade_code_0.0,road_grade_code_4.0,road_grade_code_5.0,road_grade_code_6.0,road_grade_code_7.0,road_grade_code_8.0,road_surf_code_0.0,road_surf_code_1.0,road_surf_code_2.0,road_surf_code_3.0,road_surf_code_5.0,road_surf_code_99.0,surf_cond_code_0.0,surf_cond_code_1.0,surf_cond_code_2.0,surf_cond_code_3.0,surf_cond_code_4.0,surf_cond_code_5.0,surf_cond_code_6.0,surf_cond_code_7.0,surf_cond_code_9.0,surf_cond_code_99.0,light_cond_code_0.0,light_cond_code_1.0,light_cond_code_2.0,light_cond_code_3.0,light_cond_code_4.0,light_cond_code_5.0,light_cond_code_6.0,light_cond_code_7.0,environ_cond_code_0.0,environ_cond_code_1.0,environ_cond_code_2.0,environ_cond_code_3.0,environ_cond_code_4.0,environ_cond_code_5.0,environ_cond_code_6.0,environ_cond_code_7.0,environ_cond_code_8.0,environ_cond_code_9.0,environ_cond_code_10.0,environ_cond_code_99.0,road_median_code_0.0,road_median_code_1.0,road_median_code_2.0,road_median_code_3.0,road_median_code_4.0,road_median_code_5.0,road_median_code_99.0,temp_traffic_zone_0.0,temp_traffic_zone_1.0,temp_traffic_zone_2.0,temp_traffic_zone_3.0,temp_traffic_zone_4.0,temp_traffic_zone_5.0,posted_speed_0.0,posted_speed_2.0,posted_speed_3.0,posted_speed_4.0,posted_speed_5.0,posted_speed_10.0,posted_speed_15.0,posted_speed_20.0,posted_speed_25.0,posted_speed_26.0,posted_speed_28.0,posted_speed_30.0,posted_speed_35.0,posted_speed_36.0,posted_speed_40.0,posted_speed_45.0,posted_speed_47.0,posted_speed_50.0,posted_speed_55.0,posted_speed_56.0,posted_speed_60.0,posted_speed_65.0,first_harmful_event_0.0,first_harmful_event_1.0,first_harmful_event_2.0,first_harmful_event_3.0,first_harmful_event_5.0,first_harmful_event_6.0,first_harmful_event_7.0,first_harmful_event_9.0,first_harmful_event_11.0,first_harmful_event_12.0,first_harmful_event_13.0,first_harmful_event_14.0,first_harmful_event_19.0,first_harmful_event_21.0,first_harmful_event_22.0,first_harmful_event_23.0,first_harmful_event_24.0,first_harmful_event_26.0,first_harmful_event_27.0,first_harmful_event_28.0,first_harmful_event_29.0,first_harmful_event_30.0,first_harmful_event_39.0,first_harmful_event_41.0,first_harmful_event_42.0,first_harmful_event_43.0,first_harmful_event_44.0,first_harmful_event_45.0,first_harmful_event_46.0,first_harmful_event_47.0,first_harmful_event_48.0,first_harmful_event_49.0,first_harmful_event_50.0,first_harmful_event_51.0,first_harmful_event_52.0,first_harmful_event_53.0,first_harmful_event_54.0,first_harmful_event_55.0,first_harmful_event_56.0,first_harmful_event_57.0,first_harmful_event_58.0,first_harmful_event_59.0,first_harmful_event_60.0,first_harmful_event_61.0,first_harmful_event_62.0,first_harmful_event_69.0,first_harmful_event_99.0,flg_cell_in_use_N,flg_cell_in_use_Y
MONMOUTH-MATAWAN BORO,0.0234375,0.0,0.026785714285714284,0.0,0.011764705882352941,0.045454545454545456,0.010695187165775399,0.0,0.0,0.015873015873015872,0.0,0.05405405405405406,0.0,0.0,0.0,0.0,0.0,0.0,0.0,0.041666666666666664,0.0,0.0,0.0,0.0,0.0,0.0,0.0,0.05555555555555555,0.0,0.0,0.0,0.0,0.0,0.0,0.0,0.0,0.021739130434782608,0.0,0.0,0.018518518518518517,0.0,0.009900990099009901,0.0,0.0,0.0,0.0,0.01818181818181818,0.0,0.0,0.05,0.012987012987012988,0.0,0.0,0.0,0.0,0.0,0.0,0.01675977653631285,0.0,0.0,0.0,0.0,0.01829268292682927,0.0,0.0,0.0,0.0,0.0,0.0,0.0,0.0,0.0,0.03409090909090909,0.0,0.0,0.0,0.0,0.0,0.0,0.0,0.012269938650306749,0.0,0.0,0.0,0.058823529411764705,0.0,0.0,0.0,0.0,0.0,0.0,0.0,0.0,0.0,0.0,0.0,0.034482758620689655,0.0,0.0,0.016574585635359115,0.0,0.0,0.0,0.0,0.0,0.0,0.0,0.0,0.0,0.0,0.0,0.0,0.0,0.0,0.0,0.25,0.0,0.0,0.03571428571428571,0.0,0.0,0.0,0.0,0.0,0.0,0.0,0.0,0.0,0.0,0.0,0.1111111111111111,0.1111111111111111,0.0,0.0,0.0,0.0,0.0,0.0,0.0,0.0,0.0,0.0,0.0,0.014084507042253521,0.0,0.0,0.0,0.0,0.0,0.0,0.0,0.0,0.0,0.0,0.0,0.0,0.0,0.0,0.0,0.0,0.0,0.0,0.0,0.0,0.0,0.0,0.0,0.0,0.0,0.0,0.0,0.0,0.0,0.005405405405405406,0.3333333333333333
MONMOUTH-MIDDLETOWN TWP,0.203125,0.3333333333333333,0.27678571428571425,0.19736842105263158,0.18823529411764706,0.6363636363636364,0.24064171122994651,0.0,0.13636363636363635,0.14285714285714285,0.1111111111111111,0.35135135135135137,0.14285714285714285,0.3333333333333333,0.3870967741935484,0.0,0.0,0.23529411764705882,0.14285714285714285,0.08333333333333333,0.2,0.0,0.06666666666666667,0.08333333333333333,0.0,0.0,0.1111111111111111,0.5,0.3333333333333333,0.13432835820895522,0.125,0.0,0.0,0.4,0.0,0.0,0.2608695652173913,0.24137931034482757,0.0,0.24074074074074073,0.0,0.1188118811881188,0.0,0.25,1.0,0.5,0.2,0.6000000000000001,0.2,0.30000000000000004,0.24025974025974028,0.25,0.0,0.09090909090909091,0.0,0.0,0.0625,0.2458100558659218,0.0,0.0,1.0,0.0,0.20731707317073172,0.3913043478260869,0.6666666666666666,0.25,0.0,0.0,0.0,0.0,0.0,0.0,0.2727272727272727,0.0,0.25,0.0,0.4375,0.16417910447761194,0.10714285714285714,0.0,0.20245398773006135,0.25,1.0,0.0,0.4117647058823529,0.0,0.0,0.0,0.0,0.0,0.0,0.0,0.375,0.05,0.1875,0.0,0.3103448275862069,0.0,0.0,0.24861878453038672,0.0,0.0,0.0,0.3333333333333333,0.0,0.0,0.0,0.0,0.0,0.0,0.3333333333333333,0.0,0.021897810218978103,0.0,0.0,0.0,0.6818181818181819,0.0,0.2857142857142857,0.037037037037037035,0.0,0.23404255319148937,0.0,0.0,0.0,0.35000000000000003,0.0,0.16666666666666666,0.0,0.0,0.3333333333333333,0.3333333333333333,0.1111111111111111,0.0,0.0,0.0,0.0,0.0,0.0,0.16666666666666666,0.12698412698412698,0.0,0.3333333333333333,0.18309859154929578,0.0,0.125,0.0,0.0,0.0,0.0,0.0,0.0,0.0,0.0,0.25,0.0,0.125,0.0,0.0,0.0,0.2857142857142857,0.0,0.5,0.0,0.3333333333333333,0.0,1.0,0.25,0.3333333333333333,0.0,0.0,0.0,0.0,0.23243243243243245,0.6666666666666666
MONMOUTH-MILLSTONE TWP,0.0703125,0.2,0.17857142857142855,0.013157894736842105,0.11176470588235293,0.09090909090909091,0.10695187165775401,0.0,0.0,0.031746031746031744,0.1111111111111111,0.40540540540540543,0.0,0.3333333333333333,0.06451612903225806,0.0,0.0,0.0,0.14285714285714285,0.16666666666666666,0.13333333333333333,0.0,0.0,0.0,0.0,0.0,0.1111111111111111,0.2777777777777778,0.3333333333333333,0.0,0.0,0.0,0.0,0.2,0.0,0.16,0.021739130434782608,0.0,0.0,0.18518518518518517,0.0,0.0594059405940594,0.0,0.0,0.0,0.16666666666666666,0.09696969696969697,0.2,0.2,0.15000000000000002,0.1038961038961039,0.0,0.0,0.18181818181818182,0.0,0.0,0.0,0.11731843575418995,0.0,0.0,0.0,0.0,0.10365853658536586,0.17391304347826086,0.0,0.0,0.0,0.0,0.0,0.0,0.0,0.0,0.19318181818181818,0.0,0.0,0.0,0.25,0.0,0.0,0.0,0.10429447852760737,0.125,0.0,0.0,0.11764705882352941,0.0,0.0,0.0,0.0,0.0,0.0,0.0,0.0,0.0,0.3125,0.05263157894736842,0.14942528735632182,0.0,0.0,0.11602209944751381,0.0,0.0,0.0,0.0,0.0,0.0,0.0,0.0,0.0,0.0,0.0,0.0,0.0072992700729927005,0.0,0.0,0.0,0.36363636363636365,0.0,0.0,0.037037037037037035,0.0,0.14893617021276595,0.0,0.0,0.0,0.2,0.0,0.0,0.0,0.0,0.5555555555555556,0.2222222222222222,0.2222222222222222,0.0,0.0,0.0,0.0,0.0,0.0,0.0,0.0,0.0,0.3333333333333333,0.09859154929577466,0.0,0.0,0.0,0.0,0.0,0.0,0.0,0.0,0.0,0.0,0.25,0.0,0.0,0.0,0.0,0.0,0.14285714285714285,0.0,0.0,0.0,0.0,0.0,0.0,0.0,0.3333333333333333,0.0,0.0,0.0,0.0,0.10810810810810811,0.0
MONMOUTH-MONMOUTH BEACH BORO,0.0078125,0.0,0.0,0.013157894736842105,0.0058823529411764705,0.0,0.0,0.0,0.015151515151515152,0.0,0.0,0.0,0.0,0.0,0.0,0.0,0.0,0.0,0.0,0.0,0.0,0.0,0.0,0.0,0.0,0.0,0.0,0.0,0.0,0.014925373134328358,0.0,0.0,0.0,0.0,0.0,0.0,0.021739130434782608,0.0,0.0,0.0,0.0,0.0,0.0,0.0,0.0,0.0,0.006060606060606061,0.0,0.0,0.0,0.006493506493506494,0.0,0.0,0.0,0.0,0.0,0.0,0.00558659217877095,0.0,0.0,0.0,0.0,0.006097560975609756,0.0,0.0,0.0,0.0,0.0,0.0,0.0,0.0,0.0,0.011363636363636364,0.0,0.0,0.0,0.0,0.0,0.0,0.0,0.006134969325153374,0.0,0.0,0.0,0.0,0.0,0.0,0.0,0.0,0.0,0.0,0.0,0.0,0.0,0.0,0.0,0.011494252873563218,0.0,0.0,0.0055248618784530384,0.0,0.0,0.0,0.0,0.0,0.0,0.0,0.0,0.0,0.0,0.0,0.0,0.0,0.0,0.0,0.0,0.0,0.0,0.03571428571428571,0.0,0.0,0.0,0.0,0.0,0.0,0.0,0.0,0.0,0.0,0.0,0.0,0.0,0.0,0.0,0.0,0.0,0.0,0.0,0.0,0.0,0.015873015873015872,0.0,0.0,0.0,0.0,0.0,0.0,0.0,0.0,0.0,0.0,0.0,0.0,0.0,0.0,0.0,0.0,0.0,0.0,0.0,0.0,0.0,0.0,0.0,0.0,0.0,0.0,0.0,0.0,0.0,0.0,0.0,0.0,0.0,0.0
MONMOUTH-NEPTUNE CITY BORO,0.03125,0.016666666666666666,0.04464285714285714,0.0,0.01764705882352941,0.09090909090909091,0.0213903743315508,0.0,0.015151515151515152,0.015873015873015872,0.1111111111111111,0.0,0.0,0.0,0.06451612903225806,0.0,0.0,0.0,0.14285714285714285,0.0,0.0,0.0,0.0,0.0,0.0,0.0,0.1111111111111111,0.05555555555555555,0.0,0.014925373134328358,0.0,0.0,0.0,0.0,0.0,0.0,0.08695652173913043,0.0,0.0,0.018518518518518517,0.0,0.0,0.0,0.0,0.0,0.05555555555555555,0.01818181818181818,0.0,0.2,0.05,0.012987012987012988,0.0,0.5,0.0,0.0,0.0,0.0,0.02793296089385475,0.0,0.0,0.0,0.0,0.03048780487804878,0.0,0.0,0.0,0.0,0.0,0.0,0.0,0.0,0.0,0.045454545454545456,0.0,0.0,0.0,0.0,0.014925373134328358,0.0,0.0,0.024539877300613498,0.0,0.0,0.0,0.058823529411764705,0.0,0.0,0.0,0.0,0.0,0.0,0.0,0.05,0.05,0.0,0.0,0.022988505747126436,0.0,0.0,0.027624309392265192,0.0,0.0,0.0,0.0,0.0,0.0,0.0,0.0,0.0,0.0,0.0,0.0,0.0,0.0,0.0,0.0,0.09090909090909091,0.0,0.10714285714285714,0.0,0.0,0.0,0.0,0.0,0.0,0.0,0.0,0.0,0.0,0.0,0.0,0.0,0.0,0.0,0.0,0.0,0.0,0.0,0.0,0.0,0.015873015873015872,0.0,0.0,0.014084507042253521,0.0,0.0,0.0,0.0,0.0,0.0,0.0,0.0,0.0,0.0,0.0,0.0,0.0,0.0,0.0,0.0,0.0,0.0,0.0,0.0,0.16666666666666666,0.0,0.0,0.0,0.0,0.0,0.0,0.0,1.0,0.021621621621621623,0.0
MONMOUTH-NEPTUNE TWP,0.15625,0.23333333333333334,0.17857142857142855,0.18421052631578946,0.1764705882352941,0.18181818181818182,0.1764705882352941,0.0,0.18181818181818182,0.09523809523809523,0.1111111111111111,0.13513513513513514,0.42857142857142855,0.0,0.22580645161290322,0.0,0.0,0.1764705882352941,0.0,0.041666666666666664,0.06666666666666667,0.0,0.13333333333333333,0.16666666666666666,0.0,0.0,0.0,0.2222222222222222,0.0,0.1791044776119403,0.375,0.0,0.0,0.2,0.0,0.0,0.4782608695652174,0.0,0.0,0.05555555555555555,0.0,0.0891089108910891,0.0,0.0,0.0,0.2222222222222222,0.1696969696969697,0.0,0.4,0.15000000000000002,0.17532467532467533,0.0,0.25,0.2727272727272727,0.0,0.0,0.0,0.18994413407821228,0.0,0.0,0.0,0.0,0.17073170731707318,0.2608695652173913,0.0,0.0,0.0,0.0,0.0,0.0,0.0,0.0,0.19318181818181818,0.2,0.25,0.0,0.25,0.05970149253731343,0.25,0.0,0.17791411042944785,0.3125,0.0,0.0,0.0,0.0,0.0,0.0,0.0,0.0,0.0,0.0,0.025,0.1,0.25,0.05263157894736842,0.27586206896551724,0.0,0.0,0.18232044198895025,0.0,0.0,1.0,0.0,0.0,0.0,0.0,0.0,0.0,0.0,0.0,0.0,0.058394160583941604,0.0,0.0,0.25,0.2727272727272727,0.0,0.3571428571428571,0.1111111111111111,0.0,0.0425531914893617,0.0,0.0,0.0,0.15000000000000002,0.0,0.0,0.0,0.0,0.2222222222222222,0.0,0.0,0.0,0.0,0.0,1.0,0.0,0.0,0.5,0.19047619047619047,0.0,0.0,0.09859154929577466,0.0,0.25,0.0,0.0,0.0,0.0,0.0,0.0,0.0,0.0,0.0,0.0,0.125,0.0,0.0,0.0,0.14285714285714285,0.0,0.0,0.0,0.3333333333333333,0.0,0.0,0.0,0.0,0.0,0.0,0.25,0.0,0.1783783783783784,0.0
MONMOUTH-OCEAN TWP,0.03125,0.08333333333333333,0.0625,0.02631578947368421,0.052941176470588235,0.0,0.0427807486631016,0.0,0.030303030303030304,0.047619047619047616,0.0,0.10810810810810811,0.0,0.0,0.0,0.0,0.0,0.0,0.0,0.08333333333333333,0.0,0.0,0.06666666666666667,0.0,0.0,0.0,0.0,0.1111111111111111,0.0,0.029850746268656716,0.0,0.0,0.0,0.0,0.0,0.0,0.13043478260869565,0.0,0.0,0.0,0.0,0.0297029702970297,0.0,0.0,0.0,0.1111111111111111,0.03636363636363636,0.0,0.2,0.05,0.05194805194805195,0.0,0.0,0.0,0.0,0.0,0.0,0.05027932960893855,0.0,0.0,0.0,0.0,0.03658536585365854,0.13043478260869565,0.0,0.0,0.0,0.0,0.0,0.0,0.0,0.0,0.05681818181818182,0.0,0.0,0.0,0.0625,0.029850746268656716,0.03571428571428571,0.0,0.04294478527607362,0.0625,0.0,0.0,0.058823529411764705,0.0,0.0,0.0,0.0,0.0,0.0,0.0,0.05,0.0,0.1875,0.0,0.04597701149425287,0.0,0.0,0.049723756906077346,0.0,0.0,0.0,0.0,0.0,0.0,0.0,0.0,0.0,0.0,0.0,0.0,0.0072992700729927005,0.0,0.0,0.0,0.13636363636363635,0.0,0.0,0.0,0.0,0.06382978723404255,0.0,0.0,0.0,0.1,0.0,0.0,0.0,0.0,0.3333333333333333,0.0,0.0,0.0,0.0,0.0,0.0,0.0,0.0,0.0,0.031746031746031744,0.0,0.0,0.028169014084507043,0.0,0.125,0.0,0.0,0.0,0.0,0.0,0.0,0.0,0.0,0.0,0.0,0.0,0.0,0.0,0.0,0.0,0.0,0.5,0.0,0.0,0.0,0.0,0.0,0.0,0.0,0.0,0.0,0.0,0.043243243243243246,0.0
MONMOUTH-OCEANPORT BORO,0.0078125,0.016666666666666666,0.008928571428571428,0.013157894736842105,0.011764705882352941,0.0,0.0053475935828877,0.0,0.015151515151515152,0.0,0.0,0.0,0.0,0.0,0.03225806451612903,0.0,0.0,0.0,0.0,0.041666666666666664,0.0,0.0,0.0,0.0,0.0,0.0,0.0,0.0,0.0,0.014925373134328358,0.0,0.0,0.0,0.0,0.0,0.0,0.0,0.0,0.0,0.018518518518518517,0.0,0.009900990099009901,0.0,0.0,0.0,0.0,0.012121212121212121,0.0,0.0,0.0,0.012987012987012988,0.0,0.0,0.0,0.0,0.0,0.0,0.0111731843575419,0.0,0.0,0.0,0.0,0.012195121951219513,0.0,0.0,0.0,0.0,0.0,0.0,0.0,0.0,0.0,0.011363636363636364,0.0,0.0,0.0,0.0,0.014925373134328358,0.0,0.0,0.012269938650306749,0.0,0.0,0.0,0.0,0.0,0.0,0.0,0.0,0.0,0.0,0.0,0.0,0.05,0.0,0.0,0.011494252873563218,0.0,0.0,0.011049723756906077,0.0,0.0,0.0,0.0,0.0,0.0,0.0,0.0,0.0,0.0,0.0,0.0,0.0072992700729927005,0.0,0.0,0.0,0.0,0.0,0.03571428571428571,0.0,0.0,0.0,0.0,0.0,0.0,0.0,0.0,0.0,0.0,0.0,0.0,0.0,0.0,0.0,0.0,0.0,0.0,0.0,0.0,0.0,0.015873015873015872,0.0,0.0,0.014084507042253521,0.0,0.0,0.0,0.0,0.0,0.0,0.0,0.0,0.0,0.0,0.0,0.0,0.0,0.0,0.0,0.0,0.0,0.0,0.0,0.0,0.0,0.0,0.0,0.0,0.0,0.0,0.0,0.0,0.0,0.005405405405405406,0.0
MONMOUTH-RED BANK BORO,0.015625,0.016666666666666666,0.017857142857142856,0.013157894736842105,0.011764705882352941,0.045454545454545456,0.010695187165775399,0.0,0.015151515151515152,0.015873015873015872,0.0,0.0,0.0,0.0,0.03225806451612903,0.0,0.0,0.0,0.0,0.0,0.0,0.0,0.0,0.0,0.0,0.0,0.0,0.027777777777777776,0.0,0.029850746268656716,0.0,0.0,0.0,0.0,0.0,0.0,0.0,0.0,0.0,0.05555555555555555,0.0,0.0,0.0,0.0,0.0,0.0,0.01818181818181818,0.0,0.0,0.0,0.01948051948051948,0.0,0.0,0.0,0.0,0.0,0.0,0.01675977653631285,0.0,0.0,0.0,0.0,0.01829268292682927,0.0,0.0,0.0,0.0,0.0,0.0,0.0,0.0,0.0,0.011363636363636364,0.0,0.25,0.0,0.0,0.014925373134328358,0.0,0.0,0.018404907975460124,0.0,0.0,0.0,0.0,0.0,0.0,0.0,0.0,0.0,0.0,0.0,0.0,0.0,0.0,0.0,0.034482758620689655,0.0,0.0,0.016574585635359115,0.0,0.0,0.0,0.0,0.0,0.0,0.0,0.0,0.0,0.0,0.0,0.0,0.0072992700729927005,0.0,0.0,0.0,0.0,0.0,0.07142857142857142,0.0,0.0,0.0,0.0,0.0,0.0,0.0,0.0,0.0,0.0,0.0,0.0,0.0,0.0,0.0,0.0,0.0,0.0,0.0,0.0,0.0,0.015873015873015872,0.0,0.0,0.014084507042253521,0.0,0.0,0.0,0.0,0.0,0.0,0.0,0.0,0.0,0.0,0.0,0.0,0.0,0.0,0.0,0.0,0.0,0.0,0.0,0.0,0.08333333333333333,0.0,0.0,0.0,0.0,0.0,0.0,0.0,0.0,0.010810810810810811,0.0
MONMOUTH-RUMSON BORO,0.0078125,0.0,0.0,0.013157894736842105,0.0058823529411764705,0.0,0.0,0.0,0.0,0.015873015873015872,0.0,0.0,0.0,0.0,0.0,0.0,0.0,0.058823529411764705,0.0,0.0,0.0,0.0,0.0,0.0,0.0,0.0,0.0,0.0,0.0,0.0,0.0,0.0,0.0,0.0,0.0,0.0,0.0,0.0,0.0,0.018518518518518517,0.0,0.0,0.0,0.0,0.0,0.05555555555555555,0.0,0.0,0.0,0.0,0.006493506493506494,0.0,0.0,0.0,0.0,0.0,0.0,0.00558659217877095,0.0,0.0,0.0,0.0,0.006097560975609756,0.0,0.0,0.0,0.0,0.0,0.0,0.0,0.0,0.0,0.0,0.0,0.25,0.0,0.0,0.0,0.0,0.0,0.006134969325153374,0.0,0.0,0.0,0.0,0.0,0.0,0.0,0.0,0.0,0.0,0.0,0.0,0.0,0.0,0.0,0.011494252873563218,0.0,0.0,0.0055248618784530384,0.0,0.0,0.0,0.0,0.0,0.0,0.0,0.0,0.0,0.0,0.0,0.0,0.0,0.0,0.0,0.0,0.0,0.0,0.03571428571428571,0.0,0.0,0.0,0.0,0.0,0.0,0.0,0.0,0.0,0.0,0.0,0.0,0.0,0.0,0.0,0.0,0.0,0.0,0.0,0.0,0.0,0.0,0.0,0.0,0.014084507042253521,0.0,0.0,0.0,0.0,0.0,0.0,0.0,0.0,0.0,0.0,0.0,0.0,0.0,0.0,0.0,0.0,0.0,0.0,0.0,0.0,0.0,0.0,0.0,0.0,0.0,0.0,0.0,0.0,0.0,0.0,0.0
MONMOUTH-SEA BRIGHT BORO,0.0234375,0.016666666666666666,0.026785714285714284,0.013157894736842105,0.01764705882352941,0.045454545454545456,0.0160427807486631,0.0,0.015151515151515152,0.031746031746031744,0.0,0.0,0.0,0.0,0.03225806451612903,0.0,0.0,0.058823529411764705,0.14285714285714285,0.0,0.0,0.0,0.0,0.0,0.0,0.0,0.0,0.027777777777777776,0.0,0.014925373134328358,0.0,0.0,0.0,0.0,0.0,0.0,0.08695652173913043,0.0,0.0,0.0,0.0,0.0,0.0,0.0,0.0,0.05555555555555555,0.01818181818181818,0.0,0.0,0.05,0.01948051948051948,0.0,0.0,0.0,0.0,0.0,0.0,0.0223463687150838,0.0,0.0,0.0,0.0,0.012195121951219513,0.08695652173913043,0.0,0.0,0.0,0.0,0.0,0.0,0.0,0.0,0.03409090909090909,0.0,0.0,0.0,0.0,0.014925373134328358,0.0,0.0,0.024539877300613498,0.0,0.0,0.0,0.0,0.0,0.0,0.0,0.0,0.0,0.0,0.0,0.025,0.0,0.0,0.017543859649122806,0.022988505747126436,0.0,0.0,0.022099447513812154,0.0,0.0,0.0,0.0,0.0,0.0,0.0,0.0,0.0,0.0,0.0,0.0,0.0,0.0,0.0,0.0,0.13636363636363635,0.0,0.03571428571428571,0.0,0.0,0.0,0.0,0.0,0.0,0.0,0.0,0.0,0.0,0.0,0.0,0.0,0.0,0.0,0.0,0.0,0.0,0.0,0.0,0.0,0.015873015873015872,0.0,0.0,0.028169014084507043,0.0,0.0,0.0,0.0,0.0,0.0,0.0,0.0,0.0,0.0,0.0,0.0,0.0,0.0,0.0,0.0,0.0,0.0,0.0,0.0,0.0,0.0,0.0,0.0,0.0,0.0,0.0,0.25,0.0,0.016216216216216217,0.0
MONMOUTH-SEA GIRT BORO,0.0,0.016666666666666666,0.0,0.013157894736842105,0.0058823529411764705,0.0,0.0,0.0,0.015151515151515152,0.0,0.0,0.0,0.0,0.0,0.0,0.0,0.0,0.0,0.0,0.0,0.0,0.0,0.0,0.0,0.0,0.0,0.0,0.0,0.0,0.014925373134328358,0.0,0.0,0.0,0.0,0.0,0.0,0.0,0.0,0.0,0.018518518518518517,0.0,0.0,0.0,0.0,0.0,0.0,0.006060606060606061,0.0,0.0,0.0,0.006493506493506494,0.0,0.0,0.0,0.0,0.0,0.0,0.00558659217877095,0.0,0.0,0.0,0.0,0.006097560975609756,0.0,0.0,0.0,0.0,0.0,0.0,0.0,0.0,0.0,0.011363636363636364,0.0,0.0,0.0,0.0,0.0,0.0,0.0,0.006134969325153374,0.0,0.0,0.0,0.0,0.0,0.0,0.0,0.0,0.0,0.0,0.0,0.0,0.0,0.0,0.0,0.011494252873563218,0.0,0.0,0.0055248618784530384,0.0,0.0,0.0,0.0,0.0,0.0,0.0,0.0,0.0,0.0,0.0,0.0,0.0072992700729927005,0.0,0.0,0.0,0.0,0.0,0.0,0.0,0.0,0.0,0.0,0.0,0.0,0.0,0.0,0.0,0.0,0.0,0.0,0.0,0.0,0.0,0.0,0.0,0.0,0.0,0.0,0.0,0.015873015873015872,0.0,0.0,0.0,0.0,0.0,0.0,0.0,0.0,0.0,0.0,0.0,0.0,0.0,0.0,0.0,0.0,0.0,0.0,0.0,0.0,0.0,0.0,0.0,0.0,0.0,0.0,0.0,0.0,0.0,0.0,0.0,0.0,0.0,0.0
MONMOUTH-SHREWSBURY BORO,0.0078125,0.0,0.008928571428571428,0.0,0.0058823529411764705,0.0,0.0,0.0,0.0,0.015873015873015872,0.0,0.0,0.0,0.0,0.0,0.0,0.0,0.058823529411764705,0.0,0.0,0.0,0.0,0.0,0.0,0.0,0.0,0.0,0.0,0.0,0.0,0.0,0.0,0.0,0.0,0.0,0.0,0.021739130434782608,0.0,0.0,0.0,0.0,0.0,0.0,0.0,0.0,0.0,0.006060606060606061,0.0,0.0,0.0,0.006493506493506494,0.0,0.0,0.0,0.0,0.0,0.0,0.00558659217877095,0.0,0.0,0.0,0.0,0.006097560975609756,0.0,0.0,0.0,0.0,0.0,0.0,0.0,0.0,0.0,0.011363636363636364,0.0,0.0,0.0,0.0,0.0,0.0,0.0,0.006134969325153374,0.0,0.0,0.0,0.0,0.0,0.0,0.0,0.0,0.0,0.0,0.0,0.0,0.0,0.0,0.0,0.011494252873563218,0.0,0.0,0.0055248618784530384,0.0,0.0,0.0,0.0,0.0,0.0,0.0,0.0,0.0,0.0,0.0,0.0,0.0,0.0,0.0,0.0,0.045454545454545456,0.0,0.0,0.0,0.0,0.0,0.0,0.0,0.0,0.0,0.0,0.0,0.0,0.0,0.0,0.0,0.0,0.0,0.0,0.0,0.0,0.0,0.0,0.0,0.0,0.0,0.0,0.014084507042253521,0.0,0.0,0.0,0.0,0.0,0.0,0.0,0.0,0.0,0.0,0.0,0.0,0.0,0.0,0.0,0.0,0.0,0.0,0.0,0.0,0.0,0.0,0.0,0.0,0.0,0.0,0.0,0.0,0.0,0.0,0.0
MONMOUTH-TINTON FALLS BORO,0.078125,0.18333333333333332,0.16964285714285712,0.02631578947368421,0.09411764705882353,0.2272727272727273,0.10695187165775401,0.0,0.030303030303030304,0.06349206349206349,0.1111111111111111,0.2702702702702703,0.0,0.0,0.12903225806451613,0.0,0.0,0.29411764705882354,0.0,0.0,0.06666666666666667,0.0,0.0,0.08333333333333333,0.0,0.0,0.3333333333333333,0.2222222222222222,0.0,0.029850746268656716,0.0,0.0,0.0,0.1,0.0,0.0,0.06521739130434782,0.41379310344827586,0.0,0.07407407407407407,0.0,0.019801980198019802,0.0,0.0,0.0,0.1111111111111111,0.10909090909090909,0.2,0.0,0.05,0.12987012987012989,0.0,0.0,0.0,0.0,0.0,0.0,0.11731843575418995,0.0,0.0,0.0,0.0,0.10975609756097561,0.08695652173913043,0.0,0.0,0.0,0.0,0.0,0.0,1.0,0.0,0.10227272727272728,0.0,0.0,0.0,0.4375,0.029850746268656716,0.10714285714285714,0.0,0.11656441717791412,0.125,0.0,0.0,0.0,0.0,0.0,0.0,0.0,0.0,0.0,0.0,0.15000000000000002,0.0,0.4375,0.017543859649122806,0.08045977011494253,0.0,0.0,0.11602209944751381,0.0,0.0,0.0,0.0,0.0,0.0,0.0,0.0,0.0,0.0,0.0,0.0,0.014598540145985401,0.0,0.0,0.0,0.0,0.0,0.07142857142857142,0.0,0.0,0.0851063829787234,0.041666666666666664,0.0,0.0,0.6000000000000001,0.0,0.3333333333333333,1.0,0.0,0.0,0.2222222222222222,0.0,0.0,0.5,0.0,0.0,0.0,0.0,0.0,0.031746031746031744,0.0,0.0,0.09859154929577466,0.0,0.0,0.0,0.0,0.0,0.0,0.0,0.0,0.0,0.0,0.25,0.5,0.0,0.0,0.0,0.0,0.0,0.0,0.0,0.0,0.16666666666666666,0.0,1.0,0.0,0.0,0.0,0.0,0.0,0.0,0.10810810810810811,0.0