location,severity_rating5_4,severity_rating5_5,intersection_N,intersection_Y,alcohol_involved_N,alcohol_involved_Y,hazmat_involved_N,hazmat_involved_Y,hs_collision_type_1,hs_collision_type_2,hs_collision_type_3,hs_collision_type_4,hs_collision_type_5,hs_collision_type_6,hs_collision_type_7,hs_collision_type_8,hs_collision_type_9,crash_type_1.0,crash_type_2.0,crash_type_3.0,crash_type_4.0,crash_type_5.0,crash_type_6.0,crash_type_7.0,crash_type_8.0,crash_type_9.0,crash_type_10.0,crash_type_11.0,crash_type_12.0,crash_type_13.0,crash_type_14.0,crash_type_15.0,crash_type_16.0,crash_type_99.0,road_sys_code_0,road_sys_code_1,road_sys_code_2,road_sys_code_3,road_sys_code_4,road_sys_code_5,road_sys_code_6,road_sys_code_7,road_sys_code_8,road_sys_code_9,road_sys_code_10,road_horiz_align_code_0.0,road_horiz_align_code_1.0,road_horiz_align_code_2.0,road_horiz_align_code_3.0,road_grade_code_0.0,road_grade_code_4.0,road_grade_code_5.0,road_grade_code_6.0,road_grade_code_7.0,road_grade_code_8.0,road_surf_code_0.0,road_surf_code_1.0,road_surf_code_2.0,road_surf_code_3.0,road_surf_code_5.0,road_surf_code_99.0,surf_cond_code_0.0,surf_cond_code_1.0,surf_cond_code_2.0,surf_cond_code_3.0,surf_cond_code_4.0,surf_cond_code_5.0,surf_cond_code_6.0,surf_cond_code_7.0,surf_cond_code_9.0,surf_cond_code_99.0,light_cond_code_0.0,light_cond_code_1.0,light_cond_code_2.0,light_cond_code_3.0,light_cond_code_4.0,light_cond_code_5.0,light_cond_code_6.0,light_cond_code_7.0,environ_cond_code_0.0,environ_cond_code_1.0,environ_cond_code_2.0,environ_cond_code_3.0,environ_cond_code_4.0,environ_cond_code_5.0,environ_cond_code_6.0,environ_cond_code_7.0,environ_cond_code_8.0,environ_cond_code_9.0,environ_cond_code_10.0,environ_cond_code_99.0,road_median_code_0.0,road_median_code_1.0,road_median_code_2.0,road_median_code_3.0,road_median_code_4.0,road_median_code_5.0,road_median_code_99.0,temp_traffic_zone_0.0,temp_traffic_zone_1.0,temp_traffic_zone_2.0,temp_traffic_zone_3.0,temp_traffic_zone_4.0,temp_traffic_zone_5.0,posted_speed_0.0,posted_speed_2.0,posted_speed_3.0,posted_speed_4.0,posted_speed_5.0,posted_speed_10.0,posted_speed_15.0,posted_speed_20.0,posted_speed_25.0,posted_speed_26.0,posted_speed_28.0,posted_speed_30.0,posted_speed_35.0,posted_speed_36.0,posted_speed_40.0,posted_speed_45.0,posted_speed_47.0,posted_speed_50.0,posted_speed_55.0,posted_speed_56.0,posted_speed_60.0,posted_speed_65.0,first_harmful_event_0.0,first_harmful_event_1.0,first_harmful_event_2.0,first_harmful_event_3.0,first_harmful_event_5.0,first_harmful_event_6.0,first_harmful_event_7.0,first_harmful_event_9.0,first_harmful_event_11.0,first_harmful_event_12.0,first_harmful_event_13.0,first_harmful_event_14.0,first_harmful_event_19.0,first_harmful_event_21.0,first_harmful_event_22.0,first_harmful_event_23.0,first_harmful_event_24.0,first_harmful_event_26.0,first_harmful_event_27.0,first_harmful_event_28.0,first_harmful_event_29.0,first_harmful_event_30.0,first_harmful_event_39.0,first_harmful_event_41.0,first_harmful_event_42.0,first_harmful_event_43.0,first_harmful_event_44.0,first_harmful_event_45.0,first_harmful_event_46.0,first_harmful_event_47.0,first_harmful_event_48.0,first_harmful_event_49.0,first_harmful_event_50.0,first_harmful_event_51.0,first_harmful_event_52.0,first_harmful_event_53.0,first_harmful_event_54.0,first_harmful_event_55.0,first_harmful_event_56.0,first_harmful_event_57.0,first_harmful_event_58.0,first_harmful_event_59.0,first_harmful_event_60.0,first_harmful_event_61.0,first_harmful_event_62.0,first_harmful_event_69.0,first_harmful_event_99.0,flg_cell_in_use_N,flg_cell_in_use_Y
OCEAN-BEACHWOOD BORO,0.03125,0.016666666666666666,0.017857142857142856,0.039473684210526314,0.023529411764705882,0.045454545454545456,0.0213903743315508,0.0,0.0,0.06349206349206349,0.0,0.0,0.0,0.0,0.03225806451612903,0.0,0.0,0.0,0.14285714285714285,0.08333333333333333,0.06666666666666667,0.0,0.0,0.0,0.0,0.0,0.0,0.027777777777777776,0.0,0.0,0.0,0.0,0.0,0.0,0.0,0.0,0.06521739130434782,0.06896551724137931,0.0,0.0,0.0,0.0,0.0,0.0,0.0,0.0,0.030303030303030304,0.0,0.0,0.0,0.03246753246753247,0.0,0.0,0.0,0.0,0.0,0.0,0.02793296089385475,0.0,0.0,0.0,0.0,0.03048780487804878,0.0,0.0,0.0,0.0,0.0,0.0,0.0,0.0,0.0,0.045454545454545456,0.0,0.0,0.0,0.0625,0.0,0.0,0.0,0.03067484662576687,0.0,0.0,0.0,0.0,0.0,0.0,0.0,0.0,0.0,0.0,0.0,0.05,0.0,0.0,0.0,0.034482758620689655,0.0,0.0,0.027624309392265192,0.0,0.0,0.0,0.0,0.0,0.0,0.0,0.0,0.0,0.0,0.0,0.0,0.0,0.0,0.0,0.0,0.09090909090909091,0.0,0.0,0.0,0.0,0.02127659574468085,0.0,0.0,0.0,0.1,0.0,0.0,0.0,0.0,0.0,0.0,0.0,0.0,0.0,0.0,0.0,0.0,0.0,0.0,0.0,0.0,0.0,0.056338028169014086,0.0,0.0,0.0,0.0,0.0,0.0,0.0,0.0,0.0,0.0,0.25,0.0,0.0,0.0,0.0,0.0,0.0,0.0,0.0,0.0,0.0,0.0,0.0,0.0,0.0,0.0,0.0,0.0,0.0,0.021621621621621623,0.0
OCEAN-BERKELEY TWP,0.1015625,0.21666666666666667,0.1875,0.06578947368421052,0.12941176470588234,0.18181818181818182,0.13368983957219252,0.0,0.030303030303030304,0.07936507936507936,0.0,0.24324324324324326,0.2857142857142857,0.0,0.25806451612903225,0.0,0.0,0.11764705882352941,0.0,0.125,0.0,0.0,0.06666666666666667,0.0,0.0,0.0,0.1111111111111111,0.3055555555555555,0.0,0.05970149253731343,0.375,0.0,0.0,0.1,0.0,0.0,0.08695652173913043,0.034482758620689655,0.0,0.18518518518518517,0.0,0.09900990099009901,0.0,0.25,0.0,0.1111111111111111,0.1393939393939394,0.2,0.0,0.05,0.16233766233766234,0.0,0.0,0.0,0.0,0.0,0.0,0.1452513966480447,0.0,0.0,0.0,0.0,0.13414634146341464,0.13043478260869565,0.0,0.0,0.0,0.0,0.0,0.0,1.0,0.0,0.2159090909090909,0.2,0.0,0.0,0.125,0.04477611940298507,0.03571428571428571,0.0,0.12269938650306748,0.0625,0.0,0.0,0.29411764705882354,0.0,0.0,0.0,0.0,0.0,0.0,0.0,0.025,0.05,0.0,0.12280701754385964,0.1954022988505747,0.0,0.0,0.143646408839779,0.0,0.0,0.0,0.0,0.0,0.0,0.0,0.0,0.0,0.0,0.3333333333333333,0.0,0.043795620437956206,0.0,0.0,0.0,0.2272727272727273,0.0,0.10714285714285714,0.07407407407407407,0.0,0.1702127659574468,0.0,0.0,0.0,0.05,0.0,0.0,0.0,0.0,0.4444444444444444,0.0,0.1111111111111111,0.0,0.0,0.0,0.0,0.0,0.0,0.5,0.047619047619047616,0.0,0.0,0.08450704225352113,0.0,0.125,0.0,0.0,0.0,0.0,0.0,0.0,0.0,0.0,0.25,0.0,0.0,0.0,0.3333333333333333,0.0,0.0,0.0,0.0,0.0,0.25,0.0,0.0,0.0,0.16666666666666666,0.3333333333333333,0.0,0.25,0.0,0.13513513513513514,0.0
OCEAN-BRICK TWP,0.2578125,0.23333333333333334,0.3482142857142857,0.10526315789473684,0.22352941176470587,0.4090909090909091,0.24598930481283424,0.0,0.09090909090909091,0.25396825396825395,0.2222222222222222,0.5135135135135136,0.14285714285714285,0.0,0.0967741935483871,0.0,0.0,0.3529411764705882,0.2857142857142857,0.3333333333333333,0.13333333333333333,0.0,0.13333333333333333,0.3333333333333333,0.0,0.0,0.3333333333333333,0.3055555555555555,0.0,0.1044776119402985,0.125,0.0,0.0,0.1,0.0,0.0,0.32608695652173914,0.20689655172413793,0.0,0.42592592592592593,0.5,0.019801980198019802,0.0,0.0,0.0,0.1111111111111111,0.24848484848484848,0.6000000000000001,0.2,0.05,0.28571428571428575,0.125,0.25,0.0,0.0,0.0,0.0625,0.2569832402234637,0.0,0.0,0.0,0.0,0.25,0.17391304347826086,0.0,0.5,0.0,0.0,0.0,0.0,0.0,0.0,0.29545454545454547,0.6000000000000001,0.0,0.0,0.0625,0.13432835820895522,0.2857142857142857,0.0,0.25153374233128833,0.25,0.0,0.5,0.0,0.3333333333333333,0.0,0.0,0.0,0.0,0.0,0.0,0.35000000000000003,0.30000000000000004,0.125,0.05263157894736842,0.25287356321839083,0.0,0.0,0.2430939226519337,1.0,0.0,0.0,0.0,1.0,0.0,0.0,0.0,0.0,0.0,0.0,0.0,0.014598540145985401,0.0,0.0,0.125,0.2727272727272727,0.0,0.5714285714285714,0.2222222222222222,0.0,0.23404255319148937,0.08333333333333333,0.0,0.0,0.1,0.0,0.3333333333333333,0.0,0.0,0.5555555555555556,0.2222222222222222,0.0,0.0,0.5,0.0,0.0,0.0,0.0,0.16666666666666666,0.09523809523809523,0.0,0.0,0.323943661971831,0.0,0.125,0.0,0.0,0.0,1.0,0.0,0.0,0.0,0.0,0.25,0.0,0.0,0.0,0.0,0.0,0.14285714285714285,0.0,0.0,0.0,0.0,0.0,0.0,0.0,0.16666666666666666,0.0,1.0,0.0,0.0,0.24864864864864866,0.0
OCEAN-EAGLESWOOD TWP,0.0078125,0.05,0.03571428571428571,0.0,0.0058823529411764705,0.13636363636363635,0.0160427807486631,0.0,0.0,0.0,0.0,0.08108108108108109,0.0,0.0,0.03225806451612903,0.0,0.0,0.0,0.0,0.0,0.0,0.0,0.0,0.0,0.0,0.0,0.1111111111111111,0.05555555555555555,0.0,0.0,0.0,0.0,0.0,0.1,0.0,0.0,0.06521739130434782,0.034482758620689655,0.0,0.0,0.0,0.0,0.0,0.0,0.0,0.05555555555555555,0.01818181818181818,0.0,0.0,0.0,0.025974025974025976,0.0,0.0,0.0,0.0,0.0,0.0,0.0223463687150838,0.0,0.0,0.0,0.0,0.024390243902439025,0.0,0.0,0.0,0.0,0.0,0.0,0.0,0.0,0.0,0.03409090909090909,0.0,0.0,0.0,0.0625,0.0,0.0,0.0,0.024539877300613498,0.0,0.0,0.0,0.0,0.0,0.0,0.0,0.0,0.0,0.0,0.0,0.025,0.0,0.0,0.0,0.034482758620689655,0.0,0.0,0.022099447513812154,0.0,0.0,0.0,0.0,0.0,0.0,0.0,0.0,0.0,0.0,0.0,0.0,0.0,0.0,0.0,0.0,0.0,0.0,0.0,0.07407407407407407,0.0,0.02127659574468085,0.0,0.0,0.0,0.05,0.0,0.16666666666666666,0.0,0.0,0.0,0.0,0.1111111111111111,0.0,0.0,0.0,0.0,0.0,0.0,0.0,0.0,0.0,0.0,0.0,0.0,0.0,0.0,0.0,0.0,0.0,0.0,0.0,0.0,0.0,0.0,0.0,0.0,0.0,0.0,0.0,0.14285714285714285,0.0,0.0,0.0,0.08333333333333333,0.0,0.0,0.0,0.0,0.0,0.0,0.0,0.0,0.016216216216216217,0.0
OCEAN-HARVEY CEDARS BORO,0.0,0.016666666666666666,0.008928571428571428,0.0,0.0058823529411764705,0.0,0.0,0.0,0.0,0.0,0.0,0.02702702702702703,0.0,0.0,0.0,0.0,0.0,0.0,0.0,0.0,0.0,0.0,0.0,0.0,0.0,0.0,0.0,0.027777777777777776,0.0,0.0,0.0,0.0,0.0,0.0,0.0,0.0,0.0,0.0,0.0,0.018518518518518517,0.0,0.0,0.0,0.0,0.0,0.0,0.006060606060606061,0.0,0.0,0.0,0.006493506493506494,0.0,0.0,0.0,0.0,0.0,0.0,0.00558659217877095,0.0,0.0,0.0,0.0,0.0,0.043478260869565216,0.0,0.0,0.0,0.0,0.0,0.0,0.0,0.0,0.011363636363636364,0.0,0.0,0.0,0.0,0.0,0.0,0.0,0.0,0.0625,0.0,0.0,0.0,0.0,0.0,0.0,0.0,0.0,0.0,0.0,0.0,0.0,0.0,0.017543859649122806,0.0,0.0,0.0,0.0055248618784530384,0.0,0.0,0.0,0.0,0.0,0.0,0.0,0.0,0.0,0.0,0.0,0.0,0.0,0.0,0.0,0.0,0.0,0.0,0.0,0.037037037037037035,0.0,0.0,0.0,0.0,0.0,0.0,0.0,0.0,0.0,0.0,0.1111111111111111,0.0,0.0,0.0,0.0,0.0,0.0,0.0,0.0,0.0,0.0,0.0,0.0,0.0,0.0,0.0,0.0,0.0,0.0,0.0,0.0,0.0,0.0,0.0,0.0,0.0,0.0,0.0,0.0,0.0,0.0,0.0,0.0,0.0,0.0,0.0,0.0,0.0,0.0,0.0,0.0,0.0,0.0,0.0,0.0
OCEAN-JACKSON TWP,0.296875,0.23333333333333334,0.33928571428571425,0.18421052631578946,0.2411764705882353,0.5,0.2727272727272727,0.0,0.045454545454545456,0.2222222222222222,0.1111111111111111,0.7297297297297298,0.0,0.0,0.22580645161290322,0.0,0.0,0.11764705882352941,0.14285714285714285,0.5416666666666666,0.5333333333333333,0.0,0.0,0.08333333333333333,0.0,0.0,0.0,0.5277777777777778,0.0,0.05970149253731343,0.0,0.0,0.0,0.4,0.0,0.08,0.0,0.0,0.0,0.8888888888888888,0.0,0.019801980198019802,0.0,0.0,0.0,0.5,0.24848484848484848,0.0,0.4,0.4,0.27272727272727276,0.125,0.0,0.09090909090909091,0.0,0.0,0.0,0.28491620111731847,0.5,0.0,0.0,0.0,0.2378048780487805,0.2608695652173913,0.6666666666666666,1.0,1.0,0.0,0.0,0.0,0.0,0.0,0.36363636363636365,0.0,0.0,0.0,0.4375,0.029850746268656716,0.39285714285714285,0.0,0.2392638036809816,0.1875,1.0,0.0,0.29411764705882354,1.0,0.0,0.0,0.0,0.0,0.0,0.0,0.025,0.1,0.0625,0.05263157894736842,0.5172413793103449,0.0,0.0,0.287292817679558,0.0,0.0,0.0,0.0,0.0,0.0,0.0,0.0,0.0,0.0,0.0,0.0,0.0,0.0,0.0,0.125,0.045454545454545456,0.0,0.2857142857142857,0.5185185185185185,0.0,0.5319148936170213,0.041666666666666664,0.0,0.0,0.1,0.0,0.0,0.0,0.0,1.0,0.0,0.2222222222222222,0.0,0.0,0.0,0.0,0.0,0.0,0.0,0.031746031746031744,0.0,0.0,0.4084507042253521,0.0,0.0,0.0,0.0,0.0,0.0,0.0,0.0,0.0,0.0,0.0,0.0,0.0,0.0,0.0,0.0,0.2857142857142857,0.0,0.0,0.0,0.25,0.0,0.5,0.0,0.6666666666666666,0.0,0.0,0.0,0.0,0.2702702702702703,0.3333333333333333
OCEAN-LACEY TWP,0.09375,0.15,0.15178571428571427,0.05263157894736842,0.09411764705882353,0.2272727272727273,0.10695187165775401,0.0,0.045454545454545456,0.07936507936507936,0.2222222222222222,0.21621621621621623,0.2857142857142857,0.0,0.03225806451612903,0.0,0.0,0.23529411764705882,0.0,0.041666666666666664,0.13333333333333333,0.3333333333333333,0.0,0.08333333333333333,0.0,0.0,0.0,0.05555555555555555,0.0,0.05970149253731343,0.25,0.0,0.0,0.4,0.0,0.0,0.10869565217391304,0.10344827586206896,0.0,0.18518518518518517,0.0,0.0297029702970297,0.0,0.0,0.0,0.05555555555555555,0.12121212121212122,0.0,0.0,0.15000000000000002,0.1168831168831169,0.0,0.0,0.0,0.0,0.0,0.0,0.11731843575418995,0.0,0.0,0.0,0.0,0.0975609756097561,0.17391304347826086,0.0,0.25,0.0,0.0,0.0,0.0,0.0,0.0,0.09090909090909091,0.0,0.25,0.0,0.3125,0.08955223880597014,0.03571428571428571,0.0,0.11042944785276074,0.1875,0.0,0.0,0.0,0.0,0.0,0.0,0.0,0.0,0.0,0.0,0.07500000000000001,0.05,0.0,0.05263157894736842,0.16091954022988506,0.0,0.0,0.11602209944751381,0.0,0.0,0.0,0.0,0.0,0.0,0.0,0.0,0.0,0.0,0.0,0.0,0.014598540145985401,0.0,0.0,0.0,0.09090909090909091,0.0,0.03571428571428571,0.25925925925925924,0.0,0.06382978723404255,0.125,0.0,0.0,0.15000000000000002,0.0,0.0,0.0,0.0,0.1111111111111111,0.0,0.3333333333333333,0.0,0.5,0.0,0.0,0.0,1.0,0.3333333333333333,0.047619047619047616,0.0,0.0,0.1267605633802817,0.0,0.0,0.0,0.0,0.0,0.0,0.0,0.0,0.0,0.0,0.0,0.0,0.0,0.0,0.0,0.0,0.0,0.0,0.0,0.0,0.0,0.0,0.0,0.0,0.16666666666666666,0.0,0.0,0.0,0.0,0.10810810810810811,0.0
OCEAN-LAKEHURST BORO,0.0234375,0.06666666666666667,0.03571428571428571,0.039473684210526314,0.03529411764705882,0.045454545454545456,0.0320855614973262,0.0,0.030303030303030304,0.015873015873015872,0.0,0.10810810810810811,0.0,0.0,0.0,0.0,0.0,0.0,0.0,0.041666666666666664,0.06666666666666667,0.0,0.0,0.0,0.0,0.0,0.0,0.05555555555555555,0.0,0.029850746268656716,0.0,0.0,0.0,0.1,0.0,0.0,0.10869565217391304,0.0,0.0,0.018518518518518517,0.0,0.009900990099009901,0.0,0.0,0.0,0.1111111111111111,0.030303030303030304,0.0,0.0,0.0,0.03896103896103896,0.0,0.0,0.09090909090909091,0.0,0.0,0.0,0.03910614525139665,0.0,0.0,0.0,0.0,0.03658536585365854,0.043478260869565216,0.0,0.0,0.0,0.0,0.0,0.0,0.0,0.0,0.05681818181818182,0.0,0.0,0.0,0.0625,0.014925373134328358,0.0,0.0,0.04294478527607362,0.0,0.0,0.0,0.0,0.0,0.0,0.0,0.0,0.0,0.0,0.0,0.0,0.1,0.0,0.017543859649122806,0.04597701149425287,0.0,0.0,0.03867403314917127,0.0,0.0,0.0,0.0,0.0,0.0,0.0,0.0,0.0,0.0,0.0,0.0,0.014598540145985401,0.0,0.0,0.0,0.045454545454545456,0.0,0.0,0.14814814814814814,0.0,0.0,0.0,0.0,0.0,0.0,0.0,0.0,0.0,0.0,0.0,0.1111111111111111,0.1111111111111111,0.0,0.0,0.0,0.0,0.0,0.0,0.0,0.031746031746031744,0.0,0.0,0.028169014084507043,0.0,0.0,0.0,0.0,0.0,0.0,0.0,0.0,0.0,0.0,0.0,0.0,0.0,0.0,0.0,0.0,0.0,0.0,0.0,0.0,0.0,0.0,0.0,0.0,0.16666666666666666,0.0,0.0,0.0,0.0,0.032432432432432434,0.0
OCEAN-LAKEWOOD TWP,0.6015625,0.6166666666666667,0.5714285714285714,0.6578947368421052,0.5411764705882353,1.0,0.5989304812834224,0.3333333333333333,0.3939393939393939,0.6507936507936507,0.2222222222222222,0.4594594594594595,0.7142857142857142,0.0,0.7419354838709677,0.0,0.0,1.0,0.5714285714285714,1.0,0.06666666666666667,0.3333333333333333,0.13333333333333333,0.3333333333333333,0.5,0.0,0.1111111111111111,0.6388888888888888,0.0,0.417910447761194,1.0,0.0,0.0,0.0,0.0,0.0,0.6521739130434783,0.27586206896551724,0.0,0.8888888888888888,0.0,0.24752475247524752,1.0,0.5,0.0,0.2777777777777778,0.6363636363636364,0.2,0.6000000000000001,0.2,0.7077922077922079,0.125,0.0,0.0,0.0,0.0,0.0625,0.6312849162011174,0.0,0.0,0.0,0.0,0.5548780487804879,1.0,0.0,0.0,0.0,0.0,0.0,0.0,0.0,0.0,0.7840909090909091,0.2,0.25,0.25,0.4375,0.08955223880597014,1.0,0.0,0.5214723926380368,0.75,0.0,0.0,1.0,0.0,0.0,0.0,0.0,0.0,0.0,0.0,0.47500000000000003,0.1,0.125,0.07017543859649122,1.0,0.0,0.5,0.6132596685082873,0.6666666666666666,0.0,0.0,0.0,0.0,0.0,0.0,0.0,0.0,0.0,0.3333333333333333,0.0,0.13138686131386862,0.0,0.0,0.0,0.9090909090909092,0.0,0.6785714285714285,0.7407407407407407,0.0,0.5957446808510638,0.08333333333333333,0.0,0.0,0.30000000000000004,0.0,0.0,0.0,0.0,0.6666666666666666,0.5555555555555556,0.0,0.0,0.0,0.0,0.0,0.0,0.0,0.8333333333333333,0.3968253968253968,0.0,0.0,0.8309859154929577,0.0,0.125,0.0,0.0,0.0,0.0,0.0,0.0,0.0,0.0,0.0,0.0,0.125,0.0,0.0,0.0,0.14285714285714285,0.0,0.0,0.0,0.3333333333333333,0.0,0.0,0.0,1.0,0.0,0.0,0.25,0.0,0.6000000000000001,0.6666666666666666
OCEAN-LAVALLETTE BORO,0.046875,0.0,0.04464285714285714,0.013157894736842105,0.029411764705882353,0.045454545454545456,0.0267379679144385,0.0,0.0,0.031746031746031744,0.0,0.10810810810810811,0.0,0.0,0.0,0.0,0.0,0.058823529411764705,0.14285714285714285,0.0,0.0,0.0,0.0,0.0,0.0,0.0,0.0,0.05555555555555555,0.0,0.029850746268656716,0.0,0.0,0.0,0.0,0.0,0.0,0.13043478260869565,0.0,0.0,0.0,0.0,0.0,0.0,0.0,0.0,0.0,0.03636363636363636,0.0,0.0,0.0,0.03896103896103896,0.0,0.0,0.0,0.0,0.0,0.0,0.0335195530726257,0.0,0.0,0.0,0.0,0.03658536585365854,0.0,0.0,0.0,0.0,0.0,0.0,0.0,0.0,0.0,0.05681818181818182,0.0,0.0,0.0,0.0,0.0,0.03571428571428571,0.0,0.03067484662576687,0.0,0.0,0.0,0.058823529411764705,0.0,0.0,0.0,0.0,0.0,0.0,0.0,0.0,0.0,0.0,0.0,0.06896551724137931,0.0,0.0,0.03314917127071823,0.0,0.0,0.0,0.0,0.0,0.0,0.0,0.0,0.0,0.0,0.0,0.0,0.0,0.0,0.0,0.0,0.09090909090909091,0.0,0.0,0.14814814814814814,0.0,0.0,0.0,0.0,0.0,0.0,0.0,0.0,0.0,0.0,0.0,0.0,0.0,0.0,0.0,0.0,0.0,0.0,0.0,0.0,0.0,0.0,0.0,0.028169014084507043,0.0,0.0,0.0,0.0,0.0,0.0,0.0,0.0,0.0,0.0,0.0,0.0,0.0,0.0,0.0,0.0,0.2857142857142857,0.0,0.0,0.0,0.16666666666666666,0.0,0.0,0.0,0.0,0.0,0.0,0.0,0.0,0.02702702702702703,0.0
OCEAN-LITTLE EGG HARBOR TWP,0.109375,0.15,0.15178571428571427,0.07894736842105263,0.09411764705882353,0.3181818181818182,0.11764705882352941,0.0,0.030303030303030304,0.047619047619047616,0.0,0.40540540540540543,0.0,0.0,0.0967741935483871,0.0,0.0,0.058823529411764705,0.0,0.08333333333333333,0.26666666666666666,0.0,0.0,0.0,0.0,0.0,0.0,0.3055555555555555,0.0,0.029850746268656716,0.0,0.0,0.0,0.30000000000000004,0.0,0.0,0.043478260869565216,0.1724137931034483,0.0,0.2222222222222222,0.0,0.039603960396039604,0.0,0.0,0.0,0.2222222222222222,0.11515151515151516,0.0,0.0,0.1,0.13636363636363638,0.0,0.0,0.0,0.0,0.0,0.0,0.12849162011173185,0.0,0.0,0.0,0.0,0.09146341463414634,0.30434782608695654,0.0,0.0,1.0,0.0,0.0,0.0,0.0,0.0,0.125,0.0,0.0,0.125,0.25,0.04477611940298507,0.14285714285714285,0.0,0.09202453987730061,0.375,0.5,0.0,0.058823529411764705,0.0,0.0,0.0,0.0,0.0,0.0,0.0,0.125,0.05,0.0625,0.017543859649122806,0.1724137931034483,0.0,0.0,0.1270718232044199,0.0,0.0,0.0,0.0,0.0,0.0,0.0,0.0,0.0,0.0,0.0,0.0,0.021897810218978103,0.0,0.0,0.125,0.13636363636363635,0.0,0.07142857142857142,0.14814814814814814,0.0,0.06382978723404255,0.125,0.0,0.0,0.2,0.0,0.0,0.0,0.0,0.5555555555555556,0.2222222222222222,0.2222222222222222,0.0,0.0,0.0,0.0,0.0,0.0,0.0,0.031746031746031744,0.0,0.0,0.09859154929577466,0.0,0.0,0.0,0.0,0.0,0.0,0.0,0.0,0.0,0.0,0.0,0.0,0.0,0.0,0.0,0.0,0.0,1.0,0.0,0.0,0.0,0.0,0.0,0.0,0.6666666666666666,0.0,0.0,0.0,0.0,0.10810810810810811,0.6666666666666666
OCEAN-LONG BEACH TWP,0.0,0.016666666666666666,0.0,0.013157894736842105,0.0058823529411764705,0.0,0.0,0.0,0.0,0.015873015873015872,0.0,0.0,0.0,0.0,0.0,0.0,0.0,0.0,0.0,0.0,0.0,0.0,0.0,0.0,0.0,0.0,0.0,0.0,0.0,0.0,0.0,0.0,0.0,0.1,0.0,0.0,0.0,0.0,0.0,0.018518518518518517,0.0,0.0,0.0,0.0,0.0,0.0,0.006060606060606061,0.0,0.0,0.0,0.006493506493506494,0.0,0.0,0.0,0.0,0.0,0.0,0.00558659217877095,0.0,0.0,0.0,0.0,0.006097560975609756,0.0,0.0,0.0,0.0,0.0,0.0,0.0,0.0,0.0,0.011363636363636364,0.0,0.0,0.0,0.0,0.0,0.0,0.0,0.006134969325153374,0.0,0.0,0.0,0.0,0.0,0.0,0.0,0.0,0.0,0.0,0.0,0.0,0.05,0.0,0.0,0.0,0.0,0.0,0.0,0.3333333333333333,0.0,0.0,0.0,0.0,0.0,0.0,0.0,0.0,0.0,0.0,0.0,0.0,0.0,0.0,0.0,0.0,0.0,0.0,0.037037037037037035,0.0,0.0,0.0,0.0,0.0,0.0,0.0,0.0,0.0,0.0,0.0,0.0,0.0,0.0,0.0,0.0,0.0,0.0,0.0,0.0,0.0,0.0,0.0,0.0,0.0,0.0,1.0,0.0,0.0,0.0,0.0,0.0,0.0,0.0,0.0,0.0,0.0,0.0,0.0,0.0,0.0,0.0,0.0,0.0,0.0,0.0,0.0,0.0,0.0,0.0,0.0,0.0,0.0,0.0,0.0
OCEAN-MANCHESTER TWP,0.2578125,0.25,0.3214285714285714,0.15789473684210525,0.24705882352941178,0.2727272727272727,0.2513368983957219,0.0,0.030303030303030304,0.2222222222222222,0.4444444444444444,0.5945945945945946,0.2857142857142857,0.3333333333333333,0.0967741935483871,0.0,0.0,0.47058823529411764,0.0,0.3333333333333333,0.26666666666666666,0.6666666666666666,0.0,0.41666666666666663,0.0,0.0,0.1111111111111111,0.38888888888888884,0.3333333333333333,0.029850746268656716,0.25,0.0,0.0,0.1,0.0,0.0,0.45652173913043476,0.0,0.0,0.4074074074074074,0.0,0.04950495049504951,0.0,0.0,0.0,0.05555555555555555,0.2545454545454545,0.8,0.2,0.05,0.27272727272727276,0.375,0.25,0.09090909090909091,0.0,0.0,0.0625,0.26256983240223464,0.0,0.0,0.0,0.0,0.25609756097560976,0.2608695652173913,0.0,0.0,0.0,0.0,0.0,0.0,0.0,0.0,0.4318181818181818,0.0,0.5,0.0,0.25,0.0,0.14285714285714285,0.0,0.25153374233128833,0.25,0.0,0.0,0.1764705882352941,0.0,0.0,0.0,0.0,0.0,0.0,0.0,0.15000000000000002,0.05,0.0,0.05263157894736842,0.4367816091954023,0.0,0.0,0.2541436464088398,0.3333333333333333,0.0,0.0,0.3333333333333333,0.0,0.0,0.0,0.0,0.0,0.3333333333333333,0.0,0.0,0.0,0.0,0.0,0.0,0.13636363636363635,0.0,0.39285714285714285,0.1111111111111111,0.0,0.46808510638297873,0.3333333333333333,0.0,0.0,0.0,0.0,0.16666666666666666,0.0,0.0,0.2222222222222222,0.2222222222222222,0.0,0.0,0.0,0.0,1.0,0.0,0.0,0.3333333333333333,0.031746031746031744,0.0,0.3333333333333333,0.38028169014084506,0.0,0.125,0.0,0.0,0.0,0.0,0.0,0.0,0.0,0.0,0.25,0.0,0.0,0.0,0.6666666666666666,0.0,0.14285714285714285,0.0,0.0,0.0,0.16666666666666666,0.0,0.0,0.0,0.3333333333333333,0.0,0.0,0.25,0.0,0.25405405405405407,0.0