location,severity_rating5_4,severity_rating5_5,intersection_N,intersection_Y,alcohol_involved_N,alcohol_involved_Y,hazmat_involved_N,hazmat_involved_Y,hs_collision_type_1,hs_collision_type_2,hs_collision_type_3,hs_collision_type_4,hs_collision_type_5,hs_collision_type_6,hs_collision_type_7,hs_collision_type_8,hs_collision_type_9,crash_type_1.0,crash_type_2.0,crash_type_3.0,crash_type_4.0,crash_type_5.0,crash_type_6.0,crash_type_7.0,crash_type_8.0,crash_type_9.0,crash_type_10.0,crash_type_11.0,crash_type_12.0,crash_type_13.0,crash_type_14.0,crash_type_15.0,crash_type_16.0,crash_type_99.0,road_sys_code_0,road_sys_code_1,road_sys_code_2,road_sys_code_3,road_sys_code_4,road_sys_code_5,road_sys_code_6,road_sys_code_7,road_sys_code_8,road_sys_code_9,road_sys_code_10,road_horiz_align_code_0.0,road_horiz_align_code_1.0,road_horiz_align_code_2.0,road_horiz_align_code_3.0,road_grade_code_0.0,road_grade_code_4.0,road_grade_code_5.0,road_grade_code_6.0,road_grade_code_7.0,road_grade_code_8.0,road_surf_code_0.0,road_surf_code_1.0,road_surf_code_2.0,road_surf_code_3.0,road_surf_code_5.0,road_surf_code_99.0,surf_cond_code_0.0,surf_cond_code_1.0,surf_cond_code_2.0,surf_cond_code_3.0,surf_cond_code_4.0,surf_cond_code_5.0,surf_cond_code_6.0,surf_cond_code_7.0,surf_cond_code_9.0,surf_cond_code_99.0,light_cond_code_0.0,light_cond_code_1.0,light_cond_code_2.0,light_cond_code_3.0,light_cond_code_4.0,light_cond_code_5.0,light_cond_code_6.0,light_cond_code_7.0,environ_cond_code_0.0,environ_cond_code_1.0,environ_cond_code_2.0,environ_cond_code_3.0,environ_cond_code_4.0,environ_cond_code_5.0,environ_cond_code_6.0,environ_cond_code_7.0,environ_cond_code_8.0,environ_cond_code_9.0,environ_cond_code_10.0,environ_cond_code_99.0,road_median_code_0.0,road_median_code_1.0,road_median_code_2.0,road_median_code_3.0,road_median_code_4.0,road_median_code_5.0,road_median_code_99.0,temp_traffic_zone_0.0,temp_traffic_zone_1.0,temp_traffic_zone_2.0,temp_traffic_zone_3.0,temp_traffic_zone_4.0,temp_traffic_zone_5.0,posted_speed_0.0,posted_speed_2.0,posted_speed_3.0,posted_speed_4.0,posted_speed_5.0,posted_speed_10.0,posted_speed_15.0,posted_speed_20.0,posted_speed_25.0,posted_speed_26.0,posted_speed_28.0,posted_speed_30.0,posted_speed_35.0,posted_speed_36.0,posted_speed_40.0,posted_speed_45.0,posted_speed_47.0,posted_speed_50.0,posted_speed_55.0,posted_speed_56.0,posted_speed_60.0,posted_speed_65.0,first_harmful_event_0.0,first_harmful_event_1.0,first_harmful_event_2.0,first_harmful_event_3.0,first_harmful_event_5.0,first_harmful_event_6.0,first_harmful_event_7.0,first_harmful_event_9.0,first_harmful_event_11.0,first_harmful_event_12.0,first_harmful_event_13.0,first_harmful_event_14.0,first_harmful_event_19.0,first_harmful_event_21.0,first_harmful_event_22.0,first_harmful_event_23.0,first_harmful_event_24.0,first_harmful_event_26.0,first_harmful_event_27.0,first_harmful_event_28.0,first_harmful_event_29.0,first_harmful_event_30.0,first_harmful_event_39.0,first_harmful_event_41.0,first_harmful_event_42.0,first_harmful_event_43.0,first_harmful_event_44.0,first_harmful_event_45.0,first_harmful_event_46.0,first_harmful_event_47.0,first_harmful_event_48.0,first_harmful_event_49.0,first_harmful_event_50.0,first_harmful_event_51.0,first_harmful_event_52.0,first_harmful_event_53.0,first_harmful_event_54.0,first_harmful_event_55.0,first_harmful_event_56.0,first_harmful_event_57.0,first_harmful_event_58.0,first_harmful_event_59.0,first_harmful_event_60.0,first_harmful_event_61.0,first_harmful_event_62.0,first_harmful_event_69.0,first_harmful_event_99.0,flg_cell_in_use_N,flg_cell_in_use_Y
SALEM-WOODSTOWN BORO,0.0078125,0.016666666666666666,0.017857142857142856,0.0,0.011764705882352941,0.0,0.0053475935828877,0.0,0.0,0.0,0.0,0.02702702702702703,0.0,0.0,0.03225806451612903,0.0,0.0,0.0,0.0,0.0,0.06666666666666667,0.0,0.0,0.0,0.0,0.0,0.0,0.027777777777777776,0.0,0.0,0.0,0.0,0.0,0.0,0.0,0.0,0.021739130434782608,0.0,0.0,0.0,0.0,0.009900990099009901,0.0,0.0,0.0,0.0,0.006060606060606061,0.0,0.2,0.0,0.012987012987012988,0.0,0.0,0.0,0.0,0.0,0.0,0.0111731843575419,0.0,0.0,0.0,0.0,0.012195121951219513,0.0,0.0,0.0,0.0,0.0,0.0,0.0,0.0,0.0,0.011363636363636364,0.0,0.0,0.0,0.0,0.014925373134328358,0.0,0.0,0.012269938650306749,0.0,0.0,0.0,0.0,0.0,0.0,0.0,0.0,0.0,0.0,0.0,0.0,0.0,0.0,0.0,0.022988505747126436,0.0,0.0,0.011049723756906077,0.0,0.0,0.0,0.0,0.0,0.0,0.0,0.0,0.0,0.0,0.0,0.0,0.0072992700729927005,0.0,0.0,0.0,0.045454545454545456,0.0,0.0,0.0,0.0,0.0,0.0,0.0,0.0,0.0,0.0,0.0,0.0,0.0,0.0,0.0,0.0,0.0,0.0,0.0,0.0,0.0,0.0,0.0,0.0,0.0,0.0,0.014084507042253521,0.0,0.0,0.0,0.0,0.0,0.0,0.0,0.0,0.0,0.0,0.0,0.0,0.0,0.0,0.0,0.0,0.0,0.0,0.0,0.0,0.08333333333333333,0.0,0.0,0.0,0.0,0.0,0.0,0.0,0.0,0.005405405405405406,0.0
SOMERSET-BEDMINSTER TWP,0.0390625,0.06666666666666667,0.07142857142857142,0.013157894736842105,0.041176470588235294,0.09090909090909091,0.0427807486631016,0.0,0.015151515151515152,0.031746031746031744,0.0,0.16216216216216217,0.0,0.0,0.0,0.0,0.0,0.058823529411764705,0.14285714285714285,0.0,0.0,0.0,0.0,0.08333333333333333,0.0,0.0,0.0,0.1111111111111111,0.0,0.014925373134328358,0.0,0.0,0.0,0.1,0.0,0.2,0.06521739130434782,0.0,0.0,0.018518518518518517,0.0,0.0,0.0,0.0,0.0,0.05555555555555555,0.030303030303030304,0.2,0.4,0.1,0.03896103896103896,0.0,0.25,0.0,0.0,0.0,0.0,0.05027932960893855,0.0,0.0,0.0,0.0,0.03658536585365854,0.13043478260869565,0.0,0.0,0.0,0.0,0.0,0.0,0.0,0.0,0.07954545454545454,0.0,0.0,0.0,0.0,0.014925373134328358,0.03571428571428571,0.0,0.03680981595092025,0.125,0.0,0.0,0.058823529411764705,0.0,0.0,0.0,0.0,0.0,0.0,0.0,0.07500000000000001,0.0,0.125,0.0,0.04597701149425287,0.0,0.0,0.049723756906077346,0.0,0.0,0.0,0.0,0.0,0.0,0.0,0.0,0.0,0.0,0.0,0.0,0.0,0.0,0.0,0.0,0.0,0.0,0.0,0.07407407407407407,0.0,0.0425531914893617,0.041666666666666664,0.0,0.0,0.2,0.0,0.0,0.0,0.0,0.1111111111111111,0.0,0.1111111111111111,0.0,0.0,0.0,0.0,0.0,0.0,0.0,0.015873015873015872,0.0,0.0,0.04225352112676056,0.0,0.0,0.0,0.0,0.0,0.0,0.0,0.0,0.0,0.0,0.0,0.0,0.0,0.0,0.0,0.0,0.0,0.0,0.0,0.0,0.0,1.0,0.0,0.0,0.3333333333333333,0.0,0.0,0.0,0.0,0.043243243243243246,0.0
SOMERSET-BERNARDS TWP,0.078125,0.18333333333333332,0.16964285714285712,0.02631578947368421,0.11176470588235293,0.09090909090909091,0.10695187165775401,0.0,0.015151515151515152,0.1111111111111111,0.0,0.2972972972972973,0.0,0.0,0.06451612903225806,0.0,0.0,0.058823529411764705,0.0,0.041666666666666664,0.13333333333333333,0.0,0.13333333333333333,0.08333333333333333,0.0,0.0,0.2222222222222222,0.2222222222222222,0.0,0.029850746268656716,0.0,0.0,0.0,0.2,0.0,0.32,0.021739130434782608,0.0,0.0,0.12962962962962962,0.0,0.039603960396039604,0.0,0.25,0.0,0.2222222222222222,0.08484848484848485,0.2,0.4,0.15000000000000002,0.09740259740259741,0.125,0.25,0.09090909090909091,0.0,0.0,0.0,0.11731843575418995,0.0,0.0,0.0,0.0,0.10365853658536586,0.17391304347826086,0.0,0.0,0.0,0.0,0.0,0.0,0.0,0.0,0.125,0.4,0.0,0.0,0.25,0.029850746268656716,0.07142857142857142,0.0,0.11042944785276074,0.0625,0.0,0.0,0.11764705882352941,0.0,0.0,0.0,0.0,0.0,0.0,0.0,0.15000000000000002,0.05,0.125,0.0,0.13793103448275862,0.0,0.0,0.11602209944751381,0.0,0.0,0.0,0.0,0.0,0.0,0.0,0.0,0.0,0.0,0.0,0.0,0.0072992700729927005,0.0,0.0,0.0,0.2272727272727273,0.0,0.17857142857142855,0.07407407407407407,0.0,0.0,0.0,0.0,0.0,0.4,0.0,0.16666666666666666,1.0,0.0,0.4444444444444444,0.1111111111111111,0.0,0.0,0.0,0.0,0.0,0.0,0.0,0.0,0.031746031746031744,0.0,0.0,0.07042253521126761,0.0,0.25,0.0,0.0,0.0,0.0,0.0,0.0,0.0,0.0,0.25,0.0,0.0,0.0,0.3333333333333333,0.0,0.0,0.0,0.0,0.0,0.0,0.0,0.0,0.0,0.16666666666666666,0.0,0.0,0.25,1.0,0.10810810810810811,0.0
SOMERSET-BERNARDSVILLE BORO,0.015625,0.016666666666666666,0.008928571428571428,0.02631578947368421,0.01764705882352941,0.0,0.010695187165775399,0.0,0.015151515151515152,0.0,0.0,0.05405405405405406,0.0,0.0,0.0,0.0,0.0,0.0,0.0,0.041666666666666664,0.06666666666666667,0.0,0.0,0.0,0.0,0.0,0.0,0.0,0.0,0.014925373134328358,0.0,0.0,0.0,0.0,0.0,0.0,0.043478260869565216,0.0,0.0,0.018518518518518517,0.0,0.0,0.0,0.0,0.0,0.0,0.01818181818181818,0.0,0.0,0.1,0.006493506493506494,0.0,0.0,0.0,0.0,0.0,0.0,0.01675977653631285,0.0,0.0,0.0,0.0,0.01829268292682927,0.0,0.0,0.0,0.0,0.0,0.0,0.0,0.0,0.0,0.022727272727272728,0.0,0.25,0.0,0.0,0.0,0.0,0.0,0.018404907975460124,0.0,0.0,0.0,0.0,0.0,0.0,0.0,0.0,0.0,0.0,0.0,0.0,0.0,0.0,0.0,0.034482758620689655,0.0,0.0,0.016574585635359115,0.0,0.0,0.0,0.0,0.0,0.0,0.0,0.0,0.0,0.0,0.0,0.0,0.0,0.0,0.0,0.0,0.045454545454545456,0.0,0.0,0.07407407407407407,0.0,0.0,0.0,0.0,0.0,0.0,0.0,0.0,0.0,0.0,0.0,0.0,0.0,0.0,0.0,0.0,0.0,0.0,0.0,0.0,0.015873015873015872,0.0,0.0,0.028169014084507043,0.0,0.0,0.0,0.0,0.0,0.0,0.0,0.0,0.0,0.0,0.0,0.0,0.0,0.0,0.0,0.0,0.0,0.0,0.0,0.0,0.0,0.0,0.0,0.0,0.0,0.0,0.0,0.0,0.0,0.010810810810810811,0.0
SOMERSET-BOUND BROOK BORO,0.0234375,0.016666666666666666,0.017857142857142856,0.02631578947368421,0.011764705882352941,0.09090909090909091,0.0160427807486631,0.0,0.015151515151515152,0.015873015873015872,0.0,0.02702702702702703,0.0,0.0,0.03225806451612903,0.0,0.0,0.058823529411764705,0.0,0.041666666666666664,0.0,0.0,0.0,0.0,0.0,0.0,0.0,0.027777777777777776,0.0,0.014925373134328358,0.0,0.0,0.0,0.0,0.0,0.0,0.043478260869565216,0.0,0.0,0.018518518518518517,0.0,0.009900990099009901,0.0,0.0,0.0,0.05555555555555555,0.01818181818181818,0.0,0.0,0.0,0.025974025974025976,0.0,0.0,0.0,0.0,0.0,0.0,0.0223463687150838,0.0,0.0,0.0,0.0,0.024390243902439025,0.0,0.0,0.0,0.0,0.0,0.0,0.0,0.0,0.0,0.03409090909090909,0.0,0.0,0.0,0.0,0.0,0.03571428571428571,0.0,0.024539877300613498,0.0,0.0,0.0,0.0,0.0,0.0,0.0,0.0,0.0,0.0,0.0,0.0,0.0,0.0,0.0,0.04597701149425287,0.0,0.0,0.022099447513812154,0.0,0.0,0.0,0.0,0.0,0.0,0.0,0.0,0.0,0.0,0.0,0.0,0.014598540145985401,0.0,0.0,0.0,0.09090909090909091,0.0,0.0,0.0,0.0,0.0,0.0,0.0,0.0,0.0,0.0,0.0,0.0,0.0,0.0,0.0,0.0,0.0,0.0,0.0,0.0,0.0,0.0,0.0,0.015873015873015872,0.0,0.0,0.028169014084507043,0.0,0.0,0.0,0.0,0.0,0.0,0.0,0.0,0.0,0.0,0.0,0.0,0.0,0.0,0.0,0.0,0.0,0.0,0.0,0.0,0.08333333333333333,0.0,0.0,0.0,0.0,0.0,0.0,0.0,0.0,0.016216216216216217,0.0
SOMERSET-BRANCHBURG TWP,0.03125,0.03333333333333333,0.04464285714285714,0.013157894736842105,0.023529411764705882,0.09090909090909091,0.0267379679144385,0.0,0.0,0.015873015873015872,0.1111111111111111,0.08108108108108109,0.14285714285714285,0.0,0.0,0.0,0.0,0.0,0.0,0.041666666666666664,0.0,0.0,0.0,0.0,0.0,0.0,0.1111111111111111,0.05555555555555555,0.0,0.0,0.125,0.0,0.0,0.1,0.0,0.0,0.08695652173913043,0.0,0.0,0.037037037037037035,0.0,0.0,0.0,0.0,0.0,0.05555555555555555,0.024242424242424242,0.0,0.2,0.15000000000000002,0.012987012987012988,0.0,0.25,0.0,0.0,0.0,0.0,0.0335195530726257,0.0,0.0,0.0,0.0,0.024390243902439025,0.08695652173913043,0.0,0.0,0.0,0.0,0.0,0.0,0.0,0.0,0.03409090909090909,0.0,0.0,0.125,0.0625,0.014925373134328358,0.0,0.0,0.018404907975460124,0.0625,0.0,0.0,0.11764705882352941,0.0,0.0,0.0,0.0,0.0,0.0,0.0,0.0,0.0,0.25,0.0,0.022988505747126436,0.0,0.0,0.03314917127071823,0.0,0.0,0.0,0.0,0.0,0.0,0.0,0.0,0.0,0.0,0.0,0.0,0.0,0.0,0.0,0.0,0.09090909090909091,0.0,0.0,0.0,0.0,0.0,0.16666666666666666,0.0,0.0,0.0,0.0,0.16666666666666666,0.0,0.0,0.2222222222222222,0.0,0.0,0.0,0.0,0.0,0.0,0.0,0.0,0.16666666666666666,0.0,0.0,0.0,0.014084507042253521,0.0,0.0,0.0,0.0,0.0,0.0,0.0,0.0,0.0,0.0,0.0,0.0,0.0,0.0,0.0,0.0,0.0,0.0,0.0,0.0,0.0,0.0,0.0,0.0,0.16666666666666666,0.0,0.0,0.0,0.0,0.02702702702702703,0.0
SOMERSET-BRIDGEWATER TWP,0.1640625,0.4,0.29464285714285715,0.15789473684210525,0.2588235294117647,0.045454545454545456,0.23529411764705882,0.0,0.13636363636363635,0.19047619047619047,0.1111111111111111,0.35135135135135137,0.5714285714285714,0.0,0.1935483870967742,0.0,0.0,0.11764705882352941,0.42857142857142855,0.08333333333333333,0.13333333333333333,0.0,0.13333333333333333,0.41666666666666663,0.0,0.0,0.2222222222222222,0.3333333333333333,0.0,0.13432835820895522,0.5,0.0,0.0,0.2,0.0,0.36,0.32608695652173914,0.0,0.0,0.2222222222222222,0.0,0.07920792079207921,0.0,0.25,0.0,0.05555555555555555,0.24848484848484848,0.6000000000000001,0.0,0.2,0.2532467532467533,0.0,0.25,0.09090909090909091,0.0,0.0,0.3125,0.223463687150838,0.0,0.0,0.0,0.0,0.25,0.17391304347826086,0.0,0.0,0.0,0.0,0.0,0.0,0.0,0.0,0.2840909090909091,0.0,0.25,0.375,0.3125,0.04477611940298507,0.2857142857142857,1.0,0.24539877300613497,0.125,0.0,0.5,0.058823529411764705,0.0,0.0,0.0,0.0,0.0,0.0,0.0,0.25,0.2,0.625,0.017543859649122806,0.22988505747126436,0.0,0.0,0.23204419889502761,0.6666666666666666,0.0,0.0,0.3333333333333333,0.0,0.0,0.0,0.0,0.0,0.0,0.0,0.0,0.058394160583941604,0.0,0.0,0.0,0.2727272727272727,0.0,0.17857142857142855,0.2222222222222222,0.0,0.0,0.4583333333333333,0.0,0.0,0.45,0.0,0.16666666666666666,0.0,0.0,0.4444444444444444,0.4444444444444444,0.0,0.0,0.0,0.0,0.0,0.0,0.0,0.6666666666666666,0.12698412698412698,0.0,0.0,0.22535211267605634,0.0,0.25,0.0,0.0,0.0,0.0,0.0,0.0,0.0,0.0,0.0,0.0,0.0,0.0,0.0,0.0,0.0,0.0,0.0,0.0,0.3333333333333333,0.0,0.0,0.0,0.3333333333333333,0.0,0.0,0.0,0.0,0.23783783783783785,0.0
SOMERSET-FAR HILLS BORO,0.015625,0.016666666666666666,0.026785714285714284,0.0,0.01764705882352941,0.0,0.010695187165775399,0.0,0.0,0.015873015873015872,0.0,0.05405405405405406,0.0,0.0,0.0,0.0,0.0,0.0,0.14285714285714285,0.0,0.0,0.0,0.0,0.0,0.0,0.0,0.0,0.027777777777777776,0.0,0.0,0.0,0.0,0.0,0.1,0.0,0.08,0.0,0.0,0.0,0.018518518518518517,0.0,0.0,0.0,0.0,0.0,0.0,0.01818181818181818,0.0,0.0,0.05,0.012987012987012988,0.0,0.0,0.0,0.0,0.0,0.0,0.01675977653631285,0.0,0.0,0.0,0.0,0.012195121951219513,0.0,0.0,0.25,0.0,0.0,0.0,0.0,0.0,0.0,0.022727272727272728,0.0,0.0,0.0,0.0625,0.0,0.0,0.0,0.012269938650306749,0.0,0.5,0.0,0.0,0.0,0.0,0.0,0.0,0.0,0.0,0.0,0.025,0.0,0.0625,0.0,0.011494252873563218,0.0,0.0,0.016574585635359115,0.0,0.0,0.0,0.0,0.0,0.0,0.0,0.0,0.0,0.0,0.0,0.0,0.0,0.0,0.0,0.0,0.0,0.0,0.03571428571428571,0.0,0.0,0.0,0.0,0.0,0.0,0.1,0.0,0.0,0.0,0.0,0.0,0.0,0.1111111111111111,0.0,0.0,0.0,0.0,0.0,0.0,0.0,0.0,0.0,0.0,0.014084507042253521,0.0,0.0,0.0,0.0,0.0,0.0,0.0,0.0,0.0,0.0,0.0,0.0,0.0,0.0,0.0,0.0,0.0,0.0,0.0,0.0,0.0,0.0,0.0,0.0,0.16666666666666666,0.0,0.0,0.0,0.0,0.010810810810810811,0.0
SOMERSET-FRANKLIN TWP,0.1875,0.3833333333333333,0.3125,0.15789473684210525,0.2411764705882353,0.2727272727272727,0.24598930481283424,0.0,0.12121212121212122,0.15873015873015872,0.2222222222222222,0.4594594594594595,0.7142857142857142,0.3333333333333333,0.12903225806451613,0.0,0.0,0.11764705882352941,0.0,0.3333333333333333,0.2,0.0,0.06666666666666667,0.08333333333333333,0.0,0.0,0.3333333333333333,0.1388888888888889,0.3333333333333333,0.11940298507462686,0.625,0.0,0.0,1.0,0.0,0.04,0.0,0.0,0.0,0.38888888888888884,0.0,0.24752475247524752,0.0,0.0,0.0,0.38888888888888884,0.23030303030303031,0.0,0.4,0.15000000000000002,0.25974025974025977,0.125,0.5,0.0,1.0,0.0,0.0,0.26256983240223464,0.0,0.0,0.0,0.0,0.24390243902439024,0.13043478260869565,0.3333333333333333,0.5,0.0,0.0,0.0,0.0,1.0,0.0,0.34090909090909094,0.6000000000000001,0.0,0.0,0.125,0.029850746268656716,0.3571428571428571,0.0,0.2392638036809816,0.0,0.5,0.5,0.3529411764705882,0.0,0.0,0.0,0.0,0.0,0.0,0.0,0.05,0.15000000000000002,0.0,0.0,0.48275862068965514,0.0,0.0,0.24861878453038672,0.6666666666666666,0.0,0.0,0.0,0.0,0.0,0.0,0.0,0.0,0.0,0.0,0.0,0.043795620437956206,0.0,0.0,0.375,0.18181818181818182,0.0,0.7142857142857142,0.4074074074074074,0.0,0.0425531914893617,0.0,0.0,0.0,0.05,0.0,0.16666666666666666,0.0,0.0,0.2222222222222222,0.0,1.0,0.0,0.0,0.0,0.0,0.0,0.0,0.6666666666666666,0.12698412698412698,0.0,0.3333333333333333,0.2112676056338028,0.0,0.25,1.0,0.0,0.0,0.0,0.0,0.0,0.0,0.0,0.0,0.0,0.0,0.0,0.0,0.0,0.14285714285714285,0.0,0.0,0.0,0.0,0.0,0.5,0.0,0.16666666666666666,0.3333333333333333,0.0,0.0,0.0,0.24864864864864866,0.0
SOMERSET-GREEN BROOK TWP,0.0234375,0.05,0.017857142857142856,0.05263157894736842,0.03529411764705882,0.0,0.0267379679144385,0.0,0.0,0.031746031746031744,0.0,0.05405405405405406,0.0,0.0,0.06451612903225806,0.0,0.0,0.11764705882352941,0.0,0.08333333333333333,0.0,0.0,0.0,0.0,0.0,0.0,0.0,0.05555555555555555,0.0,0.0,0.0,0.0,0.0,0.0,0.0,0.0,0.08695652173913043,0.0,0.0,0.018518518518518517,0.0,0.009900990099009901,0.0,0.0,0.0,0.0,0.030303030303030304,0.2,0.0,0.0,0.03246753246753247,0.125,0.0,0.0,0.0,0.0,0.0,0.0335195530726257,0.0,0.0,0.0,0.0,0.03048780487804878,0.043478260869565216,0.0,0.0,0.0,0.0,0.0,0.0,0.0,0.0,0.022727272727272728,0.0,0.0,0.0,0.0625,0.04477611940298507,0.0,0.0,0.03067484662576687,0.0,0.0,0.0,0.058823529411764705,0.0,0.0,0.0,0.0,0.0,0.0,0.0,0.1,0.0,0.0,0.0,0.022988505747126436,0.0,0.0,0.03314917127071823,0.0,0.0,0.0,0.0,0.0,0.0,0.0,0.0,0.0,0.0,0.0,0.0,0.0072992700729927005,0.0,0.0,0.0,0.0,0.0,0.03571428571428571,0.0,0.0,0.0,0.16666666666666666,0.0,0.0,0.0,0.0,0.0,0.0,0.0,0.0,0.0,0.0,0.0,0.0,0.0,0.0,0.0,1.0,0.0,0.0,0.0,0.0,0.056338028169014086,0.0,0.0,0.0,0.0,0.0,0.0,0.0,0.0,0.0,0.0,0.25,0.0,0.0,0.0,0.0,0.0,0.0,0.0,0.0,0.0,0.0,0.0,0.0,0.0,0.0,0.0,0.0,0.0,0.0,0.02702702702702703,0.0
SOMERSET-HILLSBOROUGH TWP,0.1015625,0.13333333333333333,0.13392857142857142,0.07894736842105263,0.11176470588235293,0.09090909090909091,0.10695187165775401,0.0,0.045454545454545456,0.07936507936507936,0.1111111111111111,0.32432432432432434,0.0,0.0,0.0,0.0,0.0,0.0,0.0,0.08333333333333333,0.26666666666666666,0.0,0.0,0.16666666666666666,0.0,0.0,0.0,0.19444444444444442,0.0,0.04477611940298507,0.0,0.0,0.0,0.30000000000000004,0.0,0.0,0.08695652173913043,0.0,0.0,0.12962962962962962,0.0,0.09900990099009901,0.0,0.0,0.0,0.4444444444444444,0.07878787878787878,0.0,0.0,0.15000000000000002,0.1168831168831169,0.0,0.0,0.0,0.0,0.0,0.0,0.11731843575418995,0.0,0.0,0.0,0.0,0.08536585365853659,0.13043478260869565,0.6666666666666666,0.25,0.0,1.0,0.0,0.0,0.0,0.0,0.14772727272727273,0.2,0.25,0.125,0.1875,0.029850746268656716,0.0,0.0,0.10429447852760737,0.125,1.0,0.0,0.0,0.0,0.0,0.0,0.0,0.0,0.0,0.0,0.0,0.05,0.0,0.017543859649122806,0.21839080459770116,0.0,0.0,0.11602209944751381,0.0,0.0,0.0,0.0,0.0,0.0,0.0,0.0,0.0,0.0,0.0,0.0,0.0072992700729927005,0.0,0.0,0.0,0.13636363636363635,0.0,0.2857142857142857,0.3333333333333333,0.0,0.0,0.0,0.0,0.0,0.0,0.0,0.0,0.0,0.0,0.4444444444444444,0.1111111111111111,0.5555555555555556,0.0,0.0,0.0,0.0,0.0,0.0,0.0,0.047619047619047616,0.0,0.0,0.08450704225352113,0.0,0.0,0.0,0.0,0.0,0.0,0.0,0.0,0.0,0.0,0.0,0.0,0.0,0.0,0.3333333333333333,0.0,0.0,0.0,0.0,0.0,0.0,0.0,0.0,0.0,0.16666666666666666,0.0,0.0,0.0,0.0,0.10270270270270271,0.3333333333333333
SOMERSET-MANVILLE BORO,0.0234375,0.05,0.03571428571428571,0.02631578947368421,0.023529411764705882,0.09090909090909091,0.0267379679144385,0.0,0.045454545454545456,0.031746031746031744,0.0,0.0,0.0,0.0,0.03225806451612903,0.0,0.0,0.0,0.0,0.0,0.0,0.0,0.0,0.0,0.0,0.0,0.0,0.027777777777777776,0.0,0.07462686567164178,0.0,0.0,0.0,0.0,0.0,0.0,0.0,0.0,0.0,0.05555555555555555,0.0,0.0297029702970297,0.0,0.0,0.0,0.05555555555555555,0.024242424242424242,0.0,0.2,0.0,0.03246753246753247,0.125,0.0,0.0,0.0,0.0,0.0,0.0335195530726257,0.0,0.0,0.0,0.0,0.024390243902439025,0.08695652173913043,0.0,0.0,0.0,0.0,0.0,0.0,0.0,0.0,0.022727272727272728,0.0,0.0,0.0,0.0,0.05970149253731343,0.0,0.0,0.024539877300613498,0.125,0.0,0.0,0.0,0.0,0.0,0.0,0.0,0.0,0.0,0.0,0.0,0.05,0.0,0.017543859649122806,0.04597701149425287,0.0,0.0,0.03314917127071823,0.0,0.0,0.0,0.0,0.0,0.0,0.0,0.0,0.0,0.0,0.0,0.0,0.029197080291970802,0.0,0.0,0.0,0.09090909090909091,0.0,0.0,0.0,0.0,0.0,0.0,0.0,0.0,0.0,0.0,0.0,0.0,0.0,0.0,0.0,0.0,0.0,0.0,0.0,0.0,0.0,0.0,0.0,0.06349206349206349,0.0,0.0,0.014084507042253521,0.0,0.0,0.0,0.0,0.0,0.0,0.0,0.0,0.0,0.0,0.0,0.0,0.0,0.0,0.0,0.0,0.0,0.0,0.0,0.0,0.08333333333333333,0.0,0.0,0.0,0.0,0.0,0.0,0.0,0.0,0.02702702702702703,0.0
SOMERSET-MONTGOMERY TWP,0.046875,0.1,0.07142857142857142,0.05263157894736842,0.06470588235294117,0.045454545454545456,0.0588235294117647,0.0,0.0,0.0,0.2222222222222222,0.1891891891891892,0.0,1.0,0.0,0.0,0.0,0.058823529411764705,0.0,0.16666666666666666,0.0,0.0,0.0,0.0,0.0,0.0,0.1111111111111111,0.05555555555555555,1.0,0.0,0.0,0.0,0.0,0.1,0.0,0.0,0.06521739130434782,0.0,0.0,0.1111111111111111,0.0,0.0297029702970297,0.0,0.0,0.0,0.1111111111111111,0.04242424242424243,0.4,0.2,0.0,0.06493506493506494,0.25,0.0,0.0,0.0,0.0,0.0,0.0670391061452514,0.0,0.0,0.0,0.0,0.04878048780487805,0.13043478260869565,0.3333333333333333,0.0,0.0,0.0,0.0,0.0,0.0,0.0,0.06818181818181818,0.0,0.0,0.0,0.3125,0.0,0.03571428571428571,0.0,0.04294478527607362,0.0,0.0,0.0,0.23529411764705882,0.3333333333333333,0.0,0.0,0.0,0.0,0.0,0.0,0.0,0.0,0.0,0.0,0.13793103448275862,0.0,0.0,0.06077348066298342,0.3333333333333333,0.0,0.0,0.0,0.0,0.0,0.0,0.0,0.0,0.0,0.0,0.0,0.0,0.0,0.0,0.0,0.13636363636363635,0.0,0.0,0.18518518518518517,0.0,0.0851063829787234,0.0,0.0,0.0,0.0,0.0,0.16666666666666666,0.0,0.0,0.0,0.0,0.1111111111111111,0.0,0.0,0.0,0.0,0.0,0.0,0.0,0.0,0.0,1.0,0.07042253521126761,0.0,0.0,0.0,0.0,0.0,0.0,0.0,0.0,0.0,0.0,0.0,0.0,0.0,0.0,0.3333333333333333,0.0,0.14285714285714285,0.0,0.0,0.0,0.0,0.0,0.0,0.0,0.0,0.0,0.0,0.0,0.0,0.05945945945945946,0.0