location,severity_rating5_4,severity_rating5_5,intersection_N,intersection_Y,alcohol_involved_N,alcohol_involved_Y,hazmat_involved_N,hazmat_involved_Y,hs_collision_type_1,hs_collision_type_2,hs_collision_type_3,hs_collision_type_4,hs_collision_type_5,hs_collision_type_6,hs_collision_type_7,hs_collision_type_8,hs_collision_type_9,crash_type_1.0,crash_type_2.0,crash_type_3.0,crash_type_4.0,crash_type_5.0,crash_type_6.0,crash_type_7.0,crash_type_8.0,crash_type_9.0,crash_type_10.0,crash_type_11.0,crash_type_12.0,crash_type_13.0,crash_type_14.0,crash_type_15.0,crash_type_16.0,crash_type_99.0,road_sys_code_0,road_sys_code_1,road_sys_code_2,road_sys_code_3,road_sys_code_4,road_sys_code_5,road_sys_code_6,road_sys_code_7,road_sys_code_8,road_sys_code_9,road_sys_code_10,road_horiz_align_code_0.0,road_horiz_align_code_1.0,road_horiz_align_code_2.0,road_horiz_align_code_3.0,road_grade_code_0.0,road_grade_code_4.0,road_grade_code_5.0,road_grade_code_6.0,road_grade_code_7.0,road_grade_code_8.0,road_surf_code_0.0,road_surf_code_1.0,road_surf_code_2.0,road_surf_code_3.0,road_surf_code_5.0,road_surf_code_99.0,surf_cond_code_0.0,surf_cond_code_1.0,surf_cond_code_2.0,surf_cond_code_3.0,surf_cond_code_4.0,surf_cond_code_5.0,surf_cond_code_6.0,surf_cond_code_7.0,surf_cond_code_9.0,surf_cond_code_99.0,light_cond_code_0.0,light_cond_code_1.0,light_cond_code_2.0,light_cond_code_3.0,light_cond_code_4.0,light_cond_code_5.0,light_cond_code_6.0,light_cond_code_7.0,environ_cond_code_0.0,environ_cond_code_1.0,environ_cond_code_2.0,environ_cond_code_3.0,environ_cond_code_4.0,environ_cond_code_5.0,environ_cond_code_6.0,environ_cond_code_7.0,environ_cond_code_8.0,environ_cond_code_9.0,environ_cond_code_10.0,environ_cond_code_99.0,road_median_code_0.0,road_median_code_1.0,road_median_code_2.0,road_median_code_3.0,road_median_code_4.0,road_median_code_5.0,road_median_code_99.0,temp_traffic_zone_0.0,temp_traffic_zone_1.0,temp_traffic_zone_2.0,temp_traffic_zone_3.0,temp_traffic_zone_4.0,temp_traffic_zone_5.0,posted_speed_0.0,posted_speed_2.0,posted_speed_3.0,posted_speed_4.0,posted_speed_5.0,posted_speed_10.0,posted_speed_15.0,posted_speed_20.0,posted_speed_25.0,posted_speed_26.0,posted_speed_28.0,posted_speed_30.0,posted_speed_35.0,posted_speed_36.0,posted_speed_40.0,posted_speed_45.0,posted_speed_47.0,posted_speed_50.0,posted_speed_55.0,posted_speed_56.0,posted_speed_60.0,posted_speed_65.0,first_harmful_event_0.0,first_harmful_event_1.0,first_harmful_event_2.0,first_harmful_event_3.0,first_harmful_event_5.0,first_harmful_event_6.0,first_harmful_event_7.0,first_harmful_event_9.0,first_harmful_event_11.0,first_harmful_event_12.0,first_harmful_event_13.0,first_harmful_event_14.0,first_harmful_event_19.0,first_harmful_event_21.0,first_harmful_event_22.0,first_harmful_event_23.0,first_harmful_event_24.0,first_harmful_event_26.0,first_harmful_event_27.0,first_harmful_event_28.0,first_harmful_event_29.0,first_harmful_event_30.0,first_harmful_event_39.0,first_harmful_event_41.0,first_harmful_event_42.0,first_harmful_event_43.0,first_harmful_event_44.0,first_harmful_event_45.0,first_harmful_event_46.0,first_harmful_event_47.0,first_harmful_event_48.0,first_harmful_event_49.0,first_harmful_event_50.0,first_harmful_event_51.0,first_harmful_event_52.0,first_harmful_event_53.0,first_harmful_event_54.0,first_harmful_event_55.0,first_harmful_event_56.0,first_harmful_event_57.0,first_harmful_event_58.0,first_harmful_event_59.0,first_harmful_event_60.0,first_harmful_event_61.0,first_harmful_event_62.0,first_harmful_event_69.0,first_harmful_event_99.0,flg_cell_in_use_N,flg_cell_in_use_Y
SUSSEX-WANTAGE TWP,0.0625,0.03333333333333333,0.07142857142857142,0.02631578947368421,0.029411764705882353,0.2272727272727273,0.0481283422459893,0.0,0.0,0.015873015873015872,0.0,0.1891891891891892,0.0,0.0,0.06451612903225806,0.0,0.0,0.0,0.14285714285714285,0.0,0.13333333333333333,0.0,0.0,0.0,0.0,0.0,0.1111111111111111,0.08333333333333333,0.0,0.0,0.0,0.0,0.0,0.30000000000000004,0.0,0.0,0.08695652173913043,0.0,0.0,0.1111111111111111,0.0,0.0,0.0,0.0,0.0,0.1111111111111111,0.01818181818181818,0.4,0.6000000000000001,0.15000000000000002,0.01948051948051948,0.25,0.5,0.0,0.0,0.0,0.0,0.0558659217877095,0.0,0.0,0.0,0.0,0.042682926829268296,0.08695652173913043,0.3333333333333333,0.0,0.0,0.0,0.0,0.0,0.0,0.0,0.05681818181818182,0.0,0.0,0.0,0.25,0.014925373134328358,0.0,0.0,0.049079754601226995,0.0,0.5,0.0,0.058823529411764705,0.0,0.0,0.0,0.0,0.0,0.0,0.0,0.0,0.0,0.0,0.017543859649122806,0.10344827586206896,0.0,0.0,0.049723756906077346,0.3333333333333333,0.0,0.0,0.0,0.0,0.0,0.0,0.0,0.0,0.0,0.0,0.0,0.0,0.0,0.0,0.0,0.045454545454545456,0.0,0.07142857142857142,0.2222222222222222,0.0,0.02127659574468085,0.0,0.0,0.0,0.0,0.0,0.16666666666666666,0.0,0.0,0.0,0.0,0.3333333333333333,0.0,0.0,0.0,0.0,0.0,0.0,0.0,0.0,0.0,0.0,0.04225352112676056,0.0,0.0,0.0,0.0,0.0,0.0,0.0,0.0,0.0,0.0,0.25,0.0,0.0,0.0,0.0,0.0,0.14285714285714285,0.0,0.0,0.0,0.0,0.0,0.5,0.0,0.0,0.0,0.0,0.0,0.0,0.04864864864864865,0.0
UNION-BERKELEY HEIGHTS TWP,0.0390625,0.05,0.07142857142857142,0.0,0.041176470588235294,0.045454545454545456,0.0374331550802139,0.0,0.0,0.047619047619047616,0.0,0.08108108108108109,0.0,0.0,0.06451612903225806,0.0,0.0,0.11764705882352941,0.0,0.0,0.0,0.0,0.06666666666666667,0.0,0.0,0.0,0.0,0.1111111111111111,0.0,0.0,0.0,0.0,0.0,0.1,0.0,0.24,0.0,0.0,0.0,0.037037037037037035,0.0,0.0,0.0,0.0,0.0,0.0,0.03636363636363636,0.4,0.0,0.15000000000000002,0.012987012987012988,0.375,0.0,0.0,0.0,0.0,0.0,0.0446927374301676,0.0,0.0,0.0,0.0,0.042682926829268296,0.043478260869565216,0.0,0.0,0.0,0.0,0.0,0.0,0.0,0.0,0.045454545454545456,0.0,0.0,0.0,0.125,0.029850746268656716,0.0,0.0,0.04294478527607362,0.0,0.0,0.0,0.058823529411764705,0.0,0.0,0.0,0.0,0.0,0.0,0.0,0.15000000000000002,0.0,0.0,0.0,0.022988505747126436,0.0,0.0,0.04419889502762431,0.0,0.0,0.0,0.0,0.0,0.0,0.0,0.0,0.0,0.0,0.0,0.0,0.0,0.0,0.0,0.0,0.09090909090909091,0.0,0.0,0.0,0.0,0.0,0.041666666666666664,0.0,0.0,0.25,0.0,0.0,0.0,0.0,0.0,0.1111111111111111,0.0,0.0,0.0,0.0,0.0,0.0,0.0,0.0,0.0,0.0,0.0,0.04225352112676056,0.0,0.0,0.0,0.0,0.0,0.0,0.0,0.0,0.0,0.0,0.25,0.0,0.125,0.0,0.0,0.0,0.0,0.0,0.0,0.0,0.0,0.0,0.0,0.0,0.16666666666666666,0.3333333333333333,0.0,0.0,0.0,0.03783783783783784,0.0
UNION-CLARK TWP,0.1015625,0.016666666666666666,0.09821428571428571,0.039473684210526314,0.06470588235294117,0.13636363636363635,0.06951871657754011,0.0,0.0,0.15873015873015872,0.0,0.08108108108108109,0.0,0.0,0.03225806451612903,0.0,0.0,0.11764705882352941,0.2857142857142857,0.08333333333333333,0.0,0.3333333333333333,0.06666666666666667,0.0,0.0,0.0,0.1111111111111111,0.05555555555555555,0.0,0.04477611940298507,0.0,0.0,0.0,0.0,0.0,0.0,0.0,0.13793103448275862,0.0,0.14814814814814814,0.0,0.019801980198019802,0.0,0.0,0.0,0.0,0.07878787878787878,0.0,0.2,0.05,0.08441558441558442,0.0,0.0,0.0,0.0,0.0,0.0625,0.07262569832402235,0.0,0.0,0.0,0.0,0.04878048780487805,0.2608695652173913,0.0,0.0,0.0,0.0,0.0,0.0,0.0,0.0,0.045454545454545456,0.0,0.0,0.125,0.0625,0.1044776119402985,0.03571428571428571,0.0,0.049079754601226995,0.3125,0.0,0.5,0.0,0.0,0.0,0.0,0.0,0.0,0.0,0.0,0.1,0.0,0.0,0.10526315789473684,0.04597701149425287,0.0,0.0,0.0718232044198895,0.3333333333333333,0.0,0.0,0.0,0.0,0.0,0.0,0.0,0.0,0.0,0.0,0.0,0.051094890510948905,0.0,0.0,0.0,0.13636363636363635,0.0,0.0,0.037037037037037035,0.0,0.0,0.125,0.0,0.0,0.0,0.0,0.16666666666666666,0.0,0.0,0.1111111111111111,0.0,0.0,0.0,0.0,0.0,0.0,0.0,0.0,0.0,0.015873015873015872,0.0,0.0,0.1267605633802817,0.0,0.125,0.0,0.0,0.0,0.0,0.0,0.0,0.0,0.0,0.0,0.0,0.0,0.0,0.0,0.0,0.0,0.0,0.0,0.0,0.0,0.0,0.0,0.0,0.16666666666666666,0.0,0.0,0.0,0.0,0.07027027027027027,0.0
UNION-CRANFORD TWP,0.09375,0.1,0.10714285714285714,0.07894736842105263,0.08823529411764705,0.13636363636363635,0.09090909090909091,0.0,0.030303030303030304,0.12698412698412698,0.1111111111111111,0.10810810810810811,0.14285714285714285,0.0,0.06451612903225806,0.0,0.0,0.058823529411764705,0.0,0.125,0.0,0.0,0.06666666666666667,0.08333333333333333,0.0,0.0,0.2222222222222222,0.1111111111111111,0.0,0.05970149253731343,0.125,0.0,0.0,0.1,0.0,0.0,0.021739130434782608,0.10344827586206896,0.0,0.12962962962962962,0.0,0.06930693069306931,0.0,0.0,0.0,0.05555555555555555,0.09696969696969697,0.2,0.0,0.1,0.09740259740259741,0.125,0.0,0.0,0.0,0.0,0.0,0.1005586592178771,0.0,0.0,0.0,0.0,0.09146341463414634,0.13043478260869565,0.0,0.0,0.0,0.0,0.0,0.0,0.0,0.0,0.06818181818181818,0.0,0.5,0.0,0.125,0.07462686567164178,0.10714285714285714,0.0,0.09202453987730061,0.0625,0.0,0.0,0.11764705882352941,0.0,0.0,0.0,0.0,0.0,0.0,0.0,0.07500000000000001,0.05,0.0,0.0,0.16091954022988506,0.0,0.0,0.09944751381215469,0.0,0.0,0.0,0.0,0.0,0.0,0.0,0.0,0.0,0.0,0.0,0.0,0.08029197080291971,0.0,0.0,0.125,0.13636363636363635,0.0,0.0,0.0,0.0,0.0,0.125,0.0,0.0,0.0,0.0,0.0,0.0,0.0,0.1111111111111111,0.1111111111111111,0.0,0.0,0.5,0.0,0.0,0.0,0.0,0.16666666666666666,0.047619047619047616,0.0,0.0,0.08450704225352113,0.0,0.125,0.0,0.0,0.0,0.0,0.0,0.0,0.0,0.0,0.0,0.0,0.0,0.0,0.0,0.0,0.0,0.0,0.0,0.0,0.0,0.0,0.0,0.25,0.3333333333333333,0.0,0.0,0.0,1.0,0.0918918918918919,0.0
UNION-ELIZABETH CITY,0.2734375,0.2833333333333333,0.24107142857142855,0.3289473684210526,0.2823529411764706,0.18181818181818182,0.2727272727272727,0.0,0.18181818181818182,0.4126984126984127,0.2222222222222222,0.13513513513513514,0.14285714285714285,0.0,0.1935483870967742,0.0,0.0,0.47058823529411764,0.7142857142857142,0.41666666666666663,0.06666666666666667,0.3333333333333333,0.06666666666666667,0.0,0.0,0.0,0.1111111111111111,0.1388888888888889,0.0,0.26865671641791045,0.125,0.0,0.0,0.1,0.0,0.0,0.5869565217391304,0.3103448275862069,0.0,0.09259259259259259,0.0,0.10891089108910891,0.0,0.0,0.0,0.16666666666666666,0.2909090909090909,0.0,0.2,0.0,0.3246753246753247,0.0,0.5,0.0,0.0,0.0,0.0625,0.27932960893854747,0.5,0.0,0.0,0.0,0.2621951219512195,0.34782608695652173,0.0,0.0,0.0,1.0,0.0,0.0,0.0,0.0,0.25,0.0,0.5,0.0,0.125,0.3582089552238806,0.07142857142857142,0.0,0.26993865030674846,0.25,0.5,0.5,0.11764705882352941,0.0,0.0,0.0,0.0,0.0,0.0,0.0,0.42500000000000004,0.05,0.125,0.19298245614035087,0.24137931034482757,0.0,0.0,0.287292817679558,0.0,0.0,0.0,0.0,0.0,0.0,0.0,0.0,0.0,0.0,0.0,0.0,0.1897810218978102,1.0,0.0,0.0,0.13636363636363635,0.0,0.25,0.2222222222222222,0.0,0.0,0.375,0.0,0.0,0.0,0.0,0.16666666666666666,0.0,0.0,0.2222222222222222,0.0,0.0,0.0,0.0,0.0,0.0,0.0,0.0,0.16666666666666666,0.23809523809523808,0.0,0.0,0.3943661971830986,0.0,0.125,0.0,0.0,0.0,0.0,0.0,0.0,0.0,0.0,0.0,0.0,0.125,0.0,0.0,0.0,0.0,0.0,1.0,0.0,0.0,0.0,0.0,0.0,0.16666666666666666,0.0,0.0,0.0,0.0,0.2756756756756757,0.0
UNION-GARWOOD BORO,0.0078125,0.0,0.008928571428571428,0.0,0.0058823529411764705,0.0,0.0,0.0,0.0,0.015873015873015872,0.0,0.0,0.0,0.0,0.0,0.0,0.0,0.0,0.0,0.0,0.06666666666666667,0.0,0.0,0.0,0.0,0.0,0.0,0.0,0.0,0.0,0.0,0.0,0.0,0.0,0.0,0.0,0.021739130434782608,0.0,0.0,0.0,0.0,0.0,0.0,0.0,0.0,0.05555555555555555,0.0,0.0,0.0,0.0,0.006493506493506494,0.0,0.0,0.0,0.0,0.0,0.0,0.00558659217877095,0.0,0.0,0.0,0.0,0.006097560975609756,0.0,0.0,0.0,0.0,0.0,0.0,0.0,0.0,0.0,0.011363636363636364,0.0,0.0,0.0,0.0,0.0,0.0,0.0,0.006134969325153374,0.0,0.0,0.0,0.0,0.0,0.0,0.0,0.0,0.0,0.0,0.0,0.0,0.0,0.0,0.0,0.011494252873563218,0.0,0.0,0.0055248618784530384,0.0,0.0,0.0,0.0,0.0,0.0,0.0,0.0,0.0,0.0,0.0,0.0,0.0,0.0,0.0,0.0,0.045454545454545456,0.0,0.0,0.0,0.0,0.0,0.0,0.0,0.0,0.0,0.0,0.0,0.0,0.0,0.0,0.0,0.0,0.0,0.0,0.0,0.0,0.0,0.0,0.0,0.0,0.0,0.0,0.014084507042253521,0.0,0.0,0.0,0.0,0.0,0.0,0.0,0.0,0.0,0.0,0.0,0.0,0.0,0.0,0.0,0.0,0.0,0.0,0.0,0.0,0.0,0.0,0.0,0.0,0.0,0.0,0.0,0.0,0.0,0.0,0.0
UNION-HILLSIDE TWP,0.15625,0.05,0.1607142857142857,0.06578947368421052,0.11176470588235293,0.18181818181818182,0.11764705882352941,0.0,0.015151515151515152,0.19047619047619047,0.0,0.05405405405405406,0.0,0.0,0.25806451612903225,0.0,0.0,0.3529411764705882,0.2857142857142857,0.041666666666666664,0.06666666666666667,0.0,0.13333333333333333,0.0,0.0,0.0,0.0,0.25,0.0,0.014925373134328358,0.125,0.0,0.0,0.0,0.0,0.16,0.17391304347826086,0.20689655172413793,0.0,0.037037037037037035,0.0,0.0297029702970297,0.0,0.0,0.0,0.1111111111111111,0.10909090909090909,0.2,0.4,0.0,0.13636363636363638,0.125,0.0,0.09090909090909091,0.0,0.0,0.0625,0.1229050279329609,0.0,0.0,0.0,0.0,0.11585365853658537,0.13043478260869565,0.3333333333333333,0.0,0.0,0.0,0.0,0.0,0.0,0.0,0.125,0.0,0.0,0.0,0.1875,0.11940298507462686,0.03571428571428571,0.0,0.11656441717791412,0.125,0.0,0.0,0.11764705882352941,0.0,0.0,0.0,0.0,0.0,0.0,0.0,0.4,0.05,0.0,0.05263157894736842,0.034482758620689655,0.0,0.0,0.1270718232044199,0.0,0.0,0.0,0.0,0.0,0.0,0.0,0.0,0.3333333333333333,0.0,0.0,0.0,0.029197080291970802,0.0,0.0,0.0,0.13636363636363635,0.0,0.0,0.18518518518518517,0.0,0.0,0.16666666666666666,0.0,0.0,0.30000000000000004,0.0,0.0,0.0,0.0,0.0,0.1111111111111111,0.0,0.0,0.0,0.0,0.0,0.0,0.0,0.16666666666666666,0.0,0.0,0.0,0.15492957746478875,0.0,0.125,0.0,0.0,0.0,0.0,0.0,0.0,0.0,0.0,0.0,0.0,0.125,0.0,0.0,0.0,0.14285714285714285,0.0,0.5,0.0,0.3333333333333333,0.0,0.0,0.0,0.16666666666666666,0.0,0.0,0.0,1.0,0.11891891891891893,0.0
UNION-KENILWORTH BORO,0.046875,0.016666666666666666,0.05357142857142857,0.013157894736842105,0.023529411764705882,0.13636363636363635,0.0320855614973262,0.0,0.0,0.06349206349206349,0.0,0.02702702702702703,0.14285714285714285,0.0,0.03225806451612903,0.0,0.0,0.0,0.0,0.0,0.06666666666666667,0.0,0.13333333333333333,0.0,0.0,0.0,0.0,0.027777777777777776,0.0,0.014925373134328358,0.25,0.0,0.0,0.0,0.0,0.0,0.0,0.0,0.0,0.07407407407407407,0.0,0.019801980198019802,0.0,0.25,0.0,0.05555555555555555,0.030303030303030304,0.2,0.0,0.15000000000000002,0.025974025974025976,0.0,0.0,0.0,0.0,0.0,0.0,0.03910614525139665,0.0,0.0,0.0,0.0,0.03658536585365854,0.043478260869565216,0.0,0.0,0.0,0.0,0.0,0.0,0.0,0.0,0.06818181818181818,0.0,0.0,0.0,0.0625,0.0,0.0,0.0,0.03680981595092025,0.0625,0.0,0.0,0.0,0.0,0.0,0.0,0.0,0.0,0.0,0.0,0.0,0.0,0.0,0.05263157894736842,0.04597701149425287,0.0,0.0,0.03867403314917127,0.0,0.0,0.0,0.0,0.0,0.0,0.0,0.0,0.0,0.0,0.3333333333333333,0.0,0.043795620437956206,0.0,0.0,0.0,0.0,0.0,0.0,0.0,0.0,0.0,0.0,0.0,0.0,0.0,0.0,0.0,0.0,0.0,0.0,0.0,0.0,0.0,0.0,0.0,0.0,1.0,0.0,0.16666666666666666,0.0,0.0,0.0,0.028169014084507043,0.0,0.25,0.0,0.0,0.0,0.0,0.0,0.0,0.0,0.0,0.0,0.0,0.0,0.0,0.0,0.0,0.0,0.0,0.0,0.0,0.0,0.0,0.0,0.0,0.0,0.0,0.0,0.25,0.0,0.032432432432432434,0.0
UNION-LINDEN CITY,0.1875,0.45,0.27678571428571425,0.2631578947368421,0.2411764705882353,0.4545454545454546,0.267379679144385,0.0,0.13636363636363635,0.4444444444444444,0.1111111111111111,0.08108108108108109,0.0,0.0,0.3225806451612903,0.0,0.0,0.6470588235294118,0.2857142857142857,0.29166666666666663,0.2,0.0,0.13333333333333333,0.16666666666666666,0.0,0.0,0.0,0.3055555555555555,0.0,0.19402985074626866,0.0,0.0,0.0,0.0,0.0,0.0,0.3695652173913043,0.41379310344827586,0.0,0.2962962962962963,0.0,0.04950495049504951,0.0,0.25,0.0,0.1111111111111111,0.296969696969697,0.0,0.0,0.1,0.30519480519480524,0.125,0.25,0.0,0.0,0.0,0.25,0.2569832402234637,0.0,0.3333333333333333,0.0,0.0,0.2621951219512195,0.34782608695652173,0.0,0.0,0.0,0.0,0.0,0.0,0.0,0.0,0.25,0.2,0.5,0.125,0.25,0.1791044776119403,0.3214285714285714,0.0,0.27607361963190186,0.25,0.0,0.0,0.11764705882352941,0.0,0.0,0.0,0.0,0.0,0.0,0.0,0.35000000000000003,0.35000000000000003,0.0625,0.017543859649122806,0.3218390804597701,0.0,0.0,0.2762430939226519,0.3333333333333333,0.0,0.0,0.0,0.0,0.0,0.0,0.0,0.0,0.0,0.3333333333333333,0.0,0.11678832116788321,0.0,0.0,0.125,0.5454545454545454,0.0,0.17857142857142855,0.14814814814814814,0.0,0.0,0.41666666666666663,0.0,0.0,0.1,0.0,0.0,0.0,0.0,0.3333333333333333,0.0,0.0,0.0,0.0,0.0,0.0,0.0,0.0,0.0,0.14285714285714285,0.0,0.0,0.4084507042253521,0.0,0.25,0.0,0.0,0.0,0.0,0.0,0.0,0.0,0.0,0.25,0.5,0.0,0.0,0.0,0.0,0.2857142857142857,0.0,0.0,0.0,0.3333333333333333,0.0,0.0,0.0,0.0,0.0,0.0,0.0,0.0,0.2702702702702703,0.0
UNION-MOUNTAINSIDE BORO,0.03125,0.0,0.026785714285714284,0.013157894736842105,0.01764705882352941,0.045454545454545456,0.0160427807486631,0.0,0.0,0.047619047619047616,0.0,0.0,0.0,0.0,0.03225806451612903,0.0,0.0,0.058823529411764705,0.0,0.041666666666666664,0.06666666666666667,0.0,0.0,0.0,0.0,0.0,0.0,0.0,0.0,0.014925373134328358,0.0,0.0,0.0,0.0,0.0,0.0,0.08695652173913043,0.0,0.0,0.0,0.0,0.0,0.0,0.0,0.0,0.0,0.01818181818181818,0.0,0.2,0.05,0.012987012987012988,0.0,0.0,0.09090909090909091,0.0,0.0,0.0,0.0223463687150838,0.0,0.0,0.0,0.0,0.01829268292682927,0.043478260869565216,0.0,0.0,0.0,0.0,0.0,0.0,0.0,0.0,0.011363636363636364,0.0,0.0,0.0,0.125,0.0,0.03571428571428571,0.0,0.018404907975460124,0.0,0.0,0.0,0.058823529411764705,0.0,0.0,0.0,0.0,0.0,0.0,0.0,0.07500000000000001,0.0,0.0625,0.0,0.0,0.0,0.0,0.022099447513812154,0.0,0.0,0.0,0.0,0.0,0.0,0.0,0.0,0.0,0.0,0.0,0.0,0.0,0.0,0.0,0.0,0.0,0.0,0.0,0.1111111111111111,0.0,0.02127659574468085,0.0,0.0,0.0,0.0,0.0,0.0,0.0,0.0,0.0,0.0,0.0,0.0,0.0,0.0,0.0,0.0,0.0,0.0,0.0,0.0,0.0,0.056338028169014086,0.0,0.0,0.0,0.0,0.0,0.0,0.0,0.0,0.0,0.0,0.0,0.0,0.0,0.0,0.0,0.0,0.0,0.0,0.0,0.0,0.0,0.0,0.0,0.0,0.0,0.0,0.0,0.0,0.0,0.016216216216216217,0.0
UNION-NEW PROVIDENCE BORO,0.0546875,0.05,0.03571428571428571,0.07894736842105263,0.052941176470588235,0.045454545454545456,0.0481283422459893,0.0,0.015151515151515152,0.07936507936507936,0.0,0.0,0.0,0.0,0.12903225806451613,0.0,0.0,0.058823529411764705,0.0,0.125,0.06666666666666667,0.0,0.0,0.08333333333333333,0.0,0.0,0.0,0.08333333333333333,0.0,0.014925373134328358,0.0,0.0,0.0,0.0,0.0,0.0,0.0,0.0,0.0,0.09259259259259259,0.0,0.04950495049504951,0.0,0.0,0.0,0.05555555555555555,0.05454545454545454,0.0,0.0,0.1,0.045454545454545456,0.0,0.25,0.0,0.0,0.0,0.0,0.0558659217877095,0.0,0.0,0.0,0.0,0.04878048780487805,0.08695652173913043,0.0,0.0,0.0,0.0,0.0,0.0,0.0,0.0,0.045454545454545456,0.2,0.0,0.0,0.1875,0.029850746268656716,0.0,0.0,0.049079754601226995,0.125,0.0,0.0,0.0,0.0,0.0,0.0,0.0,0.0,0.0,0.0,0.0,0.0,0.0,0.0,0.11494252873563218,0.0,0.0,0.055248618784530384,0.0,0.0,0.0,0.0,0.0,0.0,0.0,0.0,0.0,0.0,0.0,0.0,0.014598540145985401,0.0,0.0,0.0,0.3181818181818182,0.0,0.0,0.037037037037037035,0.0,0.0,0.0,0.0,0.0,0.0,0.0,0.0,0.0,0.0,0.0,0.0,0.0,0.0,0.0,0.0,0.0,0.0,0.0,0.0,0.015873015873015872,0.0,0.0,0.08450704225352113,0.0,0.0,0.0,0.0,0.0,0.0,0.0,0.0,0.0,0.0,0.0,0.0,0.0,0.0,0.0,0.0,0.0,0.0,0.0,0.0,0.25,0.0,0.0,0.0,0.0,0.0,0.0,0.0,0.0,0.04864864864864865,0.0
UNION-PLAINFIELD CITY,0.0859375,0.2,0.1607142857142857,0.06578947368421052,0.1,0.2727272727272727,0.11764705882352941,0.0,0.07575757575757576,0.14285714285714285,0.0,0.08108108108108109,0.0,0.0,0.1935483870967742,0.0,0.0,0.058823529411764705,0.0,0.20833333333333331,0.06666666666666667,0.3333333333333333,0.13333333333333333,0.0,0.0,0.0,0.1111111111111111,0.16666666666666666,0.0,0.05970149253731343,0.125,0.0,0.0,0.1,0.0,0.0,0.0,0.0,0.0,0.05555555555555555,0.0,0.19801980198019803,0.0,0.0,0.0,0.05555555555555555,0.12727272727272726,0.0,0.2,0.0,0.14935064935064937,0.0,0.0,0.0,0.0,0.0,0.0,0.12849162011173185,0.0,0.0,0.0,0.0,0.12195121951219512,0.13043478260869565,0.0,0.0,0.0,0.0,0.0,0.0,0.0,0.0,0.09090909090909091,0.2,0.0,0.0,0.0,0.1791044776119403,0.07142857142857142,0.0,0.11656441717791412,0.125,0.0,0.0,0.11764705882352941,0.0,0.0,0.0,0.0,0.0,0.0,0.0,0.025,0.0,0.0,0.0,0.25287356321839083,0.0,0.0,0.1270718232044199,0.0,0.0,0.0,0.0,0.0,0.0,0.0,0.0,0.0,0.0,0.0,0.0,0.13138686131386862,0.0,0.0,0.125,0.18181818181818182,0.0,0.0,0.0,0.0,0.0,0.0,0.0,0.0,0.0,0.0,0.0,0.0,0.0,0.1111111111111111,0.0,0.0,0.0,0.5,0.0,0.0,0.0,0.0,0.16666666666666666,0.06349206349206349,0.0,0.0,0.1267605633802817,0.0,0.25,0.0,0.0,0.0,0.0,0.0,0.0,0.0,0.0,0.0,0.0,0.0,0.0,0.0,0.0,0.2857142857142857,0.0,0.0,0.0,0.16666666666666666,0.0,0.0,0.0,0.16666666666666666,0.0,0.0,0.0,0.0,0.11891891891891893,0.0
UNION-RAHWAY CITY,0.140625,0.08333333333333333,0.10714285714285714,0.14473684210526316,0.1,0.2727272727272727,0.11764705882352941,0.0,0.030303030303030304,0.1746031746031746,0.2222222222222222,0.02702702702702703,0.14285714285714285,0.0,0.1935483870967742,0.0,0.0,0.1764705882352941,0.0,0.08333333333333333,0.2,0.0,0.0,0.08333333333333333,0.0,0.0,0.2222222222222222,0.19444444444444442,0.0,0.05970149253731343,0.125,0.0,0.0,0.0,0.0,0.0,0.2391304347826087,0.034482758620689655,0.0,0.09259259259259259,0.0,0.0594059405940594,0.0,0.0,0.0,0.05555555555555555,0.13333333333333333,0.0,0.0,0.0,0.12987012987012989,0.0,0.25,0.18181818181818182,0.0,0.0,0.0625,0.1229050279329609,0.0,0.0,0.0,0.0,0.11585365853658537,0.17391304347826086,0.0,0.0,0.0,0.0,0.0,0.0,0.0,0.0,0.18181818181818182,0.2,0.5,0.0,0.0,0.05970149253731343,0.0,0.0,0.11656441717791412,0.0625,0.0,0.0,0.1764705882352941,0.0,0.0,0.0,0.0,0.0,0.0,0.0,0.07500000000000001,0.0,0.0,0.12280701754385964,0.14942528735632182,0.0,0.0,0.1270718232044199,0.0,0.0,0.0,0.0,0.0,0.0,1.0,0.0,0.0,0.0,0.3333333333333333,0.0,0.08029197080291971,0.0,0.0,0.0,0.2727272727272727,0.0,0.0,0.14814814814814814,0.0,0.0,0.0,0.0,0.0,0.0,0.0,0.5,0.0,0.0,0.0,0.0,0.0,0.0,0.0,0.0,0.0,0.0,0.0,0.16666666666666666,0.06349206349206349,0.0,0.0,0.14084507042253522,0.0,0.0,0.0,0.0,0.0,0.0,0.0,0.0,0.0,0.0,0.0,0.0,0.0,0.0,0.3333333333333333,0.0,0.14285714285714285,0.0,0.0,0.0,0.16666666666666666,0.0,0.0,0.0,0.0,0.0,0.5,0.0,0.0,0.11891891891891893,0.0