location,severity_rating5_4,severity_rating5_5,intersection_N,intersection_Y,alcohol_involved_N,alcohol_involved_Y,hazmat_involved_N,hazmat_involved_Y,hs_collision_type_1,hs_collision_type_2,hs_collision_type_3,hs_collision_type_4,hs_collision_type_5,hs_collision_type_6,hs_collision_type_7,hs_collision_type_8,hs_collision_type_9,crash_type_1.0,crash_type_2.0,crash_type_3.0,crash_type_4.0,crash_type_5.0,crash_type_6.0,crash_type_7.0,crash_type_8.0,crash_type_9.0,crash_type_10.0,crash_type_11.0,crash_type_12.0,crash_type_13.0,crash_type_14.0,crash_type_15.0,crash_type_16.0,crash_type_99.0,road_sys_code_0,road_sys_code_1,road_sys_code_2,road_sys_code_3,road_sys_code_4,road_sys_code_5,road_sys_code_6,road_sys_code_7,road_sys_code_8,road_sys_code_9,road_sys_code_10,road_horiz_align_code_0.0,road_horiz_align_code_1.0,road_horiz_align_code_2.0,road_horiz_align_code_3.0,road_grade_code_0.0,road_grade_code_4.0,road_grade_code_5.0,road_grade_code_6.0,road_grade_code_7.0,road_grade_code_8.0,road_surf_code_0.0,road_surf_code_1.0,road_surf_code_2.0,road_surf_code_3.0,road_surf_code_5.0,road_surf_code_99.0,surf_cond_code_0.0,surf_cond_code_1.0,surf_cond_code_2.0,surf_cond_code_3.0,surf_cond_code_4.0,surf_cond_code_5.0,surf_cond_code_6.0,surf_cond_code_7.0,surf_cond_code_9.0,surf_cond_code_99.0,light_cond_code_0.0,light_cond_code_1.0,light_cond_code_2.0,light_cond_code_3.0,light_cond_code_4.0,light_cond_code_5.0,light_cond_code_6.0,light_cond_code_7.0,environ_cond_code_0.0,environ_cond_code_1.0,environ_cond_code_2.0,environ_cond_code_3.0,environ_cond_code_4.0,environ_cond_code_5.0,environ_cond_code_6.0,environ_cond_code_7.0,environ_cond_code_8.0,environ_cond_code_9.0,environ_cond_code_10.0,environ_cond_code_99.0,road_median_code_0.0,road_median_code_1.0,road_median_code_2.0,road_median_code_3.0,road_median_code_4.0,road_median_code_5.0,road_median_code_99.0,temp_traffic_zone_0.0,temp_traffic_zone_1.0,temp_traffic_zone_2.0,temp_traffic_zone_3.0,temp_traffic_zone_4.0,temp_traffic_zone_5.0,posted_speed_0.0,posted_speed_2.0,posted_speed_3.0,posted_speed_4.0,posted_speed_5.0,posted_speed_10.0,posted_speed_15.0,posted_speed_20.0,posted_speed_25.0,posted_speed_26.0,posted_speed_28.0,posted_speed_30.0,posted_speed_35.0,posted_speed_36.0,posted_speed_40.0,posted_speed_45.0,posted_speed_47.0,posted_speed_50.0,posted_speed_55.0,posted_speed_56.0,posted_speed_60.0,posted_speed_65.0,first_harmful_event_0.0,first_harmful_event_1.0,first_harmful_event_2.0,first_harmful_event_3.0,first_harmful_event_5.0,first_harmful_event_6.0,first_harmful_event_7.0,first_harmful_event_9.0,first_harmful_event_11.0,first_harmful_event_12.0,first_harmful_event_13.0,first_harmful_event_14.0,first_harmful_event_19.0,first_harmful_event_21.0,first_harmful_event_22.0,first_harmful_event_23.0,first_harmful_event_24.0,first_harmful_event_26.0,first_harmful_event_27.0,first_harmful_event_28.0,first_harmful_event_29.0,first_harmful_event_30.0,first_harmful_event_39.0,first_harmful_event_41.0,first_harmful_event_42.0,first_harmful_event_43.0,first_harmful_event_44.0,first_harmful_event_45.0,first_harmful_event_46.0,first_harmful_event_47.0,first_harmful_event_48.0,first_harmful_event_49.0,first_harmful_event_50.0,first_harmful_event_51.0,first_harmful_event_52.0,first_harmful_event_53.0,first_harmful_event_54.0,first_harmful_event_55.0,first_harmful_event_56.0,first_harmful_event_57.0,first_harmful_event_58.0,first_harmful_event_59.0,first_harmful_event_60.0,first_harmful_event_61.0,first_harmful_event_62.0,first_harmful_event_69.0,first_harmful_event_99.0,flg_cell_in_use_N,flg_cell_in_use_Y
UNION-ROSELLE BORO,0.0625,0.11666666666666667,0.08928571428571427,0.06578947368421052,0.08235294117647059,0.045454545454545456,0.07486631016042782,0.0,0.07575757575757576,0.06349206349206349,0.1111111111111111,0.02702702702702703,0.0,0.0,0.0967741935483871,1.0,0.0,0.0,0.0,0.125,0.06666666666666667,0.0,0.0,0.0,0.0,0.0,0.1111111111111111,0.08333333333333333,0.0,0.08955223880597014,0.0,0.5,0.0,0.0,0.0,0.0,0.13043478260869565,0.0,0.0,0.05555555555555555,0.0,0.0594059405940594,0.0,0.0,0.0,0.16666666666666666,0.06666666666666667,0.0,0.2,0.05,0.09090909090909091,0.0,0.0,0.0,0.0,0.0,0.0,0.08379888268156425,0.0,0.0,0.0,0.0,0.06707317073170732,0.17391304347826086,0.0,0.0,0.0,0.0,0.0,0.0,0.0,0.0,0.05681818181818182,0.0,0.0,0.0,0.0,0.14925373134328357,0.0,0.0,0.06748466257668712,0.0625,0.0,0.0,0.11764705882352941,0.0,0.0,0.0,0.0,1.0,0.0,0.0,0.0,0.0,0.0,0.0,0.1724137931034483,0.0,0.0,0.08287292817679558,0.0,0.0,0.0,0.0,0.0,0.0,0.0,0.0,0.0,0.0,0.0,0.0,0.06569343065693431,0.0,0.0,0.625,0.045454545454545456,0.0,0.0,0.0,0.0,0.0,0.0,0.0,0.0,0.0,0.0,0.16666666666666666,0.0,0.0,0.0,0.1111111111111111,0.0,0.0,0.0,0.0,0.0,0.0,0.0,0.0,0.07936507936507936,0.0,0.0,0.07042253521126761,0.0,0.0,0.0,0.0,0.5,0.0,0.0,0.0,0.0,0.0,0.0,0.0,0.0,0.0,0.0,0.0,0.0,0.0,0.0,0.0,0.16666666666666666,0.0,0.0,0.0,0.0,0.0,0.0,0.0,0.0,0.07567567567567568,0.0
UNION-ROSELLE PARK BORO,0.03125,0.016666666666666666,0.026785714285714284,0.02631578947368421,0.029411764705882353,0.0,0.0213903743315508,0.0,0.015151515151515152,0.047619047619047616,0.0,0.02702702702702703,0.0,0.0,0.0,0.0,0.0,0.0,0.0,0.041666666666666664,0.0,0.0,0.0,0.0,0.0,0.0,0.0,0.027777777777777776,0.0,0.029850746268656716,0.125,0.0,0.0,0.0,0.0,0.0,0.043478260869565216,0.0,0.0,0.018518518518518517,0.0,0.019801980198019802,0.0,0.0,0.0,0.0,0.030303030303030304,0.0,0.0,0.0,0.03246753246753247,0.0,0.0,0.0,0.0,0.0,0.0,0.02793296089385475,0.0,0.0,0.0,0.0,0.024390243902439025,0.043478260869565216,0.0,0.0,0.0,0.0,0.0,0.0,0.0,0.0,0.03409090909090909,0.0,0.0,0.0,0.0,0.029850746268656716,0.0,0.0,0.03067484662576687,0.0,0.0,0.0,0.0,0.0,0.0,0.0,0.0,0.0,0.0,0.0,0.0,0.0,0.125,0.017543859649122806,0.022988505747126436,0.0,0.0,0.027624309392265192,0.0,0.0,0.0,0.0,0.0,0.0,0.0,0.0,0.0,0.0,0.0,0.0,0.021897810218978103,0.0,0.0,0.0,0.09090909090909091,0.0,0.0,0.0,0.0,0.0,0.0,0.0,0.0,0.0,0.0,0.0,0.0,0.0,0.1111111111111111,0.0,0.0,0.0,0.0,0.0,0.0,0.0,0.0,0.0,0.031746031746031744,0.0,0.0,0.028169014084507043,0.0,0.0,0.0,0.0,0.0,0.0,0.0,0.0,0.0,0.0,0.0,0.0,0.0,0.0,0.0,0.0,0.0,0.0,0.0,0.0,0.0,0.0,0.0,0.0,0.0,0.0,0.0,0.0,0.0,0.021621621621621623,0.0
UNION-SCOTCH PLAINS TWP,0.0859375,0.03333333333333333,0.08035714285714285,0.05263157894736842,0.07647058823529412,0.0,0.06417112299465241,0.0,0.0,0.12698412698412698,0.0,0.08108108108108109,0.0,0.0,0.06451612903225806,0.0,0.0,0.058823529411764705,0.14285714285714285,0.08333333333333333,0.13333333333333333,0.6666666666666666,0.13333333333333333,0.08333333333333333,0.0,0.0,0.0,0.027777777777777776,0.0,0.014925373134328358,0.0,0.0,0.0,0.0,0.0,0.0,0.06521739130434782,0.0,0.0,0.12962962962962962,0.0,0.0297029702970297,0.0,0.0,0.0,0.16666666666666666,0.05454545454545454,0.2,0.0,0.1,0.06493506493506494,0.0,0.0,0.09090909090909091,0.0,0.0,0.0,0.07262569832402235,0.0,0.0,0.0,0.0,0.054878048780487805,0.17391304347826086,0.0,0.0,0.0,0.0,0.0,0.0,0.0,0.0,0.10227272727272728,0.2,0.25,0.0,0.0,0.029850746268656716,0.0,0.0,0.05521472392638037,0.1875,0.0,0.0,0.058823529411764705,0.0,0.0,0.0,0.0,0.0,0.0,0.0,0.07500000000000001,0.0,0.0,0.0,0.11494252873563218,0.0,0.0,0.0718232044198895,0.0,0.0,0.0,0.0,0.0,0.0,0.0,0.0,0.0,0.0,0.0,0.0,0.014598540145985401,0.0,0.0,0.125,0.3181818181818182,0.0,0.0,0.0,0.0,0.06382978723404255,0.0,0.0,0.0,0.0,0.0,0.0,0.0,0.0,0.1111111111111111,0.0,0.0,0.0,0.0,0.0,0.0,0.0,0.0,0.0,0.015873015873015872,0.0,0.0,0.1267605633802817,0.0,0.25,0.0,0.0,0.0,0.0,0.0,0.0,0.0,0.0,0.0,0.0,0.0,0.0,0.0,0.0,0.0,0.0,0.0,0.0,0.0,0.0,0.0,0.0,0.0,0.0,0.0,0.0,0.0,0.06486486486486487,0.0
UNION-SPRINGFIELD TWP,0.1015625,0.06666666666666667,0.125,0.039473684210526314,0.09411764705882353,0.045454545454545456,0.0855614973262032,0.0,0.015151515151515152,0.06349206349206349,0.0,0.2702702702702703,0.0,0.0,0.06451612903225806,0.0,0.0,0.1764705882352941,0.2857142857142857,0.0,0.0,0.0,0.13333333333333333,0.0,0.0,0.0,0.0,0.2222222222222222,0.0,0.029850746268656716,0.0,0.0,0.0,0.0,0.0,0.36,0.13043478260869565,0.0,0.0,0.037037037037037035,0.0,0.0,0.0,0.0,0.0,0.16666666666666666,0.07878787878787878,0.0,0.2,0.2,0.07792207792207792,0.0,0.25,0.0,0.0,0.0,0.0,0.09497206703910614,0.0,0.0,0.0,0.0,0.09146341463414634,0.0,0.0,0.25,0.0,1.0,0.0,0.0,0.0,0.0,0.14772727272727273,0.0,0.0,0.0,0.125,0.029850746268656716,0.0,0.0,0.09202453987730061,0.0625,0.0,0.0,0.0,0.3333333333333333,0.0,0.0,0.0,0.0,0.0,0.0,0.25,0.05,0.0625,0.05263157894736842,0.022988505747126436,0.0,0.0,0.09392265193370165,0.0,0.0,0.0,0.0,0.0,0.0,0.0,0.0,0.0,0.0,0.0,0.0,0.0072992700729927005,0.0,0.0,0.125,0.13636363636363635,0.0,0.0,0.037037037037037035,0.0,0.0,0.041666666666666664,0.0,0.0,0.5,0.0,0.0,0.0,0.0,0.2222222222222222,0.4444444444444444,0.0,0.0,0.0,0.0,0.0,0.0,0.0,0.0,0.031746031746031744,0.0,0.0,0.07042253521126761,0.0,0.25,0.0,0.0,0.0,0.0,0.0,0.0,0.0,0.0,0.25,0.0,0.0,0.0,0.0,0.0,0.0,0.0,0.0,0.0,0.0,0.0,0.0,0.0,0.16666666666666666,0.0,0.0,0.0,0.0,0.08648648648648649,0.0
UNION-SUMMIT CITY,0.0078125,0.016666666666666666,0.017857142857142856,0.0,0.0,0.09090909090909091,0.0053475935828877,0.0,0.0,0.0,0.0,0.05405405405405406,0.0,0.0,0.0,0.0,0.0,0.0,0.0,0.0,0.0,0.0,0.0,0.0,0.0,0.0,0.0,0.027777777777777776,0.0,0.0,0.0,0.5,0.0,0.0,0.0,0.04,0.0,0.0,0.0,0.018518518518518517,0.0,0.0,0.0,0.0,0.0,0.05555555555555555,0.006060606060606061,0.0,0.0,0.05,0.006493506493506494,0.0,0.0,0.0,0.0,0.0,0.0,0.0111731843575419,0.0,0.0,0.0,0.0,0.012195121951219513,0.0,0.0,0.0,0.0,0.0,0.0,0.0,0.0,0.0,0.011363636363636364,0.0,0.0,0.0,0.0,0.014925373134328358,0.0,0.0,0.012269938650306749,0.0,0.0,0.0,0.0,0.0,0.0,0.0,0.0,0.0,0.0,0.0,0.025,0.0,0.0,0.0,0.011494252873563218,0.0,0.0,0.011049723756906077,0.0,0.0,0.0,0.0,0.0,0.0,0.0,0.0,0.0,0.0,0.0,0.0,0.0,0.0,0.0,0.0,0.045454545454545456,0.0,0.0,0.0,0.0,0.0,0.0,0.0,0.0,0.05,0.0,0.0,0.0,0.0,0.1111111111111111,0.0,0.0,0.0,0.0,0.0,0.0,0.0,0.0,0.0,0.0,0.0,0.0,0.0,0.0,0.0,0.0,0.0,0.5,0.0,0.0,0.0,0.0,0.0,0.0,0.0,0.0,0.0,0.0,0.0,0.0,0.0,0.0,0.0,0.0,0.0,0.0,0.0,0.0,0.0,0.0,0.0,0.0,0.005405405405405406,0.0
UNION-UNION TWP,0.1796875,0.25,0.2232142857142857,0.17105263157894735,0.19411764705882353,0.2272727272727273,0.1925133689839572,0.3333333333333333,0.13636363636363635,0.23809523809523808,0.0,0.10810810810810811,0.14285714285714285,0.0,0.29032258064516125,0.0,0.0,0.23529411764705882,0.42857142857142855,0.16666666666666666,0.13333333333333333,0.0,0.2,0.0,0.0,0.0,0.1111111111111111,0.25,0.0,0.16417910447761194,0.125,0.0,0.0,0.0,0.0,0.36,0.3695652173913043,0.06896551724137931,0.0,0.05555555555555555,0.0,0.06930693069306931,0.0,0.0,0.0,0.2222222222222222,0.19393939393939394,0.0,0.4,0.15000000000000002,0.2012987012987013,0.125,0.5,0.09090909090909091,0.0,0.0,0.0,0.2122905027932961,0.0,0.0,0.0,0.0,0.17682926829268295,0.34782608695652173,0.0,0.25,0.0,0.0,0.0,0.0,0.0,0.0,0.23863636363636365,0.2,0.5,0.25,0.0625,0.14925373134328357,0.03571428571428571,0.0,0.17791411042944785,0.3125,0.5,0.0,0.11764705882352941,0.3333333333333333,0.0,0.0,0.0,0.0,0.0,0.0,0.375,0.30000000000000004,0.0,0.07017543859649122,0.14942528735632182,0.0,0.0,0.20994475138121546,0.0,0.0,0.0,0.0,0.0,0.0,0.0,0.0,0.0,0.0,0.0,0.0,0.072992700729927,0.0,0.0,0.375,0.13636363636363635,0.0,0.10714285714285714,0.2962962962962963,0.0,0.0,0.125,0.0,0.0,0.4,0.0,0.0,0.0,0.0,0.0,0.1111111111111111,0.0,0.0,0.0,0.0,0.0,0.0,0.0,0.16666666666666666,0.12698412698412698,0.0,0.0,0.22535211267605634,0.0,0.5,0.0,0.0,0.0,0.0,0.0,0.0,0.0,0.0,0.25,0.0,0.125,0.0,0.3333333333333333,0.0,0.14285714285714285,1.0,0.5,0.0,0.16666666666666666,0.0,0.0,0.0,0.0,0.0,0.0,0.0,0.0,0.2,0.0
UNION-WESTFIELD TOWN,0.03125,0.05,0.03571428571428571,0.039473684210526314,0.03529411764705882,0.045454545454545456,0.0320855614973262,0.0,0.030303030303030304,0.047619047619047616,0.0,0.02702702702702703,0.0,0.0,0.03225806451612903,0.0,0.0,0.058823529411764705,0.14285714285714285,0.0,0.0,0.0,0.0,0.0,0.0,0.0,0.0,0.05555555555555555,0.0,0.04477611940298507,0.0,0.0,0.0,0.0,0.0,0.0,0.021739130434782608,0.0,0.0,0.09259259259259259,0.0,0.009900990099009901,0.0,0.0,0.0,0.0,0.04242424242424243,0.0,0.0,0.0,0.045454545454545456,0.0,0.0,0.0,0.0,0.0,0.0,0.03910614525139665,0.0,0.0,0.0,0.0,0.042682926829268296,0.0,0.0,0.0,0.0,0.0,0.0,0.0,0.0,0.0,0.05681818181818182,0.0,0.0,0.0,0.0,0.014925373134328358,0.03571428571428571,0.0,0.03680981595092025,0.0,0.0,0.0,0.058823529411764705,0.0,0.0,0.0,0.0,0.0,0.0,0.0,0.0,0.0,0.0,0.0,0.08045977011494253,0.0,0.0,0.03867403314917127,0.0,0.0,0.0,0.0,0.0,0.0,0.0,0.0,0.0,0.0,0.0,0.0,0.021897810218978103,0.0,0.0,0.0,0.18181818181818182,0.0,0.0,0.0,0.0,0.0,0.0,0.0,0.0,0.0,0.0,0.0,0.0,0.0,0.0,0.0,0.0,0.0,0.0,0.0,0.0,0.0,0.0,0.0,0.031746031746031744,0.0,0.0,0.04225352112676056,0.0,0.0,0.0,0.0,0.0,0.0,0.0,0.0,0.0,0.0,0.0,0.0,0.0,0.0,0.0,0.0,0.14285714285714285,0.0,0.0,0.0,0.08333333333333333,0.0,0.0,0.0,0.0,0.0,0.0,0.0,0.0,0.032432432432432434,0.0
WARREN-ALLAMUCHY TWP,0.0625,0.03333333333333333,0.08035714285714285,0.013157894736842105,0.058823529411764705,0.0,0.0481283422459893,0.0,0.0,0.047619047619047616,0.3333333333333333,0.10810810810810811,0.0,0.0,0.0,0.0,0.0,0.058823529411764705,0.0,0.041666666666666664,0.0,0.0,0.06666666666666667,0.0,0.0,0.0,0.3333333333333333,0.1111111111111111,0.0,0.0,0.0,0.0,0.0,0.0,0.0,0.28,0.0,0.0,0.0,0.05555555555555555,0.0,0.0,0.0,0.0,0.0,0.16666666666666666,0.030303030303030304,0.2,0.2,0.25,0.012987012987012988,0.375,0.0,0.0,0.0,0.0,0.0,0.0558659217877095,0.0,0.0,0.0,0.0,0.054878048780487805,0.043478260869565216,0.0,0.0,0.0,0.0,0.0,0.0,0.0,0.0,0.07954545454545454,0.0,0.0,0.0,0.0625,0.014925373134328358,0.03571428571428571,0.0,0.05521472392638037,0.0625,0.0,0.0,0.0,0.0,0.0,0.0,0.0,0.0,0.0,0.0,0.1,0.1,0.0625,0.017543859649122806,0.022988505747126436,0.0,0.0,0.055248618784530384,0.0,0.0,0.0,0.0,0.0,0.0,0.0,0.0,0.0,0.0,0.0,0.0,0.0,0.0,0.0,0.0,0.0,0.0,0.0,0.1111111111111111,0.0,0.0,0.0,0.0,0.0,0.35000000000000003,0.0,0.5,0.0,0.0,0.1111111111111111,0.2222222222222222,0.0,0.0,0.0,0.0,0.0,0.0,0.0,0.0,0.0,0.0,0.0,0.028169014084507043,0.0,0.125,0.0,0.0,0.0,0.0,0.0,0.0,0.0,0.0,0.0,0.0,0.0,0.0,0.0,0.0,0.0,0.0,0.0,0.0,0.0,0.0,0.0,0.0,0.16666666666666666,0.0,0.0,0.0,0.0,0.04864864864864865,0.0
WARREN-ALPHA BORO,0.0,0.03333333333333333,0.017857142857142856,0.0,0.0058823529411764705,0.045454545454545456,0.0053475935828877,0.0,0.0,0.015873015873015872,0.0,0.02702702702702703,0.0,0.0,0.0,0.0,0.0,0.0,0.0,0.041666666666666664,0.06666666666666667,0.0,0.0,0.0,0.0,0.0,0.0,0.0,0.0,0.0,0.0,0.0,0.0,0.0,0.0,0.0,0.0,0.06896551724137931,0.0,0.0,0.0,0.0,0.0,0.0,0.0,0.0,0.012121212121212121,0.0,0.0,0.0,0.012987012987012988,0.0,0.0,0.0,0.0,0.0,0.0,0.0111731843575419,0.0,0.0,0.0,0.0,0.012195121951219513,0.0,0.0,0.0,0.0,0.0,0.0,0.0,0.0,0.0,0.011363636363636364,0.0,0.0,0.0,0.0625,0.0,0.0,0.0,0.012269938650306749,0.0,0.0,0.0,0.0,0.0,0.0,0.0,0.0,0.0,0.0,0.0,0.05,0.0,0.0,0.0,0.0,0.0,0.0,0.011049723756906077,0.0,0.0,0.0,0.0,0.0,0.0,0.0,0.0,0.0,0.0,0.0,0.0,0.0,0.0,0.0,0.0,0.0,0.0,0.0,0.0,0.0,0.0,0.0,0.0,0.0,0.1,0.0,0.0,0.0,0.0,0.0,0.0,0.0,0.0,0.0,0.0,0.0,0.0,0.0,0.0,0.0,0.0,0.0,0.028169014084507043,0.0,0.0,0.0,0.0,0.0,0.0,0.0,0.0,0.0,0.0,0.0,0.0,0.0,0.0,0.0,0.0,0.0,0.0,0.0,0.0,0.0,0.0,0.0,0.0,0.0,0.0,0.0,0.0,0.0,0.005405405405405406,0.0
WARREN-BLAIRSTOWN TWP,0.015625,0.06666666666666667,0.04464285714285714,0.013157894736842105,0.023529411764705882,0.09090909090909091,0.0267379679144385,0.0,0.0,0.015873015873015872,0.0,0.13513513513513514,0.0,0.0,0.0,0.0,0.0,0.0,0.0,0.041666666666666664,0.0,0.0,0.0,0.0,0.0,0.0,0.0,0.1111111111111111,0.0,0.014925373134328358,0.0,0.0,0.0,0.0,0.0,0.08,0.043478260869565216,0.0,0.0,0.0,0.0,0.019801980198019802,0.0,0.0,0.0,0.0,0.024242424242424242,0.4,0.0,0.0,0.025974025974025976,0.25,0.0,0.0,0.0,0.0,0.0,0.0335195530726257,0.0,0.0,0.0,0.0,0.03048780487804878,0.0,0.0,0.0,1.0,0.0,0.0,0.0,0.0,0.0,0.03409090909090909,0.2,0.25,0.0,0.0625,0.0,0.0,0.0,0.03067484662576687,0.0625,0.0,0.0,0.0,0.0,0.0,0.0,0.0,0.0,0.0,0.0,0.0,0.0,0.125,0.0,0.04597701149425287,0.0,0.0,0.027624309392265192,0.3333333333333333,0.0,0.0,0.0,0.0,0.0,0.0,0.0,0.0,0.0,0.0,0.0,0.0072992700729927005,0.0,0.0,0.0,0.045454545454545456,0.0,0.0,0.0,0.0,0.06382978723404255,0.0,0.0,0.0,0.05,0.0,0.0,0.0,0.0,0.0,0.2222222222222222,0.0,0.0,0.0,0.0,0.0,0.0,0.0,0.0,0.0,0.0,0.0,0.028169014084507043,0.0,0.0,0.0,0.0,0.0,0.0,0.0,0.0,0.0,0.0,0.0,0.0,0.0,0.0,0.0,0.0,0.14285714285714285,0.0,0.0,0.0,0.0,0.0,0.0,0.0,0.16666666666666666,0.0,0.0,0.0,0.0,0.02702702702702703,0.0
WARREN-FRANKLIN TWP,0.0234375,0.016666666666666666,0.03571428571428571,0.0,0.023529411764705882,0.0,0.0160427807486631,0.0,0.0,0.0,0.0,0.08108108108108109,0.0,0.0,0.03225806451612903,0.0,0.0,0.058823529411764705,0.0,0.0,0.0,0.0,0.0,0.0,0.0,0.0,0.0,0.08333333333333333,0.0,0.0,0.0,0.0,0.0,0.0,0.0,0.0,0.021739130434782608,0.0,0.0,0.037037037037037035,0.0,0.009900990099009901,0.0,0.0,0.0,0.05555555555555555,0.012121212121212121,0.0,0.2,0.1,0.012987012987012988,0.0,0.0,0.0,0.0,0.0,0.0,0.0223463687150838,0.0,0.0,0.0,0.0,0.024390243902439025,0.0,0.0,0.0,0.0,0.0,0.0,0.0,0.0,0.0,0.022727272727272728,0.0,0.0,0.0,0.125,0.0,0.0,0.0,0.024539877300613498,0.0,0.0,0.0,0.0,0.0,0.0,0.0,0.0,0.0,0.0,0.0,0.0,0.0,0.0,0.017543859649122806,0.034482758620689655,0.0,0.0,0.022099447513812154,0.0,0.0,0.0,0.0,0.0,0.0,0.0,0.0,0.0,0.0,0.0,0.0,0.0,0.0,0.0,0.0,0.0,0.0,0.03571428571428571,0.1111111111111111,0.0,0.0,0.0,0.0,0.0,0.0,0.0,0.0,0.0,0.0,0.1111111111111111,0.0,0.0,0.0,0.0,0.0,0.0,0.0,0.0,0.0,0.0,0.0,0.0,0.014084507042253521,0.0,0.0,0.0,0.0,0.0,0.0,0.0,0.0,0.0,0.0,0.0,0.0,0.0,0.0,0.0,0.0,0.14285714285714285,0.0,0.5,0.0,0.0,0.0,0.0,0.0,0.0,0.0,0.0,0.0,0.0,0.016216216216216217,0.0
WARREN-FRELINGHUYSEN TWP,0.0078125,0.016666666666666666,0.017857142857142856,0.0,0.011764705882352941,0.0,0.0053475935828877,0.0,0.0,0.0,0.0,0.05405405405405406,0.0,0.0,0.0,0.0,0.0,0.0,0.0,0.0,0.0,0.0,0.0,0.0,0.0,0.0,0.1111111111111111,0.0,0.0,0.0,0.0,0.0,0.0,0.1,0.0,0.04,0.021739130434782608,0.0,0.0,0.0,0.0,0.0,0.0,0.0,0.0,0.05555555555555555,0.006060606060606061,0.0,0.0,0.0,0.012987012987012988,0.0,0.0,0.0,0.0,0.0,0.0,0.0111731843575419,0.0,0.0,0.0,0.0,0.006097560975609756,0.043478260869565216,0.0,0.0,0.0,0.0,0.0,0.0,0.0,0.0,0.0,0.0,0.0,0.0,0.125,0.0,0.0,0.0,0.006134969325153374,0.0,0.0,0.0,0.058823529411764705,0.0,0.0,0.0,0.0,0.0,0.0,0.0,0.025,0.0,0.0,0.0,0.011494252873563218,0.0,0.0,0.011049723756906077,0.0,0.0,0.0,0.0,0.0,0.0,0.0,0.0,0.0,0.0,0.0,0.0,0.0,0.0,0.0,0.0,0.0,0.0,0.0,0.037037037037037035,0.0,0.0,0.0,0.0,0.0,0.05,0.0,0.0,0.0,0.0,0.0,0.1111111111111111,0.1111111111111111,0.0,0.0,0.0,0.0,0.0,0.0,0.0,0.0,0.0,0.0,0.0,0.0,0.0,0.0,0.0,0.0,0.0,0.0,0.0,0.0,0.0,0.0,0.0,0.0,0.0,0.0,0.0,0.0,0.0,0.0,0.0,0.0,0.0,0.0,0.0,0.0,0.0,0.0,0.0,0.0,0.005405405405405406,0.0
WARREN-GREENWICH TWP,0.0703125,0.05,0.0625,0.06578947368421052,0.06470588235294117,0.045454545454545456,0.0588235294117647,0.0,0.0,0.09523809523809523,0.0,0.16216216216216217,0.0,0.0,0.0,0.0,0.0,0.0,0.2857142857142857,0.16666666666666666,0.06666666666666667,0.3333333333333333,0.06666666666666667,0.0,0.0,0.0,0.0,0.08333333333333333,0.0,0.0,0.0,0.0,0.0,0.0,0.0,0.16,0.10869565217391304,0.0,0.0,0.037037037037037035,0.0,0.009900990099009901,0.0,0.0,0.0,0.0,0.07272727272727272,0.0,0.0,0.15000000000000002,0.03246753246753247,0.25,0.25,0.09090909090909091,0.0,0.0,0.0625,0.06145251396648045,0.0,0.0,0.0,0.0,0.054878048780487805,0.13043478260869565,0.0,0.0,0.0,0.0,0.0,0.0,0.0,0.0,0.09090909090909091,0.0,0.0,0.0,0.0,0.04477611940298507,0.03571428571428571,0.0,0.05521472392638037,0.125,0.0,0.0,0.058823529411764705,0.0,0.0,0.0,0.0,0.0,0.0,0.0,0.05,0.0,0.125,0.0,0.09195402298850575,0.0,0.0,0.06629834254143646,0.0,0.0,0.0,0.0,0.0,0.0,0.0,0.0,0.0,0.0,0.0,0.0,0.0072992700729927005,0.0,0.0,0.0,0.0,0.0,0.14285714285714285,0.0,0.0,0.06382978723404255,0.0,0.0,0.0,0.2,0.0,0.0,0.0,0.0,0.1111111111111111,0.0,0.0,0.0,0.0,0.0,0.0,0.0,0.0,0.0,0.0,0.0,0.0,0.11267605633802817,0.0,0.125,0.0,0.0,0.0,0.0,0.0,0.0,0.0,0.0,0.25,0.0,0.0,0.0,0.0,0.0,0.0,0.0,0.0,0.0,0.0,0.0,0.0,0.0,0.16666666666666666,0.0,0.0,0.0,0.0,0.05945945945945946,0.0